ticker,name,sector,market_cap,avg_daily_dollar_volume,previous_close,last_premarket,selection_price,selection_price_source,selection_bar_timestamp,snapshot_mode,premarket_volume,premarket_dollar_volume,premarket_volume_intensity_pct,gap_pct,broad_qualifier,nasdaq_premarket_ok,strict_activity_pass,activity_score,positive_gap
SYNA,Synaptics Incorporated - Common Stock,Technology,3570467840.0,92315703.78162917,106.15,120.68000030517578,120.68000030517578,fresh Yahoo intraday bar,2026-10-02 14:12:00-04:00,CURRENT_LIVE_MANUAL,1444285.0,174296314.2407608,188.8046205584426,13.688177395361079,True,True,True,10.092496896892055,True
QMCO,Quantum Corporation - Common Stock,Technology,956874816.0,50145922.29656239,31.885,33.630001068115234,33.630001068115234,fresh Yahoo intraday bar,2026-10-02 14:12:00-04:00,CURRENT_LIVE_MANUAL,244524.0,8223342.38117981,16.398825676287416,5.47279619920098,True,True,True,6.567297562069595,True
QRVO,"Qorvo, Inc. - Common Stock",Technology,9196286976.0,216563830.23482284,112.21,114.26000213623047,114.26000213623047,fresh Yahoo intraday bar,2026-10-02 14:12:00-04:00,CURRENT_LIVE_MANUAL,305835.0,34944707.753334045,16.13598527299922,1.8269335497999029,True,True,True,5.701065562963681,True
ECHO,EchoStar Corporation - Common stock,Communication Services,26608949248.0,299381644.963707,88.25,93.37999725341797,93.37999725341797,fresh Yahoo intraday bar,2026-10-02 14:12:00-04:00,CURRENT_LIVE_MANUAL,494354.0,46162775.16221619,15.419373879054058,5.813028049198832,True,True,True,7.178736210494126,True
WOLF,"Wolfspeed, Inc. Common Stock New",Technology,1316973056.0,70198011.30595799,31.17,35.14500045776367,35.14500045776367,fresh Yahoo intraday bar,2026-10-02 14:12:00-04:00,CURRENT_LIVE_MANUAL,202670.0,7122837.242774963,10.14677924667991,12.752648244349274,True,True,True,9.116385706652107,True
LITE,Lumentum Holdings Inc. - Common Stock,Technology,87330578432.0,4576502683.691534,1044.5385,1086.0400390625,1086.0400390625,fresh Yahoo intraday bar,2026-10-02 14:12:00-04:00,CURRENT_LIVE_MANUAL,385547.0,418719478.9404297,9.149333189130328,3.9731938135836975,True,True,True,7.202590003213242,True
ON,ON Semiconductor Corporation - Common Stock,Technology,26827948032.0,879448259.4627949,80.07,83.375,83.375,fresh Yahoo intraday bar,2026-10-02 14:12:00-04:00,CURRENT_LIVE_MANUAL,957026.0,79792042.75,9.072966134328407,4.127638316473092,True,True,True,6.789397282109206,True
AAOI,"Applied Optoelectronics, Inc. - Common Stock",Technology,9067992064.0,767555354.9406201,106.85,115.05999755859375,115.05999755859375,fresh Yahoo intraday bar,2026-10-02 14:12:00-04:00,CURRENT_LIVE_MANUAL,503781.0,57965040.63006592,7.5519036193227045,7.683666409540257,True,True,True,7.959729949605101,True
AVGO,Broadcom Inc. - Common Stock,Technology,1708518408192.0,8698113271.06004,343.97,354.20001220703125,354.20001220703125,fresh Yahoo intraday bar,2026-10-02 14:12:00-04:00,CURRENT_LIVE_MANUAL,1617111.0,572780735.9401245,6.585114703505347,2.974100127055035,True,True,True,6.9699148376685685,True
BULL,Webull Corporation - Class A Ordinary Shares,Technology,4953297408.0,102206997.52416253,7.03,7.439700126647949,7.439700126647949,fresh Yahoo intraday bar,2026-10-02 14:12:00-04:00,CURRENT_LIVE_MANUAL,837295.0,6229223.717541695,6.094713540595944,5.827882313626587,True,True,True,6.6991502036812385,True
AXTI,AXT Inc - Common Stock,Technology,4412093952.0,630374820.6686767,81.4892,85.99500274658203,85.99500274658203,fresh Yahoo intraday bar,2026-10-02 14:12:00-04:00,CURRENT_LIVE_MANUAL,437331.0,37608280.54616547,5.966018837216894,5.529325047468903,True,True,True,7.104061103190405,True
APLD,Applied Digital Corporation - Common Stock,Technology,7474347520.0,417270591.08294487,24.1867,25.204999923706055,25.204999923706055,fresh Yahoo intraday bar,2026-10-02 14:12:00-04:00,CURRENT_LIVE_MANUAL,978362.0,24659614.135356903,5.9097417029457215,4.210164775294101,True,True,True,6.524035051245473,True
HOOD,"Robinhood Markets, Inc. - Class A Common Stock",Financial Services,102457352192.0,2560573402.1682854,111.39,114.20999908447266,114.20999908447266,fresh Yahoo intraday bar,2026-10-02 14:12:00-04:00,CURRENT_LIVE_MANUAL,1258598.0,143744476.42771912,5.613761210906774,2.531644747708639,True,True,True,6.438659132094277,True
NVTS,Navitas Semiconductor Corporation - Common Stock,Technology,2917667584.0,162980323.9219467,12.12,12.460000038146973,12.460000038146973,fresh Yahoo intraday bar,2026-10-02 14:12:00-04:00,CURRENT_LIVE_MANUAL,720338.0,8975411.507478714,5.50705219593081,2.805280842796809,True,True,True,5.753149796523276,True
STM,STMicroelectronics N.V. Common Stock,Technology,44727738368.0,449947437.7402725,53.5,56.95000076293945,56.95000076293945,fresh Yahoo intraday bar,2026-10-02 14:12:00-04:00,CURRENT_LIVE_MANUAL,431926.0,24598186.029533386,5.46690212373927,6.448599556896184,True,True,True,7.313548588258675,True
ASML,ASML Holding N.V. - New York Registry Shares,Technology,650304356352.0,2300175754.9009886,1812.0,1862.8499755859375,1862.8499755859375,fresh Yahoo intraday bar,2026-10-02 14:12:00-04:00,CURRENT_LIVE_MANUAL,65108.0,121286436.21044922,5.272920382367477,2.8062900433740268,True,True,True,6.492269225334622,True
COHR,Coherent Corp. Common Stock,Technology,59712188416.0,2028640823.823166,318.421,334.0799865722656,334.0799865722656,fresh Yahoo intraday bar,2026-10-02 14:12:00-04:00,CURRENT_LIVE_MANUAL,318817.0,106510379.07901001,5.250332036515025,4.917699075207227,True,True,True,7.194962077164633,True
LFUS,"Littelfuse, Inc. - Common Stock",Technology,10650784768.0,77213384.18502502,435.55,458.25,458.25,fresh Yahoo intraday bar,2026-10-02 14:12:00-04:00,CURRENT_LIVE_MANUAL,8571.0,3927660.75,5.086761565311291,5.2118011709332945,True,True,True,6.369029213270599,True
NBIS,Nebius Group N.V. - Class A Ordinary Shares,Communication Services,58325491712.0,3559879406.6092286,235.76,243.10000610351562,243.10000610351562,fresh Yahoo intraday bar,2026-10-02 14:12:00-04:00,CURRENT_LIVE_MANUAL,732299.0,178021891.3695984,5.000784325420831,3.1133381843890584,True,True,True,6.71266845664775,True
AEHR,Aehr Test Systems - Common Stock,Technology,3166304000.0,241828153.93543243,101.6,106.69999694824219,106.69999694824219,fresh Yahoo intraday bar,2026-10-02 14:12:00-04:00,CURRENT_LIVE_MANUAL,112481.0,12001722.35673523,4.962913606800167,5.019682035671447,True,True,True,6.619249693684306,True
TSLA,"Tesla, Inc.  - Common Stock",Consumer Cyclical,1447884357632.0,13591974161.651718,354.47,371.57000732421875,371.57000732421875,fresh Yahoo intraday bar,2026-10-02 14:12:00-04:00,CURRENT_LIVE_MANUAL,1808762.0,672081709.5877686,4.944695315004162,4.8241056575221375,True,True,True,7.687433422577844,True
AMD,"Advanced Micro Devices, Inc. - Common Stock",Technology,830676729856.0,12694409255.966166,616.64,630.9500122070312,630.9500122070312,fresh Yahoo intraday bar,2026-10-02 14:12:00-04:00,CURRENT_LIVE_MANUAL,974323.0,614749108.7435913,4.842675987105657,2.3206428721833205,True,True,True,6.787861562854211,True
RKLB,Rocket Lab Corporation - Common Stock,Industrials,40864755712.0,1429159809.7563796,70.62,74.01000213623047,74.01000213623047,fresh Yahoo intraday bar,2026-10-02 14:12:00-04:00,CURRENT_LIVE_MANUAL,894032.0,66167310.2298584,4.62980485304422,4.80034287203408,True,True,True,7.030425730357776,True
LUNR,"Intuitive Machines, Inc. - Class A Common Stock",Industrials,2413202688.0,113156377.28535739,14.05,14.710100173950195,14.710100173950195,fresh Yahoo intraday bar,2026-10-02 14:12:00-04:00,CURRENT_LIVE_MANUAL,343266.0,5049477.246311188,4.462388570091311,4.698221878649078,True,True,True,6.271574353326498,True
PENG,"Penguin Solutions, Inc. - Common Stock",Technology,2511660800.0,74050672.14371014,54.98,60.96500015258789,60.96500015258789,fresh Yahoo intraday bar,2026-10-02 14:12:00-04:00,CURRENT_LIVE_MANUAL,49559.0,3021364.4425621033,4.080131017175025,10.885776923586565,True,True,True,8.30001912545796,True
MXL,"MaxLinear, Inc - Common Stock",Technology,6021121024.0,244646555.52500534,92.12,104.48999786376953,104.48999786376953,fresh Yahoo intraday bar,2026-10-02 14:12:00-04:00,CURRENT_LIVE_MANUAL,94729.0,9898233.007637024,4.045931889944523,13.428134893366828,True,True,True,9.525555986648877,True
CCXI,Churchill Capital Corp XI - Class A Ordinary Shares,Financial Services,724099968.0,27410251.864708327,11.62,11.984999656677246,11.984999656677246,fresh Yahoo intraday bar,2026-10-02 14:12:00-04:00,CURRENT_LIVE_MANUAL,89031.0,1067036.504433632,3.8928372847514012,3.141133017876485,True,True,True,5.299659836295046,True
OUST,"Ouster, Inc. - Common Stock",Technology,2564314880.0,83910453.56046543,40.87,43.220001220703125,43.220001220703125,fresh Yahoo intraday bar,2026-10-02 14:12:00-04:00,CURRENT_LIVE_MANUAL,71572.0,3093341.927368164,3.6864798080719687,5.749941817233006,True,True,True,6.517935417381825,True
BTDR,Bitdeer Technologies Group - Ordinary Shares,Technology,3147238400.0,115329173.01389237,10.64,11.045000076293945,11.045000076293945,fresh Yahoo intraday bar,2026-10-02 14:12:00-04:00,CURRENT_LIVE_MANUAL,380141.0,4198657.374002457,3.6405856942169286,3.8063916944919507,True,True,True,5.925024624864857,True
ORCL,Oracle Corporation Common Stock,Technology,453069275136.0,5204046366.606936,138.1,141.7100067138672,141.7100067138672,fresh Yahoo intraday bar,2026-10-02 14:12:00-04:00,CURRENT_LIVE_MANUAL,1255552.0,177924282.34960938,3.418960359217876,2.6140526530537223,True,True,True,6.570792510295766,True
VSH,"Vishay Intertechnology, Inc. Common Stock",Technology,4721777664.0,104585714.02380829,34.27,38.659400939941406,38.659400939941406,fresh Yahoo intraday bar,2026-10-02 14:12:00-04:00,CURRENT_LIVE_MANUAL,91588.0,3540737.2132873535,3.3854883970877006,12.808289874354827,True,True,True,9.033888092127997,True
CLS,"Celestica, Inc. Common Stock",Technology,41690460160.0,778239042.9172729,370.16,384.2398986816406,384.2398986816406,fresh Yahoo intraday bar,2026-10-02 14:12:00-04:00,CURRENT_LIVE_MANUAL,68208.0,26208235.009277344,3.367633023271911,3.803733164480394,True,True,True,6.447826209020403,True
BE,Bloom Energy Corporation Class A Common Stock,Industrials,77858308096.0,4797212641.522453,278.3,290.489990234375,290.489990234375,fresh Yahoo intraday bar,2026-10-02 14:12:00-04:00,CURRENT_LIVE_MANUAL,540618.0,157044117.54052734,3.273653458285883,4.380161780228176,True,True,True,7.1574641700505115,True
VECO,Veeco Instruments Inc. - Common Stock,Technology,2656694016.0,31570773.315439988,53.19,58.28499984741211,58.28499984741211,fresh Yahoo intraday bar,2026-10-02 14:12:00-04:00,CURRENT_LIVE_MANUAL,17683.0,1030653.6523017883,3.2645815862791596,9.578867921436562,True,True,True,7.558361552455713,True
LQDA,Liquidia Corporation - Common Stock,Healthcare,6019472896.0,144429804.7417779,27.545,28.760000228881836,28.760000228881836,fresh Yahoo intraday bar,2026-10-02 14:12:00-04:00,CURRENT_LIVE_MANUAL,155276.0,4465737.795539856,3.0919780051797665,4.41096470822957,True,True,True,6.16822096170925,True
TRMD,TORM plc - Class A Common Stock,Energy,3465894144.0,73665067.06524277,38.8,39.7400016784668,39.7400016784668,fresh Yahoo intraday bar,2026-10-02 14:12:00-04:00,CURRENT_LIVE_MANUAL,56236.0,2234818.734390259,3.033756464798915,2.422684738316505,True,True,True,5.2785510126442645,True
AMAT,"Applied Materials, Inc. - Common Stock",Technology,361856630784.0,2894276415.6959777,529.29,539.1599731445312,539.1599731445312,fresh Yahoo intraday bar,2026-10-02 14:12:00-04:00,CURRENT_LIVE_MANUAL,162788.0,87768773.70825195,3.0324945202977953,1.8647571547792952,True,True,True,6.119476019045793,True
CRDO,Credo Technology Group Holding Ltd - Ordinary Shares,Technology,30377730048.0,1572341036.1676636,210.0,218.8361053466797,218.8361053466797,fresh Yahoo intraday bar,2026-10-02 14:12:00-04:00,CURRENT_LIVE_MANUAL,199813.0,43726298.71763611,2.780967850601429,4.207669212704612,True,True,True,6.75032779707893,True
GLW,Corning Incorporated Common Stock,Technology,141625327616.0,1277320981.9919503,160.49000549316406,163.89999389648438,163.89999389648438,fresh Yahoo intraday bar,2026-10-02 14:12:00-04:00,CURRENT_LIVE_MANUAL,208916.0,34241331.12487793,2.68071468390658,2.1247356761200598,True,True,True,5.955465283631758,True
QCOM,QUALCOMM Incorporated - Common Stock,Technology,184021483520.0,2733758167.029416,182.29,185.4499969482422,185.4499969482422,fresh Yahoo intraday bar,2026-10-02 14:12:00-04:00,CURRENT_LIVE_MANUAL,385883.0,71562001.17237854,2.6177151306013275,1.7334998893204112,True,True,True,6.0286840944988676,True
FPS,"Forgent Power Solutions, Inc. Class A Common Stock",Industrials,9015661568.0,393204748.6198362,37.33,40.25,40.25,fresh Yahoo intraday bar,2026-10-02 14:12:00-04:00,CURRENT_LIVE_MANUAL,253230.0,10192507.5,2.592162870813766,7.822126975622834,True,True,True,7.610394660138028,True
NCLH,Norwegian Cruise Line Holdings Ltd. Ordinary Shares,Consumer Cyclical,6704142848.0,290464730.78999853,14.64,14.984999656677246,14.984999656677246,fresh Yahoo intraday bar,2026-10-02 14:12:00-04:00,CURRENT_LIVE_MANUAL,494598.0,7411550.860193253,2.5516181741017254,2.356555031948404,True,True,True,5.608872034410526,True
WULF,TeraWulf Inc. - Common Stock,Financial Services,8155642368.0,440229960.79454935,15.03,15.359999656677246,15.359999656677246,fresh Yahoo intraday bar,2026-10-02 14:12:00-04:00,CURRENT_LIVE_MANUAL,731138.0,11230279.428983688,2.551002982331032,2.195606498185265,True,True,True,5.669873946658839,True
TSM,Taiwan Semiconductor Manufacturing Company Ltd.,Technology,2207466913792.0,4387400252.559204,458.68,471.0899963378906,471.0899963378906,fresh Yahoo intraday bar,2026-10-02 14:12:00-04:00,CURRENT_LIVE_MANUAL,234719.0,110573772.85043335,2.520257247693206,2.705589155378618,True,True,True,6.495041113282246,True
LRCX,Lam Research Corporation - Common Stock,Technology,375590256640.0,2840594939.706929,339.17,349.6600036621094,349.6600036621094,fresh Yahoo intraday bar,2026-10-02 14:12:00-04:00,CURRENT_LIVE_MANUAL,200467.0,70095291.95413208,2.467627150014003,3.092845376097353,True,True,True,6.503737725478654,True
SMTC,Semtech Corporation - Common Stock,Technology,14469670912.0,587024967.4973023,185.0,197.77999877929688,197.77999877929688,fresh Yahoo intraday bar,2026-10-02 14:12:00-04:00,CURRENT_LIVE_MANUAL,73225.0,14482440.410614014,2.467091045949518,6.9081074482685745,True,True,True,7.393947709129938,True
AZTA,"Azenta, Inc. - Common Stock",Healthcare,1301985408.0,31789056.601167105,34.48,38.209999084472656,38.209999084472656,fresh Yahoo intraday bar,2026-10-02 14:12:00-04:00,CURRENT_LIVE_MANUAL,20353.0,777688.111366272,2.44640198393846,10.817862773992637,True,True,True,7.9375699557675325,True
WYFI,"WhiteFiber, Inc. - Ordinary Shares",Technology,720360640.0,23946215.781271555,17.48,17.93000030517578,17.93000030517578,fresh Yahoo intraday bar,2026-10-02 14:12:00-04:00,CURRENT_LIVE_MANUAL,32464.0,582079.5299072266,2.430778771994837,2.5743724552390157,True,True,True,4.971119784652693,True
KLAC,KLA Corporation  - Common Stock,Technology,228763271168.0,1718140041.6790986,200.2,206.86500549316406,206.86500549316406,fresh Yahoo intraday bar,2026-10-02 14:12:00-04:00,CURRENT_LIVE_MANUAL,192287.0,39777451.31126404,2.3151460501665775,3.3291735730090366,True,True,True,6.432059091181673,True
GATX,GATX Corporation Common Stock,Industrials,6190388224.0,46467161.64906845,168.88,172.5500030517578,172.5500030517578,fresh Yahoo intraday bar,2026-10-02 14:12:00-04:00,CURRENT_LIVE_MANUAL,6118.0,1055660.9186706543,2.2718429127289244,2.1731424986723313,True,True,True,5.004615103376947,True
CCL,Carnival Corporation Ltd. Common Shares,Consumer Cyclical,30865043456.0,607912411.189792,25.07,25.670000076293945,25.670000076293945,fresh Yahoo intraday bar,2026-10-02 14:12:00-04:00,CURRENT_LIVE_MANUAL,527825.0,13549267.790269852,2.228819076707373,2.393299067785981,True,True,True,5.80378499759002,True
SMCI,"Super Micro Computer, Inc. - Common Stock",Technology,25153009664.0,1529085714.527843,41.81,43.380001068115234,43.380001068115234,fresh Yahoo intraday bar,2026-10-02 14:12:00-04:00,CURRENT_LIVE_MANUAL,771010.0,33446414.623527527,2.1873472694011293,3.7550850708328865,True,True,True,6.537123447144732,True
RDW,Redwire Corporation Common Stock,Industrials,2783667712.0,146034102.83815408,10.57,10.890000343322754,10.890000343322754,fresh Yahoo intraday bar,2026-10-02 14:12:00-04:00,CURRENT_LIVE_MANUAL,287624.0,3132225.458747864,2.1448589047855693,3.027439388105524,True,True,True,5.615628500054647,True
FCEL,"FuelCell Energy, Inc. - Common Stock",Industrials,1295257984.0,96227748.24110928,16.57,17.93939971923828,17.93939971923828,fresh Yahoo intraday bar,2026-10-02 14:12:00-04:00,CURRENT_LIVE_MANUAL,113480.0,2035763.0801391602,2.115567616773418,8.264331437768746,True,True,True,7.328103323128627,True
DKS,Dick's Sporting Goods Inc Common Stock,Consumer Cyclical,11508429824.0,391324952.96640015,132.85,136.67999267578125,136.67999267578125,fresh Yahoo intraday bar,2026-10-02 14:12:00-04:00,CURRENT_LIVE_MANUAL,60194.0,8227315.479125977,2.102425469359831,2.8829451831247743,True,True,True,5.8394044902927495,True
HUT,Hut 8 Corp. - Common Stock,Financial Services,11050212352.0,425127890.30731356,86.36,89.13500213623047,89.13500213623047,fresh Yahoo intraday bar,2026-10-02 14:12:00-04:00,CURRENT_LIVE_MANUAL,99296.0,8850749.17211914,2.0819027341916265,3.21329566492643,True,True,True,5.976498417149639,True
MP,MP Materials Corp. Common Stock,Basic Materials,9359238144.0,262855403.7531763,46.09,47.099998474121094,47.099998474121094,fresh Yahoo intraday bar,2026-10-02 14:12:00-04:00,CURRENT_LIVE_MANUAL,112262.0,5287540.028701782,2.0115774502649493,2.1913614105469437,True,True,True,5.47638402629349,True
IBRX,"ImmunityBio, Inc. - Common Stock",Healthcare,8282620416.0,109574317.7731041,9.28,10.225000381469727,10.225000381469727,fresh Yahoo intraday bar,2026-10-02 14:12:00-04:00,CURRENT_LIVE_MANUAL,213948.0,2187618.381614685,1.9964699996075665,10.183193765837583,True,True,True,8.025046776871221,True
PL,Planet Labs PBC Class A Common Stock,Industrials,6323677696.0,207164664.51758766,16.2658,17.4950008392334,17.4950008392334,fresh Yahoo intraday bar,2026-10-02 14:12:00-04:00,CURRENT_LIVE_MANUAL,234085.0,4095317.27145195,1.976841601336057,7.5569651614639355,True,True,True,7.283730341549313,True
CVSA,Covista Inc. Common Shares,Consumer Defensive,4267787264.0,43524541.43329773,123.32,125.54000091552734,125.54000091552734,fresh Yahoo intraday bar,2026-10-02 14:12:00-04:00,CURRENT_LIVE_MANUAL,6667.0,836975.1861038208,1.9229959892547122,1.8001953580338625,True,True,True,4.823035878318262,True
AMKR,"Amkor Technology, Inc. - Common Stock",Technology,12255436800.0,193339508.86540452,52.9,56.15999984741211,56.15999984741211,fresh Yahoo intraday bar,2026-10-02 14:12:00-04:00,CURRENT_LIVE_MANUAL,65673.0,3688195.6699790955,1.9076264813244532,6.162570600022899,True,True,True,6.76923011134979,True
DELL,Dell Technologies Inc. Class C Common Stock ,Technology,329319219200.0,4657662878.238864,541.51,565.0,565.0,fresh Yahoo intraday bar,2026-10-02 14:12:00-04:00,CURRENT_LIVE_MANUAL,142692.0,80620980.0,1.7309320598678468,4.337870030101021,True,True,True,7.009789753593774,True
HPE,Hewlett Packard Enterprise Company Common Stock,Technology,74975215616.0,1387309423.1884186,64.4,69.68000030517578,69.68000030517578,fresh Yahoo intraday bar,2026-10-02 14:12:00-04:00,CURRENT_LIVE_MANUAL,341911.0,23824358.584342957,1.7173067656087873,8.19875823785059,True,True,True,8.017659598179808,True
CIEN,Ciena Corporation Common Stock,Technology,48203554816.0,895295533.1721694,379.14,386.70880126953125,386.70880126953125,fresh Yahoo intraday bar,2026-10-02 14:12:00-04:00,CURRENT_LIVE_MANUAL,38978.0,15073135.655883789,1.683593304936679,1.9963077674556295,True,True,True,5.719292625637742,True
QGEN,Qiagen N.V. Common Shares,Healthcare,8714089472.0,88781061.94222966,42.04,44.93000030517578,44.93000030517578,fresh Yahoo intraday bar,2026-10-02 14:12:00-04:00,CURRENT_LIVE_MANUAL,32331.0,1452631.8398666382,1.6361956120910945,6.874406054176463,True,True,True,6.768676187660197,True
TER,"Teradyne, Inc. - Common Stock",Technology,57410670592.0,935029228.4845688,415.79,448.2749938964844,448.2749938964844,fresh Yahoo intraday bar,2026-10-02 14:12:00-04:00,CURRENT_LIVE_MANUAL,33499.0,15016764.02053833,1.6060208133682055,7.812836743664908,True,True,True,7.758117257923141,True
PDI,PIMCO Dynamic Income Fund Common Stock,Financial Services,7159077888.0,66113549.97627912,14.15,14.505000114440918,14.505000114440918,fresh Yahoo intraday bar,2026-10-02 14:12:00-04:00,CURRENT_LIVE_MANUAL,72841.0,1056558.713335991,1.5980970825421923,2.5088347310312287,True,True,True,5.152902387498487,True
FRO,Frontline Plc Ordinary Shares,Energy,10534515712.0,190520685.5632515,51.54,52.404998779296875,52.404998779296875,fresh Yahoo intraday bar,2026-10-02 14:12:00-04:00,CURRENT_LIVE_MANUAL,54632.0,2862989.893310547,1.5027186601005877,1.6783057417479208,True,True,True,5.148964353441663,True
ONTO,Onto Innovation Inc. Common Stock,Technology,16471543808.0,226213654.96493682,314.88,329.510009765625,329.510009765625,fresh Yahoo intraday bar,2026-10-02 14:12:00-04:00,CURRENT_LIVE_MANUAL,10257.0,3379784.1701660156,1.494067266049825,4.6462175322742105,True,True,True,6.235079935034171,True
AKAM,"Akamai Technologies, Inc. - Common Stock",Technology,15778646016.0,641681821.5738678,106.67,111.36000061035156,111.36000061035156,fresh Yahoo intraday bar,2026-10-02 14:12:00-04:00,CURRENT_LIVE_MANUAL,85876.0,9563151.41241455,1.4903260605012605,4.3967381741366385,True,True,True,6.441592772572395,True
RCL,Royal Caribbean Cruises Ltd. Common Stock,Consumer Cyclical,69270085632.0,813310668.3444351,270.14,275.70001220703125,275.70001220703125,fresh Yahoo intraday bar,2026-10-02 14:12:00-04:00,CURRENT_LIVE_MANUAL,43598.0,12019969.132202148,1.477906241740299,2.058196567347026,True,True,True,5.688376600954511,True
VRT,"Vertiv Holdings, LLC Class A Common Stock",Industrials,95523258368.0,1316276987.8232331,246.12,251.10000610351562,251.10000610351562,fresh Yahoo intraday bar,2026-10-02 14:12:00-04:00,CURRENT_LIVE_MANUAL,74981.0,18827729.557647705,1.4303774761559636,2.0234056978366777,True,True,True,5.805720530134971,True
SNAP,Snap Inc. Class A Common Stock,Communication Services,9014252544.0,177454192.31604987,5.6,5.715000152587891,5.715000152587891,fresh Yahoo intraday bar,2026-10-02 14:12:00-04:00,CURRENT_LIVE_MANUAL,433812.0,2479235.646194458,1.397113031727582,2.0535741533551866,True,True,True,5.246011219840323,True
DE,Deere & Company Common Stock,Industrials,183323705344.0,847481015.5218627,667.26,681.510009765625,681.510009765625,fresh Yahoo intraday bar,2026-10-02 14:12:00-04:00,CURRENT_LIVE_MANUAL,16814.0,11458909.304199219,1.3521139818268424,2.135600780149427,True,True,True,5.709700745641798,True
POWL,"Powell Industries, Inc. - Common Stock",Industrials,6366616064.0,93976559.29857254,190.6,196.0,196.0,fresh Yahoo intraday bar,2026-10-02 14:12:00-04:00,CURRENT_LIVE_MANUAL,6404.0,1255184.0,1.335635193891447,2.833158447009443,True,True,True,5.330627692113431,True
GFS,GlobalFoundries Inc. - Ordinary Share,Technology,24770623488.0,175336986.86776906,48.68,50.060001373291016,50.060001373291016,fresh Yahoo intraday bar,2026-10-02 14:12:00-04:00,CURRENT_LIVE_MANUAL,46452.0,2325387.1837921143,1.326238818935455,2.8348425909840103,True,True,True,5.50589248819628,True
FN,Fabrinet Ordinary Shares,Technology,14513120256.0,299682291.28926086,451.44,461.0199890136719,461.0199890136719,fresh Yahoo intraday bar,2026-10-02 14:12:00-04:00,CURRENT_LIVE_MANUAL,8614.0,3971226.1853637695,1.3251454292741784,2.1220957411110852,True,True,True,5.407581806057416,True
CAT,"Caterpillar, Inc. Common Stock",Industrials,368751181824.0,1848269912.184082,826.35,849.02001953125,849.02001953125,fresh Yahoo intraday bar,2026-10-02 14:12:00-04:00,CURRENT_LIVE_MANUAL,26931.0,22864958.145996094,1.2371005985255044,2.7433919684455743,True,True,True,6.12516695253829,True
DAVE,Dave Inc.  - Class A Common Stock,Technology,4613921792.0,105993600.07741395,339.59,350.0450134277344,350.0450134277344,fresh Yahoo intraday bar,2026-10-02 14:12:00-04:00,CURRENT_LIVE_MANUAL,3683.0,1289215.7844543457,1.2163147430719858,3.0787165192539323,True,True,True,5.4322532367480605,True
PGY,Pagaya Technologies Ltd. - Class A Ordinary Shares,Technology,1725246336.0,49512427.437710956,17.44,18.15999984741211,18.15999984741211,fresh Yahoo intraday bar,2026-10-02 14:12:00-04:00,CURRENT_LIVE_MANUAL,32759.0,594903.4350013733,1.2015234675168993,4.128439492041913,True,True,True,5.582397580458668,True
SLS,"SELLAS Life Sciences Group, Inc.  - Common Stock",Healthcare,2718189312.0,74915545.0601716,11.33,11.649999618530273,11.649999618530273,fresh Yahoo intraday bar,2026-10-02 14:12:00-04:00,CURRENT_LIVE_MANUAL,74256.0,865082.371673584,1.154743479445763,2.824356739013889,True,True,True,5.2351151053813645,True
JBL,Jabil Inc. Common Stock,Technology,31915003904.0,440847703.86769104,295.84,305.8699951171875,305.8699951171875,fresh Yahoo intraday bar,2026-10-02 14:12:00-04:00,CURRENT_LIVE_MANUAL,16620.0,5083559.318847656,1.153132765408109,3.390344482553931,True,True,True,5.93325383854153,True
SEDG,"SolarEdge Technologies, Inc. - Common Stock",Technology,2120792576.0,109245671.60256004,30.87,32.75,32.75,fresh Yahoo intraday bar,2026-10-02 14:12:00-04:00,CURRENT_LIVE_MANUAL,35938.0,1176969.5,1.0773603042890891,6.090055069646905,True,True,True,6.471044466061743,True
SHAZ,"SharonAI Holdings, Inc. - Class A Common Stock",Technology,1991211904.0,81178246.83347626,49.87,51.424198150634766,51.424198150634766,fresh Yahoo intraday bar,2026-10-02 14:12:00-04:00,CURRENT_LIVE_MANUAL,16982.0,873285.7329940796,1.075763233450312,3.116499199187417,True,True,True,5.346183017569126,True
TTMI,"TTM Technologies, Inc. - Common Stock",Technology,12667147264.0,229589397.99060822,126.93,131.58999633789062,131.58999633789062,fresh Yahoo intraday bar,2026-10-02 14:12:00-04:00,CURRENT_LIVE_MANUAL,18129.0,2385595.043609619,1.039070211642441,3.671312012834327,True,True,True,5.8270680960607155,True
FRVO,Fervo Energy Company - Class A common stock,,4353652584.161884,104128616.03193521,14.5889,14.885000228881836,14.885000228881836,fresh Yahoo intraday bar,2026-10-02 14:12:00-04:00,CURRENT_LIVE_MANUAL,71821.0,1069055.6014385223,1.02666840507191,2.029626831919029,True,True,True,5.026933542447723,True
TXN,Texas Instruments Incorporated - Common Stock,Technology,234220634112.0,1540650589.9214447,281.31,293.5400085449219,293.5400085449219,fresh Yahoo intraday bar,2026-10-02 14:12:00-04:00,CURRENT_LIVE_MANUAL,52774.0,15491280.410949707,1.00550251382694,4.3475200117030655,True,True,True,6.594712126880832,True
MPWR,"Monolithic Power Systems, Inc. - Common Stock",Technology,57940336640.0,913815101.9864502,1360.97,1434.43505859375,1434.43505859375,fresh Yahoo intraday bar,2026-10-02 14:12:00-04:00,CURRENT_LIVE_MANUAL,6386.0,9160302.284179688,1.002424042267088,5.397992504886218,True,True,True,6.814328455328878,True
VIAV,Viavi Solutions Inc. - Common Stock,Technology,9230910464.0,225125418.84436035,44.78,47.369998931884766,47.369998931884766,fresh Yahoo intraday bar,2026-10-02 14:12:00-04:00,CURRENT_LIVE_MANUAL,42970.0,2035488.8541030884,0.9041577199731125,5.783829682636821,True,True,True,6.5337262235676175,True
ADI,"Analog Devices, Inc. - Common Stock",Technology,173573767168.0,1198235009.627498,404.6,415.6199951171875,415.6199951171875,fresh Yahoo intraday bar,2026-10-02 14:12:00-04:00,CURRENT_LIVE_MANUAL,25736.0,10696396.194335938,0.8926793248731054,2.72367649955203,True,True,True,5.932152042110661,True
FSLR,"First Solar, Inc. - Common Stock",Technology,21542856704.0,468840156.40719604,172.11,175.94500732421875,175.94500732421875,fresh Yahoo intraday bar,2026-10-02 14:12:00-04:00,CURRENT_LIVE_MANUAL,23773.0,4182740.6591186523,0.8921464174851669,2.228230389994046,True,True,True,5.493743019037687,True
VG,"Venture Global, Inc. Class A common stock",Energy,38988951552.0,205750809.02280006,12.77,13.297100067138672,13.297100067138672,fresh Yahoo intraday bar,2026-10-02 14:12:00-04:00,CURRENT_LIVE_MANUAL,135883.0,1806849.8484230042,0.8781738730479451,4.1276434388306305,True,True,True,5.922958442532282,True
GNRC,Generac Holdlings Inc. Common Stock,Industrials,10754958336.0,288211968.9503021,207.91,215.875,215.875,fresh Yahoo intraday bar,2026-10-02 14:12:00-04:00,CURRENT_LIVE_MANUAL,11576.0,2498969.0,0.8670594108570523,3.830984560627204,True,True,True,5.9117793896004,True
UMC,United Microelectronics Corporation (NEW) Common Stock,Technology,55161450496.0,255872644.5481348,25.21,26.204999923706055,26.204999923706055,fresh Yahoo intraday bar,2026-10-02 14:12:00-04:00,CURRENT_LIVE_MANUAL,83041.0,2176089.3986644745,0.8504580091034735,3.9468461868546356,True,True,True,5.914955466887455,True
S,"SentinelOne, Inc. Class A Common Stock",Technology,6814801920.0,193167534.8595832,24.67,25.315000534057617,25.315000534057617,fresh Yahoo intraday bar,2026-10-02 14:12:00-04:00,CURRENT_LIVE_MANUAL,62536.0,1583098.8733978271,0.8195470706548122,2.6145137172988164,True,True,True,5.362045246484711,True
PBR,Petroleo Brasileiro S.A. Petrobras ADS,Energy,135106142208.0,431987299.6209297,20.98,21.459999084472656,21.459999084472656,fresh Yahoo intraday bar,2026-10-02 14:12:00-04:00,CURRENT_LIVE_MANUAL,163364.0,3505791.290435791,0.8115496204430395,2.2878888678391496,True,True,True,5.473009025495014,True
PWR,"Quanta Services, Inc. Common Stock",Industrials,93624844288.0,513219997.1948608,662.6,676.8150024414062,676.8150024414062,fresh Yahoo intraday bar,2026-10-02 14:12:00-04:00,CURRENT_LIVE_MANUAL,5795.0,3922142.939147949,0.7642225479493112,2.145336921431662,True,True,True,5.46001417419318,True
ALGM,"Allegro MicroSystems, Inc. - Common Stock",Technology,6525991424.0,88857321.9403061,36.38,39.540000915527344,39.540000915527344,fresh Yahoo intraday bar,2026-10-02 14:12:00-04:00,CURRENT_LIVE_MANUAL,16988.0,671705.5355529785,0.7559371820863866,8.686093775501202,True,True,True,7.252101982724911,True
ALM,Almonty Industries Inc. - Common Shares,Basic Materials,4894546944.0,94790431.1944294,13.18,13.542499542236328,13.542499542236328,fresh Yahoo intraday bar,2026-10-02 14:12:00-04:00,CURRENT_LIVE_MANUAL,52625.0,712674.0384101868,0.7518417517780729,2.7503758895017327,True,True,True,5.191785383384804,True
IBKR,"Interactive Brokers Group, Inc. - Class A Common Stock",Financial Services,152653348864.0,327359455.9238922,85.81,88.58000183105469,88.58000183105469,fresh Yahoo intraday bar,2026-10-02 14:12:00-04:00,CURRENT_LIVE_MANUAL,27606.0,2445339.5305480957,0.7469891235146153,3.22806413128387,True,True,True,5.707580049853712,True
