ticker,name,etf,test,price,ret_5,ret_20,ret_60,ret_120,drawdown_52,off_low_52,ma20,ma50,vol_ratio,dollar_volume,volatility,retrieved_at,market_cap,avg_volume,revenue_growth,earnings_growth,earnings_q_growth,forward_pe,target_upside,recommendation,sector,industry,sector_rs_60,industry_rs_60,spy_rs_20,spy_rs_60,spy_rs_120,leadership_momentum,leadership_coverage,beaten_down_reversal,reversal_coverage,acceleration_emerging_momentum,acceleration_coverage,data_confidence,best_lens,lens_winner,lens_data_missing,risk_score,final_quant_score,biotech_review,crypto_proxy_review,special_risk_review
ASST,"Strive, Inc. - Class A Common Stock",N,N,26.165000915527344,0.08030560104518303,1.1032959644779305,0.7945816908397161,1.3572072086778517,-0.8531705871851002,2.6517796308208905,0.3587620370740132,0.7441473676846135,2.0733440857068794,186064775.40600643,0.9428167059276682,2026-09-08T13:57:14.942168+00:00,2403515648.0,5379574,0.946,,,-24.700459,0.09578829668281785,1.2,Financial Services,Asset Management,0.7282106078029787,0.7396627131397746,1.110009807724262,0.751128338263491,1.20644376156793,92.47694337380597,0.7900000000000001,93.80482572819479,0.8,92.93456990123816,0.74,0.7825,93.80482572819479,beaten_down_reversal,False,61.98290036172312,92.58409963634044,False,False,False
BMNR,"BitMine Immersion Technologies, Inc. Common Stock",N,N,24.364999771118164,-0.037717217030664885,0.3461325556690247,0.4748788799014645,0.048859244565123694,-0.6144866288851234,0.8305784374888716,0.09546235911004675,0.30469238917100117,1.127264580086777,965090618.1350139,0.833487138947884,2026-09-08T14:13:00.332212+00:00,14809206784.0,38812117,21.678,,,26.11702,0.3659197556008147,1.0,Financial Services,Capital Markets,0.40850779686472716,0.4252162372268107,0.3528463989153562,0.4314255273252394,-0.10190420254479804,91.2890065958595,0.8300000000000002,92.64235726437556,0.8300000000000001,92.19331004667886,0.77,0.802,92.64235726437556,beaten_down_reversal,False,57.03880302532062,91.66324838269651,False,False,False
PURR,Hyperliquid Strategies Inc - Common Stock,N,N,11.5,-0.061224489795918324,0.7424242676015951,0.35453478327778654,0.9008263863547337,-0.10366328383592638,2.7096775334781995,0.14368115876202148,0.3884696601600439,1.7845048895150561,269649850.8960055,1.0743491367258964,2026-09-08T14:06:43.980406+00:00,2340418816.0,15825520,,,,40.101696,0.6793465765004225,1.33333,Financial Services,Capital Markets,0.2881637002410492,0.3048721406031327,0.7491381108479266,0.31108143070156147,0.7500629392448119,87.60418085173441,0.7200000000000001,80.24947867712253,0.7300000000000002,91.43753046656128,0.6700000000000002,0.6932500000000001,91.43753046656128,acceleration_emerging_momentum,False,52.07826372903649,88.98836924964606,False,False,False
OABI,"OmniAb, Inc. - Common Stock",N,N,4.289999961853027,-0.0205479795060185,0.2654866752502041,0.8333333842774759,1.3442622192613154,-0.14880952493583988,2.1544117034770633,0.013465614321344965,0.41565468663973637,1.3392628909421016,10622053.865280772,1.0897242241714904,2026-09-08T14:05:29.573447+00:00,623739392.0,1227004,2.442,,,-14.542713,0.9579963171021657,1.0,Healthcare,Biotechnology,0.6772563677575878,0.6210364143802456,0.2722005184965356,0.7898800317012509,1.1934987721513937,90.51485051734127,0.7900000000000001,82.05354996787928,0.8,82.0075527972914,0.74,0.7825,90.51485051734127,leadership_momentum,False,63.1321933574482,88.63819508495666,True,False,True
BULL,Webull Corporation - Class A Ordinary Shares,N,N,9.550000190734863,0.007384035008299428,0.31542698204649033,0.41901934081266234,0.7458867563137994,-0.38585208529932835,1.0626349794136116,0.08720403891499351,0.20498652467839817,1.3298266027234233,165526093.29317766,0.5980689360113879,2026-09-08T13:58:06.619183+00:00,5117523968.0,13081809,0.533,,,30.666666,0.3457556935817805,1.5,Technology,Software - Application,0.3976733227340581,0.22104657995056254,0.32214082529282184,0.3755659882364373,0.5951233092038777,86.4643018578947,0.8300000000000002,87.75161291016416,0.8300000000000001,88.98162494977372,0.77,0.802,88.98162494977372,acceleration_emerging_momentum,False,54.01348240710293,88.14207109540024,False,False,False
FIGR,"Figure Technology Solutions, Inc. - Class A Common Stock",N,N,35.744998931884766,-0.025756329522898747,0.24028450070747942,0.2698045973810579,0.03909876006819446,-0.5163713007606066,0.4349658430687746,0.010402215414269556,0.12179534932275082,0.9067622505705548,164166320.57739696,0.8434998863530045,2026-09-08T14:00:56.982366+00:00,8097797632.0,4078604,1.208,3.375,1.921,24.27573,0.4408423385979494,1.85714,Financial Services,Capital Markets,0.20343351434432055,0.22014195470640407,0.24699834395381093,0.22635124480483282,-0.11166468704172727,84.19579712192704,1.0000000000000002,87.71221056629545,1.0000000000000002,81.96979564402302,1.0,1.0,87.71221056629545,beaten_down_reversal,False,56.75928970733311,88.01682612465633,False,False,False
SLS,"SELLAS Life Sciences Group, Inc.  - Common Stock",N,N,14.220000267028809,0.06596702431597823,0.288043506898892,0.8348387441327494,1.8214286457654305,-0.08020697076704464,9.230216124728939,0.053957920174010354,0.10816710244499417,0.7939093423423665,95556898.84985165,1.1466391670595708,2026-09-08T14:08:08.601731+00:00,2839356672.0,8283117,,,,-140.6,1.3115220483641536,,Healthcare,Biotechnology,0.6787617276128612,0.622541774235519,0.29475735014522353,0.7913853915565243,1.6706651986555088,91.44060718964644,0.65,76.5074906336231,0.7000000000000002,82.48956722284689,0.6400000000000001,0.6300000000000001,91.44060718964644,leadership_momentum,False,53.766853008878655,88.0167152950018,True,False,True
SBET,"Sharplink, Inc. - Common Stock",N,N,8.494999885559082,-0.015643131760326945,0.3745954889197469,0.5644567502975841,0.02226226914569951,-0.5584719341675242,0.8629385947713342,0.1073814370013022,0.2883119066312825,0.8183164827581322,68831587.81872506,0.7431250925431977,2026-09-08T14:07:36.211462+00:00,1847612928.0,9386795,15.539,,,70.958336,0.8337392836171462,1.14286,Financial Services,Capital Markets,0.4980856672608468,0.5147941076229303,0.38130933216607843,0.5210033977213591,-0.12850117796422222,87.12844759521172,0.8300000000000002,88.11389304870399,0.8300000000000001,86.62013498281937,0.77,0.802,88.11389304870399,beaten_down_reversal,False,62.10950345281158,87.4111683241321,False,False,False
FWDI,"Forward Industries, Inc. - Common Stock",N,N,6.269999980926514,-0.01104103627391928,0.47877366023371315,0.47877366023371315,0.13381550507098616,-0.839230769719833,0.7711864543762472,0.14698618091203475,0.32619822577525137,1.460188037075862,11155446.534509277,0.9307875212852337,2026-09-08T14:01:22.848191+00:00,465973824.0,1533512,3.321,,,32.358974,0.3470681458003171,1.0,Consumer Cyclical,Footwear & Accessories,0.5061273687497152,0.5939186926763187,0.48548750348004466,0.4353203076574881,-0.01694794203893557,84.87170762008985,0.8300000000000002,89.0098263677853,0.8300000000000001,86.77317869936886,0.77,0.802,89.0098263677853,beaten_down_reversal,False,72.86747780335416,87.29378308623507,False,False,False
AUGO,Aura Minerals Inc. - Common Shares,N,N,84.7300033569336,0.013759290508314148,0.12149421062304722,0.5113809839959984,0.09525853796702233,-0.20831094045115106,1.884435385238325,0.020570484139497136,0.2381995241543955,0.8301051694395051,74465263.51468201,0.8207703440970928,2026-09-08T13:57:22.742363+00:00,7253982720.0,1024838,0.764,22.447,25.72,10.838644,0.1552217278243282,1.66667,Basic Materials,Gold,0.4698330201438168,0.24059207878664912,0.12820805386937872,0.46792763141977334,-0.055504909142899406,87.04536584235647,1.0000000000000002,81.80508160225345,1.0000000000000002,78.17014180499339,1.0,1.0,87.04536584235647,leadership_momentum,False,56.80532719500164,87.10525973674355,False,False,False
AYA,Aya Gold & Silver Inc. - Common Shares,N,N,29.148300170898438,0.04399355627679258,0.04399355627679258,0.6675229367408386,0.9013894530960822,-0.02252513517102306,2.151167586043074,0.05790258740465193,0.24764976330452226,1.5250455212411427,29738324.27914848,0.7831838347407997,2026-09-08T13:57:33.556603+00:00,4257694464.0,774216,1.507,2.833,2.92,12.852131,,,Basic Materials,Silver,0.625974972888657,0.2916686894630738,0.050707399523124086,0.6240695841646136,0.7506260059861605,88.52117425095678,0.93,74.39466252478502,0.9600000000000002,73.51122790821644,0.96,0.8865000000000001,88.52117425095678,leadership_momentum,False,56.84478789871753,86.78200456925507,False,False,False
FDMT,"4D Molecular Therapeutics, Inc. - Common Stock",N,N,14.670000076293945,0.0396881951270418,0.3168760883465369,0.6604414276121258,0.7038328294144627,-0.12470167804570054,1.222727316404506,0.01478599414821824,0.16743593864708828,0.8248952194972946,16267326.46652031,0.7877930360846819,2026-09-08T14:00:48.122738+00:00,821757632.0,952550,251.067,,,-3.6398828,0.9563025210084035,,Healthcare,Biotechnology,0.5043644110922376,0.4481444577148954,0.3235899315928684,0.6169880750359007,0.553069382304541,88.40769488928069,0.7600000000000001,79.41885514697212,0.8,86.22394429355288,0.74,0.73875,88.40769488928069,leadership_momentum,False,58.2999013482407,86.72005082674885,True,False,True
KURA,"Kura Oncology, Inc. - Common Stock",N,N,12.654999732971191,0.0003952659756285559,0.2847714967380466,0.4283295963148128,0.47494170693476856,-0.06880061877252086,0.710135077010811,0.04089982081410404,0.13578228012399718,1.1715527286890557,28183876.779604338,0.5860946312744597,2026-09-08T14:03:19.208382+00:00,1140475008.0,1793079,0.365,,,-5.5819945,1.4960998439937598,1.26667,Healthcare,Biotechnology,0.2722525797949247,0.21603262641758247,0.2914853399843781,0.38487624373858775,0.3241782598248468,86.91475271119853,0.7900000000000001,76.48941221827766,0.8,88.12776826818434,0.74,0.7825,88.12776826818434,acceleration_emerging_momentum,False,50.91910555738244,86.6652421929979,True,False,True
ECO,Okeanis Eco Tankers Corp. Common Stock,N,N,71.31300354003906,0.06851971565243375,0.28589500485935115,0.5636959558805694,0.7307987545173098,-0.001637921946477161,1.9634851046807045,0.09968484147180567,0.2508103952764509,0.8841627609065142,32297572.989199065,0.5165642168994753,2026-09-08T14:15:41.150449+00:00,2742106368.0,495012,2.394,6.063,7.566,11.843171,0.06791969243912854,,Industrials,Marine Shipping,0.5741750215794921,0.3991363514581383,0.29260884810568266,0.5202426033043444,0.5800353074073881,86.79413174117607,0.9700000000000001,73.9050821610043,1.0000000000000002,86.53113421046366,1.0,0.95625,86.79413174117607,leadership_momentum,False,45.52614271621177,86.62316969264069,False,False,False
SMMT,Summit Therapeutics Inc.  - Common Stock,N,N,17.540000915527344,0.2878121191560752,0.1795562239755777,0.3409786710883713,0.10662463680653289,-0.3351022944074411,0.41110221117402457,0.23130930547135908,0.22767239166562225,1.2300039808031775,89860546.0391409,0.6934705168604789,2026-09-08T14:08:10.508291+00:00,13880843264.0,5324988,,,,-14.559992,0.6354828160919541,1.88235,Healthcare,Biotechnology,0.18490165456848318,0.12868170119114097,0.1862700672219092,0.29752531851214625,-0.04413881030338884,85.29881024952537,0.68,88.1284221037925,0.7000000000000002,87.37153286970936,0.6400000000000001,0.6737500000000001,88.1284221037925,beaten_down_reversal,False,58.98224268332784,86.460492491226,True,False,True
DELL,Dell Technologies Inc. Class C Common Stock ,N,N,520.9884033203125,0.14249334918784862,0.1378273734701554,0.33311864017392634,2.421109712792478,-0.006012918762248853,3.7129196833142872,0.11021051858313813,0.17957359410246942,1.4721830337934771,3866676579.9156556,0.7791279077227338,2026-09-08T14:15:10.508598+00:00,335089434624.0,7635059,0.577,2.729,2.551,18.128637,0.08842711145391435,1.82143,Technology,Computer Hardware,0.3117726220953221,0.397625336650288,0.1445412167164869,0.28966528759770127,2.270346265682556,86.2842840334073,1.0000000000000002,75.91582455754362,1.0000000000000002,81.01509071092336,1.0,1.0,86.2842840334073,leadership_momentum,False,43.22920092074975,86.30612498316793,False,False,False
VSTM,"Verastem, Inc. - Common Stock",N,N,8.199999809265137,0.1357340786082588,0.20765829975458683,1.0812181954763647,0.4462080597756999,-0.2293233510644448,1.3768115060666473,0.1230568820460951,0.310071546005791,0.7868028330559599,13897735.527638292,0.7060999547094342,2026-09-08T14:10:05.035527+00:00,749865280.0,2454633,17.754,,,-11.04,0.8115942028985508,1.11111,Healthcare,Biotechnology,0.9251411789564765,0.8689212255791343,0.21437214300091834,1.0377648429001396,0.29544461266577815,88.5346653277679,0.7900000000000001,82.71877587469397,0.8,66.85311461732695,0.74,0.7825,88.5346653277679,leadership_momentum,False,64.61854653074647,86.16489234501326,True,False,True
CMBT,CMB.TECH NV Ordinary Shares,N,N,19.549999237060547,0.06947475397759906,0.21428563812716384,0.3085675894348969,0.6702659457842237,0.0,1.2912858272232297,0.08822706233185063,0.1885365012460527,1.1917136176585192,19464040.97096157,0.3784139520525951,2026-09-08T14:14:04.536152+00:00,5611883008.0,1052666,0.815,30.397,45.908,12.531345,0.0573940020682524,2.25,Energy,Oil & Gas Midstream,0.2088666891306321,0.21952084373207126,0.22099948137349534,0.26511423685867186,0.519502498674302,81.96602470018061,1.0000000000000002,73.24144777860249,1.0000000000000002,86.18628932887752,1.0,1.0,86.18628932887752,acceleration_emerging_momentum,False,41.27260769483723,86.12334270511778,False,False,False
AMLX,"Amylyx Pharmaceuticals, Inc. - Common Stock",N,N,33.470001220703125,-0.00829626012731477,0.4764005782118528,1.4061827165965113,1.3421974324738186,-0.15607661751196134,2.2059389431004446,0.025523210982512978,0.3638957239045495,0.6955563928206702,128372166.78649902,1.4182544076547177,2026-09-08T13:56:47.345345+00:00,3783146752.0,2474669,,,,-29.404427,0.2477141931493534,1.16667,Healthcare,Drug Manufacturers - Specialty & Generic,1.2501057000766231,1.3659283025193658,0.4831144214581843,1.3627293640202862,1.1914339853638969,88.84556208256237,0.68,77.35301163101627,0.7000000000000002,77.50244361381144,0.6400000000000001,0.6737500000000001,88.84556208256237,leadership_momentum,False,54.49687602762249,85.97248260156518,False,False,False
SMCI,"Super Micro Computer, Inc. - Common Stock",N,N,41.02000045776367,0.10032193672022793,0.3038779927367967,0.2830779273939119,0.3018089546113376,-0.3009543243961851,0.9980515872289588,0.09350218092764195,0.2853132323498855,0.6507236272711191,1955199270.0993392,0.9608738967038101,2026-09-08T14:08:09.829443+00:00,26408591360.0,56997045,0.932,4.347,5.037,7.6653423,0.03796693202694423,,Technology,Computer Hardware,0.26173190931530765,0.34758462387027356,0.31059183598312823,0.23962457481768684,0.15104550750141588,85.28898608488112,0.9700000000000001,83.76007241154444,1.0000000000000002,85.02338742002988,1.0,0.95625,85.28898608488112,leadership_momentum,False,54.80598487339691,85.90483631864817,False,False,False
FRO,Frontline Plc Ordinary Shares,N,N,46.650001525878906,0.06555511253095858,0.21326399480447167,0.31112982364048625,0.5553434822027645,0.0,1.4405505589768581,0.07841328645542012,0.1648347659503493,0.997224613033312,98552692.30984612,0.4921673259969289,2026-09-08T14:16:53.727511+00:00,10270706688.0,2613295,0.965,7.501,7.501,10.288484,0.018749322640078114,2.0,Energy,Oil & Gas Midstream,0.21142892333622143,0.22208307793766058,0.21997783805080318,0.2676764710642612,0.4045800350928428,84.58149680604338,1.0000000000000002,74.33346653088114,1.0000000000000002,85.06616353326316,1.0,1.0,85.06616353326316,acceleration_emerging_momentum,False,39.70240052614272,85.43849026215864,False,False,False
VIR,"Vir Biotechnology, Inc. - Common Stock",N,N,11.11989974975586,0.01644425742896205,0.25083231949568763,0.3051524826648435,0.17298526231074907,-0.0438607359987615,1.3214822209422503,0.08151872515050163,0.13935757034463947,1.1189292395578212,18648372.150378227,0.502975585014195,2026-09-08T14:09:51.253064+00:00,1874912768.0,1931638,195.825,,,-4.454916,0.8752509025270758,1.3,Healthcare,Biotechnology,0.14907546614495537,0.09285551276761317,0.25754616274201914,0.26169913008861845,0.022221815200827333,84.08922463095071,0.7900000000000001,74.15344141600688,0.8,86.85420526536502,0.74,0.7825,86.85420526536502,acceleration_emerging_momentum,False,49.4623479118711,85.32396622776314,True,False,True
PRE,Prenetics Global Limited - Class A Ordinary Share,N,N,25.940000534057617,-0.011809503464471738,0.3797873184442446,0.2537457643540426,0.25132663323055926,-0.011809503464471738,1.9277654107478668,0.1507919099360826,0.28026061332311314,1.6378264758639351,6660831.585174656,0.7903802943631798,2026-09-08T14:06:30.527950+00:00,438947936.0,229401,2.107,,,-9.779439,0.3442916666666669,1.0,Consumer Defensive,Packaged Foods,0.2591745779681384,0.2359717137448648,0.38650116169057613,0.21029241177781755,0.10056318612063753,83.09135622668333,0.7900000000000001,72.26370812226662,0.8,86.81761383606491,0.74,0.7825,86.81761383606491,acceleration_emerging_momentum,False,59.110489970404466,85.12107106814959,False,False,False
MGRT,Mega Fortune Company Limited - Ordinary Shares,N,N,116.4800033569336,0.18772309288669242,0.23259262811569936,0.5738413727178178,12.70352980669807,-0.18087197006530265,32.860465528901805,0.1565193507824334,0.26123398273452336,1.027024209633722,2125278.479907608,0.793843527228418,2026-09-08T14:04:19.226021+00:00,1601600000.0,17664,3.088,1.443,1.83,,,,Technology,Information Technology Services,0.5524953546392135,0.4454311720568429,0.23930647136203087,0.5303880201415927,12.552766359588148,85.63570053418627,0.89,81.71670967625562,0.9300000000000002,84.25627726046258,0.9299999999999999,0.8232500000000001,85.63570053418627,leadership_momentum,False,70.50970075633015,84.95862145981141,False,False,False
BNC,CEA Industries Inc. - Common Stock,N,N,4.985000133514404,0.6132686964344229,1.0684647120235078,1.3403755237932775,0.5291411497231382,-0.713998849900529,1.5050251807158905,0.6802899301727894,0.7626675598875416,4.189818805998307,10265351.952903008,1.295767348424269,2026-09-08T13:57:58.146799+00:00,216574448.0,361051,0.101,,,1.1144068,,,Industrials,Farm & Heavy Construction Machinery,1.3508545894922002,1.2355040610910741,1.0751785552698392,1.2969221712170524,0.37837770261321646,84.57813396732041,0.7600000000000001,87.52700284362722,0.79,85.6617084149057,0.73,0.6885000000000001,87.52700284362722,beaten_down_reversal,False,74.34889838868793,84.84353824909964,False,False,False
TRMD,TORM plc - Class A Common Stock,N,N,35.04999923706055,0.06827180036612246,0.2007536346621761,0.21070805918354418,0.4432968784177711,-0.0036953117392698465,0.9407473215084401,0.10641117326392702,0.16535389160921854,1.294090750807062,23158735.07591019,0.37539880668674847,2026-09-08T14:09:12.220725+00:00,3557532928.0,723309,1.103,4.603,4.773,8.042824,0.05051086487264356,2.0,Energy,Oil & Gas Midstream,0.11100715887927937,0.12166131348071851,0.2074674779085076,0.16725470660731911,0.29253343130784937,79.62838090016258,1.0000000000000002,72.8310746678616,1.0000000000000002,84.79442328041289,1.0,1.0,84.79442328041289,acceleration_emerging_momentum,False,40.90101940151266,84.83105019121588,False,False,False
BTGO,"BitGo Holdings, Inc. Class A Common Stock",N,N,7.329999923706055,0.02949438785426084,0.45725638528061574,0.3474264423907527,-0.31623136743282354,-0.6035694962443593,0.5628997514448217,0.1269987547871263,0.29803433926028666,0.9851523722537542,11483748.170400333,0.8334711942694225,2026-09-08T14:13:17.723392+00:00,880416704.0,1408008,0.796,,,29.331139,0.3740547396528704,1.33333,Financial Services,Capital Markets,0.2810553593540154,0.2977637997160989,0.46397022852694725,0.30397308981452764,-0.4669948145427453,80.90708555686115,0.8300000000000002,85.92583560358975,0.8300000000000001,83.51763425331235,0.77,0.802,85.92583560358975,beaten_down_reversal,False,71.05886221637618,84.81469447342405,False,False,False
RELY,"Remitly Global, Inc. - Common stock",N,N,25.739999771118164,-0.03739715813610811,0.11235957001074182,0.36987751553793724,0.6426292052198788,-0.04383359219285077,1.1098360797981526,-0.004515263921436752,0.04871598733404814,0.8962272316609652,81189957.5295208,0.4828828384114718,2026-09-08T14:07:06.965636+00:00,5404294144.0,3599148,0.202,30.0,30.504,15.806875,0.26648374461417923,1.2,Technology,Software - Infrastructure,0.348531497459333,0.2453354233057543,0.11907341325707332,0.32642416296171217,0.49186575810995703,84.73704218219461,1.0000000000000002,71.5230476234722,1.0000000000000002,79.98435141997483,1.0,1.0,84.73704218219461,leadership_momentum,False,33.875369944097336,84.72744811018445,False,False,False
ASMB,"Assembly Biosciences, Inc. - Common Stock",N,N,35.79999923706055,0.06452566458591935,0.33881823274090217,0.5889923722142065,0.25481943131596285,-0.07012988994647928,0.7420924849718558,0.06852910515860167,0.2191550114158627,0.9972971111969399,10133788.602182388,0.6061286007829848,2026-09-08T13:57:11.944464+00:00,740413120.0,240738,0.389,,,-14.03366,0.429946377010862,1.0,Healthcare,Biotechnology,0.4329153556943184,0.3766954023169762,0.3455320759872337,0.5455390196379815,0.10405598420604112,85.90407670914252,0.7900000000000001,74.78003626484107,0.8,85.48258139885768,0.74,0.7825,85.90407670914252,leadership_momentum,False,56.29562643867149,84.67555919422738,True,False,True
TNK,Teekay Tankers Ltd.,N,N,91.48999786376953,0.02063809110572934,0.20049860861906366,0.2660281650052201,0.45959783144910005,-0.020134998688123296,0.9171743534791998,0.03629112425337011,0.15680058038049904,1.3839088369775827,44031539.921030045,0.4605536607633178,2026-09-08T14:25:23.515624+00:00,3151291904.0,407975,0.63,2.594,2.608,8.346768,0.031194173423113813,,Energy,Oil & Gas Midstream,0.16632726470095527,0.17698141930239442,0.20721245186539516,0.22257481242899502,0.3088343843391783,83.03334785762875,0.9700000000000001,73.63923946563098,1.0000000000000002,84.52709209526746,1.0,0.95625,84.52709209526746,acceleration_emerging_momentum,False,41.66885892798421,84.56104983656223,False,False,False
SM,SM Energy Company Common Stock,N,N,37.72999954223633,0.02076549777769432,0.19496412882043068,0.21330111747753122,0.4253287087131272,-0.00882584255925889,1.1934858257296712,0.05466844320529063,0.17450167654779491,0.8344217797876811,120143552.41632023,0.5440297115536633,2026-09-08T14:24:13.361857+00:00,8971855872.0,3822390,1.761,1.539,4.302,5.0435767,0.08032873806998952,1.875,Energy,Oil & Gas E&P,0.1136002171732664,0.08708957813942275,0.2016779720667622,0.16984776490130615,0.2745652616032055,80.53100746123472,1.0000000000000002,71.99699610756177,1.0000000000000002,84.45371911038596,1.0,1.0,84.45371911038596,acceleration_emerging_momentum,False,41.25452153896745,84.55919269354041,False,False,False
EXK,Endeavour Silver Corporation Ordinary Shares (Canada),N,N,11.1899995803833,0.044817884269529484,0.09277342094719598,0.3814813646160473,0.09277342094719598,-0.2075071054478106,0.9030611160876258,0.03991445832562013,0.2165423205077126,1.0951579558996172,95772059.53392029,0.7074639709821312,2026-09-08T14:16:24.908077+00:00,3312376064.0,7609864,1.394,,,9.170137,0.38516532618409305,1.25,Basic Materials,Silver,0.3399334007638657,0.005627117338282472,0.09948726419352749,0.33802801203982225,-0.05799002616272575,85.67280013761491,0.8300000000000002,81.03106365736889,0.8300000000000001,76.4601680082632,0.77,0.802,85.67280013761491,leadership_momentum,False,56.15422558368957,84.458442011406,False,False,False
MPC,Marathon Petroleum Corporation Common Stock,N,N,395.989990234375,0.060725336080013514,0.2396174704688303,0.5224656909016137,0.7087787160007746,0.0,1.4631817372456815,0.08153817469766289,0.22138671040689073,0.9328678833073726,858268128.391571,0.34684247203242774,2026-09-08T14:20:28.711917+00:00,115895926784.0,2381704,0.537,3.48,3.225,12.493241,-0.16020831758986376,2.26316,Energy,Oil & Gas Refining & Marketing,0.42276479059734884,0.026212504668551295,0.24633131371516181,0.4790123383253886,0.5580152688908528,84.12251345765407,1.0000000000000002,72.80020464467238,1.0000000000000002,79.78823433053316,1.0,1.0,84.12251345765407,leadership_momentum,False,27.25090430779349,84.29454223921212,False,False,False
ETON,"Eton Pharmaceuticals, Inc. - Common Stock",N,N,57.0,-0.05691592827384373,0.3052439292414246,0.7751478952518127,2.012684977280675,-0.11531895498965128,2.9721253299480446,-0.02065220882504415,0.1833828147095311,0.8949703379966638,40589594.4474472,1.0456993307137754,2026-09-08T14:00:31.772830+00:00,1654963584.0,550259,0.986,,,22.441862,0.226252158894646,,Healthcare,Drug Manufacturers - Specialty & Generic,0.6190708787319246,0.7348934811746674,0.31195777248775614,0.7316945426755876,1.8619215301707535,85.6741042031438,0.8000000000000002,75.97585373869775,0.8300000000000001,82.63743305221936,0.77,0.7582500000000001,85.6741042031438,leadership_momentum,False,49.524827359421245,84.2205716120015,False,False,False
SBSW,D/B/A Sibanye-Stillwater Limited ADS,N,N,13.007499694824219,0.09767926380530034,0.21907212763040262,0.3354722793110436,0.0018709580317324281,-0.36624075464424943,0.6259374618530273,0.09991858078762639,0.2987044989973391,0.9885949775942242,61198794.54613514,0.5924478037865298,2026-09-08T14:23:52.898239+00:00,9526787072.0,5449546,0.643,,,5.8185797,-0.0044844343204252235,2.0,Basic Materials,Other Precious Metals & Mining,0.293924315458862,0.1791414458284475,0.22578597087673413,0.29201892673481855,-0.1488924890781893,82.32889000011372,0.8300000000000002,84.61871126999375,0.8300000000000001,84.26831818258793,0.77,0.802,84.61871126999375,beaten_down_reversal,False,57.52712923380467,84.15098861965704,False,False,False
FRNM,"Freenome, Inc. - Common stock",N,N,16.06999969482422,0.08654494498124543,0.38296040043816504,0.42590940923644105,0.4431970691066569,-0.04911242262964244,0.6086086149154666,0.14793912249706853,0.2979145958464575,1.412623705772875,12900943.833184242,0.606227265453241,2026-09-08T14:01:11.386287+00:00,1722909696.0,578998,1.065,,,-6.6812496,0.1225444340505144,,Healthcare,Diagnostics & Research,0.2698323927165529,0.1784294626842321,0.38967424368449655,0.382456056660216,0.29243362199673517,83.51496282442412,0.7600000000000001,73.21787230629094,0.8,85.66369515128585,0.74,0.73875,85.66369515128585,acceleration_emerging_momentum,False,54.82900361723117,83.96281318038443,False,False,False
HELP,Cybin Inc. - Common Stock,N,N,12.149999618530273,0.03316321276003231,0.2137861479237435,1.9999997645248713,1.4999998528280418,-0.13121201881981015,2.1395348779900587,0.001628127507212973,0.2854829904431546,0.7992055534066682,18437925.55091839,0.9047709479029937,2026-09-08T14:02:00.009442+00:00,894372672.0,1668141,,,,-6.666894,2.4032054738562088,,Healthcare,Biotechnology,1.8439227480049831,1.787702794627641,0.22049999117007502,1.9565464119486462,1.34923640571812,88.01541448817134,0.65,76.18578703599842,0.7000000000000002,61.43111068703235,0.6400000000000001,0.6300000000000001,88.01541448817134,leadership_momentum,False,57.898717527129236,83.95949959880062,True,False,True
INSW,"International Seaways, Inc. Common Stock ",N,N,104.7300033569336,0.06173969996926276,0.15851771669442316,0.34252019598770733,0.6871802507853366,0.0,1.6844344536915403,0.06262306020536146,0.1309959944570731,0.9673859735383509,51052678.26756706,0.43619217006645183,2026-09-08T14:18:41.223412+00:00,5118565376.0,561970,1.401,3.731,3.784,16.404034,-0.011354073930714192,1.33333,Energy,Oil & Gas Midstream,0.24281929568344252,0.25347345028488166,0.16523155994075467,0.29906684341148226,0.5364168036754149,83.53892535080168,1.0000000000000002,71.7791476534647,1.0000000000000002,82.57282628301391,1.0,1.0,83.53892535080168,leadership_momentum,False,40.26142716211772,83.92764797033809,False,False,False
DHT,"DHT Holdings, Inc.",N,N,20.893999099731445,0.06602034148351832,0.21587187035285393,0.3385544968796923,0.3673002191530095,0.0,1.1138977760165938,0.0818437103563101,0.17445821035487086,0.8895416358589257,63252344.88979578,0.4367467406425819,2026-09-08T14:15:15.884799+00:00,3328708352.0,3382122,0.955,2.523,2.535,10.978464,-0.006216032937757188,2.16667,Energy,Oil & Gas Midstream,0.23885359657542748,0.24950775117686663,0.22258571359918544,0.29510114430346723,0.21653677204308774,82.47319512748827,1.0000000000000002,72.114208485801,1.0000000000000002,83.3883893596404,1.0,1.0,83.3883893596404,acceleration_emerging_momentum,False,39.07431765866492,83.81983959810609,False,False,False
HTFL,"Heartflow, Inc. - Common Stock",N,N,48.060001373291016,-0.046239294395309494,0.6374787307884993,0.5670036274449992,1.1341030371392615,-0.04699581434746736,1.3455345002509156,0.06310973098207451,0.40663281810548857,0.8255848111609331,105527470.64880753,0.9684361636320467,2026-09-08T14:02:12.650529+00:00,4210294272.0,1853412,0.476,,,-183.22864,-0.10161090458488231,,Healthcare,Health Information Services,0.41092661092511107,0.3050156747998345,0.6441925740348308,0.5235502748687741,0.9833395900293398,85.15146986743464,0.7600000000000001,71.64229564666388,0.8,84.44918405627769,0.74,0.73875,85.15146986743464,leadership_momentum,False,50.80072344623479,83.50942937479856,False,False,False
SHIP,Seanergy Maritime Holdings Corp. - Common Stock,N,N,18.520000457763672,0.048697656726060856,0.15174132746483582,0.2041877765282316,0.5435154101744253,-0.021141628801125578,1.5109738252470972,0.060406544286199404,0.13993083922379124,1.1797299053338082,5194289.75335331,0.5121263144467563,2026-09-08T14:07:53.599152+00:00,395336288.0,265146,0.486,7.838,8.169,7.183071,0.27432173198136467,,Industrials,Marine Shipping,0.21466684222715426,0.0396281721058005,0.15845517071116733,0.16073442395200654,0.39275196306450355,79.383757639466,0.9700000000000001,72.66847116389577,1.0000000000000002,83.35079983281577,1.0,0.95625,83.35079983281577,acceleration_emerging_momentum,False,53.64518250575468,83.33103159278247,False,False,False
JANX,"Janux Therapeutics, Inc. - Common Stock",N,N,19.889999389648438,0.09165752685127182,0.2120657876048142,0.456076106283164,0.41565830032975404,-0.4274611851277764,0.6330048350816839,0.10365105760613558,0.19295380073257773,0.836107860408952,14673677.972865295,0.40848938007221364,2026-09-08T14:02:57.666621+00:00,1229460480.0,1017922,,,,-7.663784,0.8018543013426156,1.38889,Healthcare,Biotechnology,0.29999908976327583,0.24377913638593363,0.2187796308511457,0.4126227537069389,0.2648948532198323,83.54389053000371,0.68,84.7531058607385,0.7000000000000002,81.16313324448888,0.6400000000000001,0.6737500000000001,84.7531058607385,beaten_down_reversal,False,56.93686287405458,83.24868717366773,True,False,True
CLYM,"Climb Bio, Inc. - Common Stock",N,N,15.154999732971191,0.10378734437326576,0.11927620204344103,0.3890925705710262,1.1285112326629174,-0.15050450653876313,8.240853576318697,-0.03650843586371766,0.0764946774200912,1.2750095764549771,24264914.18836403,0.7263738487963108,2026-09-08T13:59:02.371866+00:00,882220864.0,1427604,,,,-15.222994,0.7345611979166666,1.13333,Healthcare,Biotechnology,0.23301555405113805,0.17679560067379585,0.12599004528977253,0.34563921799480113,0.9777477855529957,85.37704193478848,0.68,77.49495228485432,0.7000000000000002,77.69006131246373,0.6400000000000001,0.6737500000000001,85.37704193478848,leadership_momentum,False,51.2775402828017,83.18275478301774,True,False,True
MSTR,Strategy Inc - Class A Common Stock,N,N,136.5802001953125,0.02738226032085933,0.40326926565138943,0.13674738627360505,-0.09116182256631555,-0.6202835795594249,0.6593391355416527,0.16252309717077895,0.30589780583572734,1.1227970921023336,3277513334.973358,0.8998721888216954,2026-09-08T14:04:40.823246+00:00,54856654848.0,23437687,0.069,,,2.7900586,0.6363087452471485,1.25,Technology,Software - Application,0.1154013681950008,-0.06122537458849475,0.40998310889772094,0.09329403369737999,-0.2419252696762373,73.36471253357006,0.8300000000000002,84.20157492112313,0.8300000000000001,80.7937841483118,0.77,0.802,84.20157492112313,beaten_down_reversal,False,57.729365340348565,83.06678548702264,False,False,False
RUM,RUM Group Inc. - Class A Common Stock,N,N,8.345000267028809,-0.06863836702006898,0.3438003568062631,0.10676396674383337,0.5311927631340645,-0.1842619119800517,0.7869379294852814,-0.02545833751301374,0.17822302782307742,1.0961261010284233,38932582.06711993,0.73622734287726,2026-09-08T14:07:24.851081+00:00,4087955200.0,3490548,0.609,,,-26.596773,1.6682838083687086,2.5,Communication Services,Internet Content & Information,0.08155930657432298,0.047188778176884494,0.3505142000525946,0.0633106141676083,0.38042931602414276,73.20197145773994,0.7900000000000001,79.93776782902349,0.8,84.36218596943056,0.74,0.7825,84.36218596943056,acceleration_emerging_momentum,False,49.03156856297271,82.99925499244456,False,False,False
CHPT,"ChargePoint Holdings, Inc. Common Stock",N,N,9.949999809265137,0.809090874411843,0.625816992700184,0.512158043257392,0.8156933895316667,-0.19367911780953528,1.206208271464332,0.5499649109282938,0.6506851278531041,4.056215528907596,29223675.04141922,1.7512243013552324,2026-09-08T14:13:54.265853+00:00,269577248.0,1497988,0.177,,,-8.212544,-0.2729083665338645,3.0,Consumer Cyclical,Specialty Retail,0.539511751773394,0.47502923483941406,0.6325308359465155,0.46870469068116694,0.664929942421745,79.30699552459814,0.7900000000000001,78.52722908742065,0.8,83.9828838859359,0.74,0.7825,83.9828838859359,acceleration_emerging_momentum,False,64.49194343965802,82.97368942432921,False,False,False
HL,Hecla Mining Company Common Stock,N,N,20.56999969482422,0.03522892934199939,0.1723039145083507,0.3725105628969856,0.04886295579558664,-0.35294784328127304,1.0344747183889313,0.036769667787333926,0.19796238277768685,0.7176466415711631,663016073.8502827,0.6629448592342645,2026-09-08T14:17:59.795747+00:00,13773078528.0,36486346,0.524,0.929,1.043,19.302532,0.138300462624787,,Basic Materials,Other Precious Metals & Mining,0.33096259904480396,0.21617972941438945,0.1790177577546822,0.3290572103207605,-0.1019004913143351,82.19177331001262,0.9700000000000001,80.68393831287291,1.0000000000000002,79.99951884045873,1.0,0.95625,82.19177331001262,leadership_momentum,False,51.6524169681026,82.91009381031012,False,False,False
PBR,Petroleo Brasileiro S.A. Petrobras ADS,N,N,20.989999771118164,0.08475448875024116,0.17870401312717155,0.1845199390905934,0.12248216058133887,-0.011713357489684051,0.8977147264323753,0.12691910979267718,0.17534885012057244,1.3488248280259842,372364344.59290504,0.34971334359998923,2026-09-08T14:22:15.759270+00:00,134461702144.0,16925120,0.423,0.968,0.968,5.233691,0.05913874910136596,1.64286,Energy,Oil & Gas Integrated,0.08481903878632857,0.08137936412585511,0.18541785637350305,0.14106658651436832,-0.02828128652858286,79.78729340099783,1.0000000000000002,72.65876743146266,1.0000000000000002,82.35659788897591,1.0,1.0,82.35659788897591,acceleration_emerging_momentum,False,29.97204866820125,82.85560794001812,False,False,False
XNCR,"Xencor, Inc. - Common Stock",N,N,25.260000228881836,-0.07353747315790626,0.17052828165829736,1.0893300173759615,1.1516184600807682,-0.137883928784157,2.039711065387282,-0.03716408644358449,0.18767191970995722,1.2046907711351824,35574470.47583771,0.728580433056478,2026-09-08T14:10:34.435629+00:00,1874077440.0,1153130,0.175,,,-7.104042,0.19354612180123,1.5,Healthcare,Biotechnology,0.9332530008560733,0.8770330474787311,0.17724212490462887,1.0458766647997364,1.0008550129708464,85.28393450539606,0.7900000000000001,72.48643567355161,0.8,65.44300003849037,0.74,0.7825,85.28393450539606,leadership_momentum,False,48.63038474186123,82.83325309209333,True,False,True
ZURA,Zura Bio Limited - Class A Ordinary shares,N,N,6.053999900817871,0.09277977301518248,0.0753107953389549,0.6910614608479391,-0.05993791195231568,-0.1400568276104972,2.1863157772555573,0.03811922512739585,0.08337745421853282,1.1105276840880436,9252517.871595144,0.793887309063161,2026-09-08T14:10:45.233520+00:00,591265792.0,1274538,,,,-10.577204,1.9173419773095626,,Healthcare,Biotechnology,0.5349844443280509,0.4787644909507087,0.08202463858528641,0.647608108271714,-0.21070135906223741,86.3374623622829,0.65,76.57942828870945,0.7000000000000002,64.10135902980919,0.6400000000000001,0.6300000000000001,86.3374623622829,leadership_momentum,False,65.3008878658336,82.78419175256028,True,False,True
FTH,"Faeth Therapeutics, Inc.  - Common Stock",N,N,40.029998779296875,0.2215440408946716,0.40112002824237925,2.709916489417883,0.3338886529154945,-0.0004993872195923066,4.073510704269156,0.17993836467698143,0.32559321692460386,0.9901456526445378,9720852.425708007,1.2082499702075495,2026-09-08T14:01:19.784344+00:00,1083747328.0,245290,,,,-8.455645,0.3027267525035766,,Healthcare,Biotechnology,2.5538394728979945,2.4976195195206525,0.40783387148871075,2.666463136841658,0.1831252058055728,87.0245739407158,0.65,68.40894634279883,0.7000000000000002,62.033009330769005,0.6400000000000001,0.6300000000000001,87.0245739407158,leadership_momentum,False,59.90134824071029,82.72642223239386,True,False,True
EPRX,Eupraxia Pharmaceuticals Inc. - Common Stock,N,N,8.385000228881836,0.2979876438649438,0.25900907222092706,0.3905472532559555,0.10620056903406883,-0.07552364817975421,0.5910816431175161,0.18566179259350268,0.24888296244048158,1.4848778788899135,3758747.7499217987,0.6938770785258733,2026-09-08T14:00:25.182911+00:00,547748224.0,431298,,,,-7.9634967,0.9722557297949341,1.0,Healthcare,Biotechnology,0.23447023673606737,0.17825028335872517,0.26572291546725857,0.34709390067973045,-0.04456287807585291,82.8791792762618,0.68,73.74415059861639,0.7000000000000002,84.67669628579965,0.6400000000000001,0.6737500000000001,84.67669628579965,acceleration_emerging_momentum,False,63.19467280499836,82.7017737839904,True,False,True
MRNA,"Moderna, Inc. - Common Stock",N,N,142.8428955078125,0.017834539227831847,1.3882777500085624,1.8775764960545085,1.6486722547654713,-0.18085278410327887,5.388322522749994,0.16974896142527962,0.6417316167696763,1.311216343191624,4946659537.232271,3.7464688213958777,2026-09-08T14:04:36.016816+00:00,56651571200.0,15928011,0.021,,,-30.897732,-0.1789992952783651,2.73913,Healthcare,Biotechnology,1.7214994795346203,1.6652795261572781,1.3949915932548937,1.8341231434782834,1.4979088076555496,80.55667617997817,0.7900000000000001,76.7367353323209,0.8,83.68652279943043,0.74,0.7825,83.68652279943043,acceleration_emerging_momentum,False,53.339362051956584,82.70118815827661,True,False,True
PR,Permian Resources Corporation Class A Common Stock,N,N,23.7450008392334,0.019536277622157927,0.11846450076428705,0.24339215463215602,0.2280888544980515,-0.005236698600971423,1.0190401756626497,0.03679771806910326,0.12439095823563218,0.8389470408842211,203378484.73078412,0.34720825804843786,2026-09-08T14:22:46.884686+00:00,19917107200.0,9995869,0.551,2.329,2.826,10.672962,0.10807401177460041,1.31818,Energy,Oil & Gas E&P,0.1436912543278912,0.11718061529404755,0.12517834401061856,0.19993880205593095,0.07732540738812976,81.96294203155058,1.0000000000000002,70.62182762162787,1.0000000000000002,81.97448564574452,1.0,1.0,81.97448564574452,acceleration_emerging_momentum,False,30.185794146662282,82.55441955224377,False,False,False
RDIB,Reading International Inc - Class B Voting Common Stock,N,N,15.225000381469727,0.0082781454862344,0.6916667090521917,0.7911765154670267,0.43226718885792614,-0.1684871203962035,0.9031250476837158,0.26912019527536013,0.5232616602609301,5.897142891592621,7628768.147325563,1.6066239969701899,2026-09-08T14:07:01.393459+00:00,329160032.0,160409,0.108,,,,,,Communication Services,Entertainment,0.7659718552975163,0.7747641064251749,0.6983805522985232,0.7477231628908017,0.2815037417480044,82.92723510975426,0.7200000000000001,77.84643472387184,0.76,84.58851227341742,0.7,0.6252500000000001,84.58851227341742,acceleration_emerging_momentum,False,68.9674449194344,82.53986513148568,False,False,False
IMMX,"Immix Biopharma, Inc. - Common Stock",N,N,13.125,-0.06450461512443206,0.2956564513054183,0.6203702940589861,0.18030576754274064,-0.09295094970340201,5.696428441097718,0.0050732296996649495,0.18387227546435247,0.7632393121328132,19104749.738336563,0.824479684579128,2026-09-08T14:02:30.067740+00:00,945167616.0,1838888,,,,-14.529904,0.5271114056956923,1.42857,Healthcare,Biotechnology,0.464293277539098,0.4080733241617558,0.3023702945517498,0.5769169414827611,0.029542320432818903,84.57162596255196,0.68,71.59698738550537,0.7000000000000002,81.55751965200865,0.6400000000000001,0.6737500000000001,84.57162596255196,leadership_momentum,False,55.37980927326538,82.40853745191794,True,False,True
IOVA,"Iovance Biotherapeutics, Inc. - Common Stock",N,N,8.670000076293945,0.061199509832417176,0.3546874917345122,1.1893939375694935,1.2287917332864748,-0.03559507263306838,3.7900554422006163,0.09601164609890356,0.44823440555828253,0.5642848380005547,113928126.62276086,1.218457283970396,2026-09-08T14:02:44.996937+00:00,3886494720.0,16260212,0.657,,,-29.865292,0.16550116550116556,1.66667,Healthcare,Biotechnology,1.0333169210496054,0.9770969676722632,0.3614013349808437,1.1459405849932685,1.078028286176553,84.80512838380261,0.7900000000000001,68.44493874074078,0.8,68.08608786604432,0.74,0.7825,84.80512838380261,leadership_momentum,False,51.392634001973036,82.36151558728723,True,False,True
TEAM,Atlassian Corporation  - Class A Common Stock,N,N,180.53500366210938,-0.07022194280999206,0.18874701696541885,1.0239350878774562,1.4100252948382477,-0.07265764097920857,2.1589676087822807,0.03323157969090218,0.4110040395883192,0.8207671924151133,703589745.0766861,0.9916207485695945,2026-09-08T14:08:51.820100+00:00,45896597504.0,4590404,0.276,,,26.88703,0.08226330594010256,1.54545,Technology,Software - Application,1.002589069798852,0.8259623270153564,0.19546086021175035,0.9804817353012312,1.259261847728326,84.48165012052284,0.8300000000000002,70.37301156367302,0.8300000000000001,64.9647853265363,0.77,0.802,84.48165012052284,leadership_momentum,False,47.48602433410063,82.16440441103607,False,False,False
BLSH,Bullish Ordinary Shares,N,N,35.099998474121094,0.03144283670897985,0.4303177328698491,0.27636358087713075,-0.12118178064611274,-0.4948913577039924,0.6108305185572147,0.15916178526597258,0.3277248011062619,0.849288186039634,50574312.68024902,0.7872104770590016,2026-09-08T14:12:57.269903+00:00,5371384320.0,1609793,0.688,,,50.6,0.09793591191417272,2.2,Technology,Software - Infrastructure,0.2550175627985265,0.15182148864494782,0.4370315761161806,0.2329102283009057,-0.27194522775603447,75.73975336088378,0.8300000000000002,82.49077900684861,0.8300000000000001,80.23599590729985,0.77,0.802,82.49077900684861,beaten_down_reversal,False,63.90989805984873,81.7900759516384,False,False,False
PLSE,"Pulse Biosciences, Inc - Common Stock",N,N,51.01499938964844,0.013610123856007794,0.2289810034317572,0.8971736908736097,1.2856182834750798,-0.06753792280491744,3.0296208534375815,0.05003163201137162,0.3281351529314478,1.2505675600764514,23951435.4471817,0.6427519429720703,2026-09-08T14:06:17.644185+00:00,3514778112.0,417375,,,,-42.666668,-0.08177759740259738,,Healthcare,Medical Instruments & Supplies,0.7410966743537215,0.748076652089092,0.2356948466780887,0.8537203382973846,1.134854836365158,85.23757232620419,0.65,70.95181103759333,0.7000000000000002,67.53849481858607,0.6400000000000001,0.6300000000000001,85.23757232620419,leadership_momentum,False,53.720815521210135,81.76185193559614,False,False,False
MU,"Micron Technology, Inc. - Common Stock",N,N,1016.260009765625,0.060006498668944364,0.1803252145942218,0.02063151958538234,1.2024373048112498,-0.16245073544095523,6.742972115397247,0.06854722993312579,0.08581172628360312,0.5456192771163146,25213807442.217052,0.9555830119092152,2026-09-08T14:04:43.227977+00:00,1152319881216.0,43040188,3.457,13.685,13.983,6.581509,0.4830060766441244,1.35417,Technology,Semiconductors,-0.0007144984932219156,0.23409801780133266,0.1870390578405533,-0.022821832990842728,1.051673857701328,74.16115966212271,1.0000000000000002,79.34561723932403,1.0000000000000002,80.92264911586274,1.0,1.0,80.92264911586274,acceleration_emerging_momentum,False,51.377836238079574,81.75775239793563,False,False,False
PBF,PBF Energy Inc. Class A Common Stock,N,N,75.91500091552734,0.0400740257208545,0.1494462625756212,0.8525842551029783,0.7219352281432039,0.0,1.9714892108293292,0.049242911799815436,0.17856286312408898,0.7926258686133646,179438411.85715562,0.6805927450039424,2026-09-08T14:22:13.861087+00:00,9127336960.0,2955332,0.562,,,7.93988,-0.12187818181818177,3.35714,Energy,Oil & Gas Refining & Marketing,0.7528833547987135,0.35633106886991595,0.15616010582195272,0.8091309025267532,0.5711717810332821,83.64218768238221,0.8300000000000002,67.9263582513973,0.8300000000000001,66.31113569838799,0.77,0.802,83.64218768238221,leadership_momentum,False,43.66655705360079,81.41842165971671,False,False,False
DK,"Delek US Holdings, Inc. Common Stock",N,N,76.6500015258789,0.031073517645721083,0.26048346973965275,0.6345671166714582,0.8271728855851461,0.0,1.9191766470958873,0.10187889565361274,0.1999074692406031,1.1123966789799655,108782482.83451653,0.5909741562256817,2026-09-08T14:15:18.668071+00:00,4684873728.0,1365179,0.478,,,16.442907,-0.1330109789569991,2.16667,Energy,Oil & Gas Refining & Marketing,0.5348662163671933,0.1383139304383958,0.26719731298598426,0.5911137640952331,0.6764094384752244,82.36339742627769,0.8300000000000002,68.6579739248722,0.8300000000000001,82.30665148835833,0.77,0.802,82.36339742627769,leadership_momentum,False,42.903650115093726,81.38622944007876,False,False,False
AQST,"Aquestive Therapeutics, Inc. - Common Stock",N,N,5.289999961853027,0.03522501441009318,0.2331002351729763,0.2565320460617895,0.28710457177762216,-0.2937249501326359,0.793220297066312,0.09461486244223516,0.22419698327223747,0.8623033339180118,16672984.178320026,0.540508846036797,2026-09-08T13:57:02.936740+00:00,664584192.0,2686693,0.381,,,-9.289474,0.7626685552407932,1.22222,Healthcare,Drug Manufacturers - Specialty & Generic,0.10045502954190133,0.21627763198464411,0.2398140784193078,0.2130786934855644,0.13634112466770043,79.69574569720231,0.7900000000000001,81.0957405316439,0.8,81.78084981175435,0.74,0.7825,81.78084981175435,acceleration_emerging_momentum,False,60.190726734626764,81.3674775212518,False,False,False
CRBP,"Corbus Pharmaceuticals Holdings, Inc. - Common Stock",N,N,10.600000381469727,-0.028414250254633622,0.12050743538327269,0.36246787861344343,0.10072692165124897,-0.4524793364003288,0.4363143925605135,-0.0017422058499972914,0.08434355171015406,1.2483194705653209,6029463.393703652,0.4857400606434986,2026-09-08T13:59:17.359582+00:00,206951824.0,432648,,,,-1.9407508,2.179906542056075,1.1,Healthcare,Biotechnology,0.20639086209355528,0.15017090871621308,0.1272212786296042,0.31901452603721836,-0.050036525458672765,81.95638219869753,0.68,81.2624310640249,0.7000000000000002,76.38283922126243,0.6400000000000001,0.6737500000000001,81.95638219869753,leadership_momentum,False,55.18250575468595,80.55963579806223,True,False,True
SGMT,Sagimet Biosciences Inc. - Series A Common Stock,N,N,10.890000343322754,0.061403518556215175,0.13793110664490782,0.6936237377997725,1.0982659389709082,-0.009099129197273514,1.3934065685311383,0.04751830409553892,0.2455536711761992,0.7236735902760512,12017431.815465068,0.6362784406473935,2026-09-08T14:07:50.065881+00:00,679387840.0,1259661,,,,-7.9310794,1.6166753584204798,1.3,Healthcare,Biotechnology,0.5375467212798843,0.48132676790254214,0.14464494989123933,0.6501703852235474,0.9475024918609865,83.75506100267225,0.68,63.82247675340527,0.7000000000000002,61.26063911181243,0.6400000000000001,0.6737500000000001,83.75506100267225,leadership_momentum,False,53.69944097336402,80.06283636407758,True,False,True
TEM,"Tempus AI, Inc. - Class A Common Stock",N,N,64.4000015258789,0.021411614673340518,0.16963312603763603,0.2986489479274208,0.2667191450155961,-0.3762711716621898,0.549939896712135,0.04095109043495815,0.15298955905804767,0.9267822866455031,478217338.83149755,0.9054600470935701,2026-09-08T14:08:53.674041+00:00,11728259072.0,6455074,0.216,,,-2704.9521,0.037948769230769175,2.05882,Healthcare,Health Information Services,0.14257193140753266,0.03666099528225608,0.17634696928396754,0.25519559535119574,0.11595569790567439,77.43120887310606,0.7900000000000001,80.21533177321719,0.8,79.47103954863836,0.74,0.7825,80.21533177321719,beaten_down_reversal,False,56.34988490628083,79.86605364161059,False,False,False
ALM,Almonty Industries Inc. - Common Shares,N,N,17.640499114990234,-0.008960681399256765,0.2876276905537025,0.033421173425035144,-0.02860686876580043,-0.24677629984953775,2.982054130599352,0.039218427728602734,0.15488274678560732,0.8036083187830366,105669747.09409866,0.8674135480449491,2026-09-08T13:56:36.012453+00:00,5090329088.0,6462740,4.977,,,14.350854,0.45959749163879593,1.0,Basic Materials,Other Industrial Metals & Mining,-0.00812679042714648,0.1688391975162435,0.294341533800034,-0.010032179151189924,-0.17937031587572216,69.6579024530853,0.8300000000000002,80.05946204007859,0.8300000000000001,79.40248806271842,0.77,0.802,80.05946204007859,beaten_down_reversal,False,57.010851693521865,79.40578768341189,False,False,False
USAS,"Americas Gold and Silver Corporation Common Shares, no par value",N,N,5.45989990234375,0.01674115804479359,0.06430794942365914,0.09416836729038369,-0.25917232196407736,-0.45564306603163174,1.0147231828369594,0.023124720832979673,0.15990445132296482,0.9701930490484139,24867470.412197113,0.7784231187718369,2026-09-08T14:26:02.532025+00:00,1819254016.0,4387759,0.721,,,17.932999,0.7193628134351939,1.25,Basic Materials,Other Industrial Metals & Mining,0.05262040343820207,0.22958639138159204,0.07102179266999065,0.050715014714158624,-0.4099357690739991,71.79536420466609,0.8300000000000002,79.92370837013549,0.8300000000000001,75.64917454420456,0.77,0.802,79.92370837013549,beaten_down_reversal,False,67.11608023676422,79.19887610474198,False,False,False
VZLA,Vizsla Silver Corp. Common Shares,N,N,4.150000095367432,0.02469133331433837,0.06958762189763967,0.19596543549008238,0.15921792843819582,-0.395043729650575,0.4020270411771434,0.05597966611055383,0.17397456570565328,0.9362712357049495,20784005.52267189,0.5748499944062502,2026-09-08T14:26:32.039419+00:00,1476859008.0,5478633,,,,,0.5200772929438633,,Basic Materials,Other Industrial Metals & Mining,0.15441747163790076,0.33138345958129073,0.07630146514397118,0.15251208291385732,0.008454481328274088,77.04988445166289,0.65,81.0497764098834,0.7000000000000002,74.3334116263764,0.6400000000000001,0.5862500000000002,81.0497764098834,beaten_down_reversal,False,63.94771456757646,78.83706665668792,False,False,False
RBLX,Roblox Corporation Class A Common Stock,N,N,43.599998474121094,0.0559456892074095,0.17678810720483584,0.002529243306715223,-0.245544250157532,-0.6920033962555387,0.22678664465290876,0.11375070281317523,-0.036025266346364715,0.7907235233894748,410658347.29265326,0.828229234101402,2026-09-08T14:23:09.706159+00:00,31425398784.0,12027491,0.359,,,-36.406826,0.09853171175267095,2.2,Communication Services,Electronic Gaming & Multimedia,-0.022675416862795172,0.002207683591823828,0.18350195045116735,-0.040924109269509845,-0.39630769726745374,58.556649630937656,0.7900000000000001,80.50899524080087,0.8,72.71624893208153,0.74,0.7825,80.50899524080087,beaten_down_reversal,False,59.18119039789543,78.56616005882987,False,False,False
ALT,"Altimmune, Inc. - Common Stock",N,N,3.399899959564209,0.09321545795725861,0.11472131564533217,0.3127027305924279,-0.03685552772804723,-0.4498543601936946,0.3127027305924279,0.09251459801882955,0.12200588175296723,0.7365357226744247,12559132.64822781,0.47542320275096245,2026-09-08T13:56:40.737337+00:00,682757120.0,4507827,,,,-5.2518964,3.9066153846153853,,Healthcare,Biotechnology,0.15662571407253978,0.10040576069519758,0.12143515889166367,0.26924937801620286,-0.18761897483796897,76.40175141249897,0.65,79.80016282626204,0.7000000000000002,70.74544075153321,0.6400000000000001,0.6300000000000001,79.80016282626204,beaten_down_reversal,False,62.195001644195976,77.87696341911418,True,False,True
BRCB,"Black Rock Coffee Bar, Inc. - Class A Common Stock",N,N,9.515000343322754,-0.0036649054149826554,0.3034246705087984,0.35156255609101894,-0.445512795575129,-0.6582255642538752,0.5371567456164683,0.07785114032114326,0.14150325270445152,0.8220005937954779,3260806.1972174644,0.7732493590668117,2026-09-08T13:58:01.147506+00:00,211638960.0,402024,0.25,,,34.035713,0.24419097586568728,2.125,Consumer Cyclical,Restaurants,0.378916264607021,0.32244751958461404,0.3101385137551299,0.3081092035147939,-0.5962762426850508,72.80457685621455,0.8300000000000002,79.57239420841373,0.8300000000000001,75.78381605241891,0.77,0.802,79.57239420841373,beaten_down_reversal,False,74.49029924366985,77.86036807241567,False,False,False
SNDK,Sandisk Corporation - Common Stock When-Issued,N,N,1760.1400146484375,0.12346975777453206,0.42185274667561257,-0.06450669647636165,1.4440618970757924,-0.24619271321266056,23.968294858798036,0.13126627072792685,0.1402535151288764,0.7650634404647298,20161540084.60971,1.370174434699641,2026-09-08T14:08:12.821143+00:00,258748743680.0,14119288,3.716,,,6.6756167,0.20253001957921657,1.54167,Technology,Computer Hardware,-0.0858527145549659,0.0,0.4285665899219441,-0.10796004905258672,1.2932984499658706,59.87620981550159,0.8300000000000002,78.61453790129399,0.8300000000000001,75.20187399864325,0.77,0.802,78.61453790129399,beaten_down_reversal,False,54.847089773100954,77.39646072889681,False,False,False
DPRO,Draganfly Inc. - Common Shares,N,N,5.855000019073486,0.0802582908959999,0.2404661608757721,-0.10061446801528806,-0.13515509075788867,-0.5748003032365641,0.5407894980379091,0.19967217286491623,0.2486404723381257,2.189210494277504,9118207.536212802,0.8211165716106507,2026-09-08T14:00:00.040293+00:00,221776688.0,1215680,0.26,,,-8.519864,0.8390710217755444,1.33333,Technology,Computer Hardware,-0.12196048609389232,-0.036107771538926414,0.2471800041221036,-0.14406782059151313,-0.2859185378678104,49.59918073007786,0.7900000000000001,79.38518456200725,0.8,70.12552636599415,0.74,0.7825,79.38518456200725,beaten_down_reversal,False,72.3364024991779,76.37888129619573,False,False,False
ANGX,"Angel Studios, Inc. Class A Common Stock",N,N,4.625,0.09857481189850281,0.09597161847014135,0.583904068204695,0.32521489609219656,-0.7109375,1.1215595680599169,0.04881230308113982,0.10437211977871597,0.61365610544937,6341039.121895027,0.7582784326481461,2026-09-08T14:11:40.441976+00:00,874019520.0,1337256,0.275,,,-19.5,0.7094017094017095,,Communication Services,Entertainment,0.5586994080351846,0.5674916591628432,0.10268546171647286,0.5404507156284699,0.17445144898227483,78.32966827064843,0.7600000000000001,78.9711831583766,0.8,57.5473459067068,0.74,0.73875,78.9711831583766,beaten_down_reversal,False,73.70272936534035,76.36484686759127,False,False,False
BTDR,Bitdeer Technologies Group - Ordinary Shares,N,N,12.40999984741211,0.14377874756637254,0.42725707682304814,-0.296883846139964,0.34162160512563355,-0.5208494196836467,0.7046702595821506,0.18995107826350788,0.08510320511052494,0.8873248031505044,145384140.25489312,1.1400285361178175,2026-09-08T13:58:05.351155+00:00,3397277952.0,11931853,0.471,,,-33.557045,0.7415384,1.38462,Technology,Software - Application,-0.31822986421856825,-0.4948566070020638,0.43397092006937965,-0.34033719871618906,0.19085815801571182,45.23538925343147,0.7900000000000001,78.75731932996095,0.8,68.5282252752602,0.74,0.7825,78.75731932996095,beaten_down_reversal,False,62.74580730023018,76.09674552898987,False,False,False
CAPR,"Capricor Therapeutics, Inc. - Common Stock",N,N,9.0,-0.0918264239579929,1.3376623955680151,-0.6405750930137113,-0.7114459812152765,-0.7453310707090943,1.3376623955680151,0.1522949854766975,-0.2644775366723905,1.0829138043401407,85324439.12242675,2.18257003392291,2026-09-08T13:58:18.614611+00:00,519762528.0,6296569,,,,-6.049615,2.1879194630872485,2.44444,Healthcare,Biotechnology,-0.7966521095335994,-0.8528720629109416,1.3443762388143465,-0.6840284455899364,-0.8622094283251982,34.51029845683867,0.68,80.06326076532596,0.7000000000000002,66.76086360939523,0.6400000000000001,0.6737500000000001,80.06326076532596,beaten_down_reversal,False,65.85004932587965,75.64376094388807,True,False,True
PSNYW,Polestar Automotive Holding UK Limited - Class C-1 ADS (ADW),N,N,4.80049991607666,-0.16513044937797217,0.8678988485495569,0.7023049750772261,0.1623486157521592,-0.48381722391154747,1.182045369103922,0.1995177135674977,0.5289141365311585,4.3635323930780086,2871150.2729110243,3.2278875344860727,2026-09-08T14:06:38.087085+00:00,788626752.0,267482,-0.044,,,,,,Consumer Cyclical,Auto Manufacturers,0.7296586835932282,0.6993443578756531,0.8746126917958884,0.658851622501001,0.011585168642237464,74.69905580331401,0.7200000000000001,78.58045654945768,0.76,77.1174932864399,0.7,0.6252500000000001,78.58045654945768,beaten_down_reversal,False,77.72278855639593,75.20521561134697,False,False,False
