ticker,name,sector,market_cap,avg_daily_dollar_volume,previous_close,last_premarket,selection_price,selection_price_source,selection_bar_timestamp,snapshot_mode,premarket_volume,premarket_dollar_volume,premarket_volume_intensity_pct,gap_pct,broad_qualifier,nasdaq_premarket_ok,strict_activity_pass,activity_score,positive_gap,premarket_rvol,premarket_volume_metric_source,premarket_volume_gate_pass,atr_pct,resistance_price,resistance_room_pct,market_relative_strength_pct,sector_relative_strength_pct,catalyst_quality,catalyst_headline,catalyst_age_hours,catalyst_source,bid,ask,spread_pct,spread_source,spread_order_authoritative,score,pts_catalyst_quality,pts_relative_premarket_volume,pts_gap_quality,pts_liquidity_dollar_volume,pts_room_to_resistance,pts_atr_suitability,pts_sector_market_relative_strength,pts_execution_spread,premarket_eligible,premarket_gate_count,premarket_grade,premarket_a_grade,premarket_failures,quote_data_degraded
ON,ON Semiconductor Corporation - Common Stock,Technology,26827948032.0,882758684.7376206,80.07,83.48999786376953,83.48999786376953,fresh Yahoo intraday bar,2026-10-02 14:49:00-04:00,CURRENT_LIVE_MANUAL,957026.0,79902098.6955719,9.051408961138788,4.271259977231856,True,True,True,6.840260575773236,True,8.062696928339147,historical_premarket_rvol,True,4.441933528276729,86.44999694824219,3.5453337647732175,3.49826099416114,2.9384564544346015,0.95,"ON Semiconductor, Synaptics stocks jump on revised merger deal - Yahoo Finance",3.8678155069444444,Google News RSS,83.77,83.79,0.023872045834340216,Nasdaq quote,True,90.982,23.75,20.0,15.0,14.522,4.432,4.203,4.274,4.801,True,7,A,True,,False
SYNA,Synaptics Incorporated - Common Stock,Technology,3570467840.0,93267142.86723748,106.15,121.36000061035156,121.36000061035156,fresh Yahoo intraday bar,2026-10-02 14:49:00-04:00,CURRENT_LIVE_MANUAL,1444285.0,175278428.4815216,187.93159422823143,14.328780603251579,True,True,True,10.318696757547674,True,189.4144262295082,historical_premarket_rvol,True,4.445451903947583,121.9800033569336,0.5108789909886946,13.555781620180863,12.995977080454324,0.95,Synaptics (SYNA) Soars As Onsemi Ups All-Cash Buyout To $123 - StocksToTrade,2.789482173611111,Google News RSS,121.56,121.61,0.04112349385203533,Nasdaq quote,True,76.566,23.75,20.0,12.403,5.909,0.639,4.208,5.0,4.657,False,5,REJECT,False,"price_cap,score80",False
RKLB,Rocket Lab Corporation - Common Stock,Industrials,40864755712.0,1432795165.965854,70.62,73.2156982421875,73.2156982421875,fresh Yahoo intraday bar,2026-10-02 14:49:00-04:00,CURRENT_LIVE_MANUAL,894032.0,65457177.130859375,4.56849511260979,3.6755851631088854,True,True,True,6.634872401115132,True,0.7820495437770242,historical_premarket_rvol,False,5.613052003212591,76.08989715576172,3.92565936346978,2.902586180038169,2.8127998092763784,0.95,"RKLB Stock Eyes Worst Month Ever, But Cathie Wood Keeps Buying — ARK Adds Rocket Lab, Cuts Exposure To $8B Takeover Target - Stocktwits",5.766148840277778,Google News RSS,73.56,73.58,0.02718499388337097,Nasdaq quote,True,72.297,23.75,0.0,15.0,15.0,4.907,5.0,3.867,4.773,False,5,REJECT,False,"pm_volume_strength,score80",False
GATX,GATX Corporation Common Stock,Industrials,6190388224.0,46599592.10715637,168.88,172.61000061035156,172.61000061035156,fresh Yahoo intraday bar,2026-10-02 14:47:00-04:00,CURRENT_LIVE_MANUAL,6118.0,1056027.9837341309,2.2661743075041962,2.2086692387207396,True,True,True,5.01736459863822,True,7.6475,historical_premarket_rvol,True,2.8917367028121914,186.64999389648438,8.133939653836508,1.4356702556500234,1.3458838848882326,0.6,GATX stock reports a USD 2.84 EPS beat in second quarter - AD HOC NEWS,43.20142661805556,Google News RSS,172.37,172.68,0.17968410375308058,Nasdaq quote,True,71.141,15.0,20.0,15.0,3.25,10.0,1.988,2.4,3.503,False,5,REJECT,False,"price_cap,score80",False
BULL,Webull Corporation - Class A Ordinary Shares,Technology,4953297408.0,102329391.45044842,7.03,7.414999961853027,7.414999961853027,fresh Yahoo intraday bar,2026-10-02 14:49:00-04:00,CURRENT_LIVE_MANUAL,837295.0,6208542.3930597305,6.067213246417214,5.4765286181085004,True,True,True,6.575630437526722,True,3.4458144195827796,historical_premarket_rvol,True,5.888929747375798,7.60830020904541,2.606881297192576,4.703529635037784,4.143725095311246,0.65,Webull (BULL) Stock May Be Overvalued Despite Its AI Platform Launch - Yahoo Finance,3.1525377291666663,Google News RSS,7.39,7.4,0.13522650439487052,Nasdaq quote,True,66.876,16.25,12.229,15.0,6.265,3.259,5.0,5.0,3.873,False,6,REJECT,False,score80,False
NBIS,Nebius Group N.V. - Class A Ordinary Shares,Communication Services,58325491712.0,3563572551.8421507,235.76,242.00999450683594,242.00999450683594,fresh Yahoo intraday bar,2026-10-02 14:49:00-04:00,CURRENT_LIVE_MANUAL,732299.0,177223676.96736145,4.9732024362952165,2.6509986880030256,True,True,True,6.550061446130672,True,0.9205969871558757,historical_premarket_rvol,False,6.232210317525619,250.47999572753906,3.499855961718912,1.8779997049323094,2.5012309794864906,0.76,NBIS Stock Gains Premarket: Nebius Acquires Inferize To Target AI’s ‘Idle GPU Tax’ - Stocktwits,18.487815506944447,Google News RSS,242.01,242.12,0.045442339867396625,Nasdaq quote,True,66.123,19.0,0.0,15.0,15.0,4.375,5.0,3.127,4.621,False,4,REJECT,False,"pm_volume_strength,price_cap,score80",False
CRDO,Credo Technology Group Holding Ltd - Ordinary Shares,Technology,30377730048.0,1576776104.8567917,210.0,220.1999969482422,220.1999969482422,fresh Yahoo intraday bar,2026-10-02 14:49:00-04:00,CURRENT_LIVE_MANUAL,199813.0,43998821.990219116,2.7904292724054973,4.857141403924858,True,True,True,6.979101969384704,True,0.513737337378516,historical_premarket_rvol,False,5.595044324585195,231.58999633789062,5.172570185060277,4.084142420854143,3.524337881127604,0.6,How Optical Revenue Surge Will Impact Credo Technology Group Holding (CRDO) Investors - Simply Wall Street,42.52892661805556,Google News RSS,219.11,219.31,0.091236713653569,Nasdaq quote,True,65.566,15.0,0.0,15.0,15.0,6.466,5.0,4.86,4.24,False,4,REJECT,False,"pm_volume_strength,price_cap,score80",False
CCL,Carnival Corporation Ltd. Common Shares,Consumer Cyclical,30865043456.0,609188641.4891766,25.07,25.625,25.625,fresh Yahoo intraday bar,2026-10-02 14:49:00-04:00,CURRENT_LIVE_MANUAL,527825.0,13525515.625,2.220250789958352,2.213801356202638,True,True,True,5.74080005780509,True,0.46071495594261846,historical_premarket_rvol,False,3.735192062962761,25.850000381469727,0.8780502691501546,1.440802373131922,1.0236503067277747,1.0,Earnings Beat Could Be A Fresh Catalyst For Carnival Stock (CCL) - Simply Wall Street,3.6450377291666665,Google News RSS,25.75,25.76,0.03882741215298607,Nasdaq quote,True,64.342,25.0,0.0,15.0,13.101,1.098,3.193,2.274,4.676,False,5,REJECT,False,"pm_volume_strength,score80",False
AEHR,Aehr Test Systems - Common Stock,Technology,3166304000.0,242174379.8449402,101.6,106.5,106.5,fresh Yahoo intraday bar,2026-10-02 14:49:00-04:00,CURRENT_LIVE_MANUAL,112481.0,11979226.5,4.94652923553271,4.822834645669305,True,True,True,6.550110714671696,True,1.2487482653344435,historical_premarket_rvol,False,6.9684786575900715,109.4800033569336,2.7981252177780247,4.049835662598589,3.4900311228720504,0.76,"A trust acquired 1,089 Aehr Test Systems (AEHR) shares; CFO Chris Siu had 194 withheld for taxes. - Stock Titan",19.187537729166667,Google News RSS,106.08,106.24,0.15071590052750244,Nasdaq quote,True,61.878,19.0,1.244,15.0,9.566,3.498,5.0,4.826,3.744,False,4,REJECT,False,"pm_volume_strength,price_cap,score80",False
AAOI,"Applied Optoelectronics, Inc. - Common Stock",Technology,9067992064.0,769175111.1277233,106.85,115.3499984741211,115.3499984741211,fresh Yahoo intraday bar,2026-10-02 14:49:00-04:00,CURRENT_LIVE_MANUAL,503781.0,58111137.5812912,7.554994531231225,7.9550757829865315,True,True,True,8.055398288398695,True,1.6312778069204017,historical_premarket_rvol,True,6.1193881914319,117.69999694824219,2.0372765541460502,7.182076799915816,6.622272260189277,0.39,Learn Why The Bull Case For Applied Optoelectronics (AAOI) Could Change Following AI Network Automation Launch - Simply Wall Street,43.85809328472222,Google News RSS,115.19,115.28,0.0781012713151416,Nasdaq quote,True,58.796,9.75,3.156,15.0,13.994,2.547,5.0,5.0,4.349,False,5,REJECT,False,"price_cap,score80",False
ECHO,EchoStar Corporation - Common stock,Communication Services,26608949248.0,300358819.82872087,88.25,93.75,93.75,fresh Yahoo intraday bar,2026-10-02 14:49:00-04:00,CURRENT_LIVE_MANUAL,494354.0,46345687.5,15.43010707207751,6.232294617563738,True,True,True,7.326535392016886,True,20.7502518468771,historical_premarket_rvol,True,3.044571940104167,94.5,0.8000000000000007,5.459295634493023,6.082526909047203,0.0,,inf,NO_VERIFIED_CATALYST,94.44,94.49,0.05292965648652639,Nasdaq quote,True,58.157,0.0,20.0,15.0,10.391,1.0,2.207,5.0,4.559,False,5,REJECT,False,"catalyst,score80",False
QGEN,Qiagen N.V. Common Shares,Healthcare,8714089472.0,89067348.86510602,42.04,45.16999816894531,45.16999816894531,fresh Yahoo intraday bar,2026-10-02 14:49:00-04:00,CURRENT_LIVE_MANUAL,32331.0,1460391.210800171,1.6396482318250627,7.445285844303795,True,True,True,6.969804895348697,True,0.9482343969967152,historical_premarket_rvol,False,3.161072018408415,45.599998474121094,0.9519599792045419,6.672286861233079,7.598711040321382,0.95,Qiagen (QGEN) Stock Surges 7.3% Amid Advanced Acquisition Talks - gurufocus.com,2.0428155069444447,Google News RSS,44.85,44.87,0.044583147570209584,Nasdaq quote,True,57.674,23.75,0.0,15.0,5.733,1.19,2.373,5.0,4.628,False,5,REJECT,False,"pm_volume_strength,score80",False
SMTC,Semtech Corporation - Common Stock,Technology,14469670912.0,588706753.1478897,185.0,197.38999938964844,197.38999938964844,fresh Yahoo intraday bar,2026-10-02 14:49:00-04:00,CURRENT_LIVE_MANUAL,73225.0,14453882.705307007,2.4551922715376135,6.697296967377531,True,True,True,7.320026778846419,True,0.897530183244469,historical_premarket_rvol,False,5.887186116753629,201.97000122070312,2.3202805842325036,5.924297984306815,5.364493444580276,0.48,Semtech (NASDAQ:SMTC) Stock Price Target Raised at Oppenheimer - MarketBeat,30.250315506944446,Google News RSS,196.01,196.3,0.14784226759451477,Nasdaq quote,True,56.638,12.0,0.0,15.0,12.97,2.9,5.0,5.0,3.768,False,4,REJECT,False,"pm_volume_strength,price_cap,score80",False
LUNR,"Intuitive Machines, Inc. - Class A Common Stock",Industrials,2413202688.0,113327526.30900936,14.05,14.640000343322754,14.640000343322754,fresh Yahoo intraday bar,2026-10-02 14:49:00-04:00,CURRENT_LIVE_MANUAL,343266.0,5025414.357851028,4.434416351900479,4.199290699806069,True,True,True,6.0961461710680815,True,1.1384140881504328,historical_premarket_rvol,False,7.070648048390893,15.979999542236328,9.152999777931981,3.4262917167353524,3.3365053459735616,0.39,Intuitive Machines vs. Rocket Lab: Which Space Stock Can Send Your Returns Into Orbit in 2026? (LUNR) Key PointsIntuitive Machines provides essential cislunar infrastructure and lu,31.322815506944444,Nasdaq company news,14.68,14.69,0.068096697310179,Nasdaq quote,True,55.921,9.75,0.692,15.0,6.656,10.0,5.0,4.39,4.433,False,5,REJECT,False,"pm_volume_strength,score80",False
VSAT,"ViaSat, Inc. - Common Stock",Technology,10184272896.0,118679862.4579895,70.35,72.63500213623047,72.63500213623047,fresh Yahoo intraday bar,2026-10-02 14:49:00-04:00,CURRENT_LIVE_MANUAL,190094.0,13807478.096084595,11.634221518391284,3.2480485234263945,True,True,True,5.964743853387578,True,10.966539748471213,historical_premarket_rvol,True,5.095545429779809,73.40609741210938,1.0616028818071443,2.4750495403556783,1.91524500062914,0.0,,inf,NO_VERIFIED_CATALYST,72.31,72.44,0.17962003454230804,Nasdaq quote,True,54.914,0.0,20.0,15.0,6.833,1.327,5.0,3.251,3.503,False,5,REJECT,False,"catalyst,score80",False
LIFE,Ethos Technologies Inc. - Class A Common Stock,Financial Services,3725720064.0,63798981.48937225,32.57,34.20000076293945,34.20000076293945,fresh Yahoo intraday bar,2026-10-02 14:49:00-04:00,CURRENT_LIVE_MANUAL,90920.0,3109464.069366455,4.873845940447239,5.004607807612693,True,True,True,6.234283976030896,True,10.026466696074106,historical_premarket_rvol,True,8.338534058401994,34.81999969482422,1.8128623334904281,4.231608824541977,4.883018720671228,0.0,,inf,NO_VERIFIED_CATALYST,34.0,34.15,0.4402054292002892,Nasdaq quote,True,53.052,0.0,20.0,15.0,4.454,2.266,5.0,5.0,1.332,False,5,REJECT,False,"catalyst,score80",False
APLD,Applied Digital Corporation - Common Stock,Technology,7474347520.0,418044038.5984985,24.1867,25.065000534057617,25.065000534057617,fresh Yahoo intraday bar,2026-10-02 14:49:00-04:00,CURRENT_LIVE_MANUAL,978362.0,24522644.05250168,5.866043236668165,3.631336784503958,True,True,True,6.320517563980143,True,1.629891613995222,historical_premarket_rvol,True,6.403065594191512,26.850000381469727,7.121483380727245,2.8583378014332417,2.2985332617067034,0.0,,inf,NO_VERIFIED_CATALYST,25.2,25.21,0.03967466772466401,Nasdaq quote,True,52.012,0.0,3.149,15.0,11.658,8.902,5.0,3.634,4.669,False,5,REJECT,False,"catalyst,score80",False
AZTA,"Azenta, Inc. - Common Stock",Healthcare,1301985408.0,32080897.62055092,34.48,38.470001220703125,38.470001220703125,fresh Yahoo intraday bar,2026-10-02 14:49:00-04:00,CURRENT_LIVE_MANUAL,20353.0,782979.9348449707,2.4406422292354946,11.57192929438262,True,True,True,8.203612340003206,True,3.6931591362729086,historical_premarket_rvol,True,3.931636898741457,41.994998931884766,9.16297790311642,10.798930311311905,11.725354490400207,0.0,,inf,NO_VERIFIED_CATALYST,38.35,38.43,0.20838760093773975,Nasdaq quote,True,51.08,0.0,13.466,14.057,1.82,10.0,3.474,5.0,3.263,False,5,REJECT,False,"catalyst,score80",False
BTDR,Bitdeer Technologies Group - Ordinary Shares,Technology,3147238400.0,115526119.43419604,10.64,10.914999961853027,10.914999961853027,fresh Yahoo intraday bar,2026-10-02 14:49:00-04:00,CURRENT_LIVE_MANUAL,380141.0,4149239.0004987717,3.5916025058404113,2.584586107641229,True,True,True,5.4952269778832,True,2.124143672958505,historical_premarket_rvol,True,7.763233490291113,11.824999809265137,8.337149341204576,1.8115871245705129,1.2517825848439745,0.0,,inf,NO_VERIFIED_CATALYST,11.0,11.01,0.09086778736937562,Nasdaq quote,True,49.182,0.0,5.621,15.0,6.73,10.0,5.0,2.588,4.243,False,5,REJECT,False,"catalyst,score80",False
TSM,Taiwan Semiconductor Manufacturing Company Ltd.,Technology,2207466913792.0,4405158290.884958,458.68,471.77801513671875,471.77801513671875,fresh Yahoo intraday bar,2026-10-02 14:49:00-04:00,CURRENT_LIVE_MANUAL,234719.0,110735263.93487549,2.5137635613232354,2.855588893502814,True,True,True,6.54817709174302,True,0.5440551660195863,historical_premarket_rvol,False,2.0971082897117808,474.19989013671875,0.5133505424787854,2.0825899104320977,1.5227853707055594,0.39,Intel vs. Taiwan Semiconductor Manufacturing: Which Technology Stock Is a Better Buy in 2026? (TSM) Key PointsIntel is pivoting toward a foundry model while strengthening its opera,31.322815506944444,Nasdaq company news,472.9,472.92,0.0042291345076311895,Nasdaq quote,True,49.069,9.75,0.0,15.0,15.0,0.642,0.853,2.859,4.965,False,4,REJECT,False,"pm_volume_strength,price_cap,score80",False
LITE,Lumentum Holdings Inc. - Common Stock,Technology,87330578432.0,4585073241.095752,1044.5385,1086.949951171875,1086.949951171875,fresh Yahoo intraday bar,2026-10-02 14:49:00-04:00,CURRENT_LIVE_MANUAL,385547.0,419070292.8244629,9.13988219573811,4.060305213438742,True,True,True,7.233405174173229,True,1.9467154758899268,historical_premarket_rvol,True,5.718726428908505,1091.6099853515625,0.42872573614483045,3.2873062303680256,2.7275016906414873,0.0,,inf,NO_VERIFIED_CATALYST,1084.2,1085.0,0.07375991148810203,Nasdaq quote,True,48.718,0.0,4.734,15.0,15.0,0.536,5.0,4.063,4.385,False,4,REJECT,False,"catalyst,price_cap,score80",False
BE,Bloom Energy Corporation Class A Common Stock,Industrials,77858308096.0,4802952233.989634,278.3,289.8550109863281,289.8550109863281,fresh Yahoo intraday bar,2026-10-02 14:49:00-04:00,CURRENT_LIVE_MANUAL,540618.0,156700836.32940674,3.2625941024452203,4.151998198465012,True,True,True,7.077283114429602,True,0.6119471746209981,historical_premarket_rvol,False,7.143425309437959,302.35400390625,4.312153471968583,3.378999215394296,3.2892128446325053,0.0,,inf,NO_VERIFIED_CATALYST,289.96,290.35,0.1344109183023016,Nasdaq quote,True,48.613,0.0,0.0,15.0,15.0,5.39,5.0,4.343,3.88,False,3,REJECT,False,"catalyst,pm_volume_strength,price_cap,score80",False
HUT,Hut 8 Corp. - Common Stock,Financial Services,11050212352.0,425847965.6234909,86.36,88.32499694824219,88.32499694824219,fresh Yahoo intraday bar,2026-10-02 14:49:00-04:00,CURRENT_LIVE_MANUAL,99296.0,8770318.896972656,2.059495314045211,2.2753554287195277,True,True,True,5.646582238676081,True,0.9382860706624964,historical_premarket_rvol,False,7.81391687989238,97.93000030517578,10.874614988735365,1.5023564456488114,2.153766341778063,0.0,,inf,NO_VERIFIED_CATALYST,88.64,88.82,0.2028626169277501,Nasdaq quote,True,47.801,0.0,0.0,15.0,11.729,10.0,5.0,2.763,3.309,False,4,REJECT,False,"catalyst,pm_volume_strength,score80",False
CLS,"Celestica, Inc. Common Stock",Technology,41690460160.0,780375494.2434494,370.16,383.8399963378906,383.8399963378906,fresh Yahoo intraday bar,2026-10-02 14:49:00-04:00,CURRENT_LIVE_MANUAL,68208.0,26180958.470214844,3.3549180699986607,3.6956981677897627,True,True,True,6.410048577128065,True,1.7157087158847943,historical_premarket_rvol,True,4.864189972607121,391.4898986816406,1.9929925012337257,2.9226991847190464,2.362894644992508,0.0,,inf,NO_VERIFIED_CATALYST,386.58,386.99,0.10600204247838595,Nasdaq quote,True,47.742,0.0,3.579,15.0,14.05,2.491,4.806,3.699,4.117,False,4,REJECT,False,"catalyst,price_cap,score80",False
WOLF,"Wolfspeed, Inc. Common Stock New",Technology,1316973056.0,71110269.67774563,31.17,35.19499969482422,35.19499969482422,fresh Yahoo intraday bar,2026-10-02 14:49:00-04:00,CURRENT_LIVE_MANUAL,202670.0,7132970.588150024,10.030858581291993,12.913056447944227,True,True,True,9.173927916882938,True,3.114550036882223,historical_premarket_rvol,True,6.135124563380398,36.489601135253906,3.6783675284988604,12.140057464873511,11.580252925146972,0.0,,inf,NO_VERIFIED_CATALYST,35.62,35.65,0.08418689490669605,Nasdaq quote,True,47.591,0.0,10.573,13.252,4.87,4.598,5.0,5.0,4.298,False,5,REJECT,False,"catalyst,score80",False
COHR,Coherent Corp. Common Stock,Technology,59712188416.0,2035092513.0740845,318.421,336.1199951171875,336.1199951171875,fresh Yahoo intraday bar,2026-10-02 14:49:00-04:00,CURRENT_LIVE_MANUAL,318817.0,107160768.48327637,5.265646047776274,5.5583630216560875,True,True,True,7.420660007625617,True,1.5110741420087495,historical_premarket_rvol,True,5.7728093879648545,337.2200012207031,0.3272658929832861,4.785364038585371,4.225559498858833,0.0,,inf,NO_VERIFIED_CATALYST,336.17,336.44,0.0802842657706492,Nasdaq quote,True,47.295,0.0,2.555,15.0,15.0,0.409,5.0,5.0,4.331,False,4,REJECT,False,"catalyst,price_cap,score80",False
SMCI,"Super Micro Computer, Inc. - Common Stock",Technology,25153009664.0,1534544033.952036,41.81,43.630001068115234,43.630001068115234,fresh Yahoo intraday bar,2026-10-02 14:49:00-04:00,CURRENT_LIVE_MANUAL,771010.0,33639167.12352753,2.1921278490063165,4.353028146652083,True,True,True,6.747836077873214,True,0.5940208836851314,historical_premarket_rvol,False,5.139811380517811,44.584999084472656,2.1888562754478924,3.5800291635813664,3.020224623854828,0.0,,inf,NO_VERIFIED_CATALYST,43.78,43.79,0.02283887175973053,Nasdaq quote,True,46.902,0.0,0.0,15.0,15.0,2.736,5.0,4.356,4.81,False,4,REJECT,False,"catalyst,pm_volume_strength,score80",False
AVGO,Broadcom Inc. - Common Stock,Technology,1708518408192.0,8714356739.645252,343.97,355.6000061035156,355.6000061035156,fresh Yahoo intraday bar,2026-10-02 14:49:00-04:00,CURRENT_LIVE_MANUAL,1617111.0,575044681.4700623,6.59881961056223,3.3811105920619866,True,True,True,7.113301490133532,True,1.891187577259124,historical_premarket_rvol,True,2.7981219522082252,361.8599853515625,1.7603990834085037,2.6081116089912704,2.048307069264732,0.0,,inf,NO_VERIFIED_CATALYST,354.91,354.96,0.01408708636791371,Nasdaq quote,True,46.777,0.0,4.456,15.0,15.0,2.2,1.854,3.384,4.883,False,4,REJECT,False,"catalyst,price_cap,score80",False
TSLA,"Tesla, Inc.  - Common Stock",Consumer Cyclical,1447884357632.0,13634837099.006376,354.47,371.5899963378906,371.5899963378906,fresh Yahoo intraday bar,2026-10-02 14:49:00-04:00,CURRENT_LIVE_MANUAL,1808762.0,672117864.9561157,4.929416171793468,4.829744784577139,True,True,True,7.689691112938934,True,1.4586966777823924,historical_premarket_rvol,False,3.0801996019725832,374.3599853515625,0.7454422995696319,4.056745801506423,3.6395937351022756,0.0,,inf,NO_VERIFIED_CATALYST,372.19,372.22,0.008060074421361765,Nasdaq quote,True,45.305,0.0,2.293,15.0,15.0,0.932,2.257,4.89,4.933,False,3,REJECT,False,"catalyst,pm_volume_strength,price_cap,score80",False
AXTI,AXT Inc - Common Stock,Technology,4412093952.0,631129858.9312531,81.4892,85.5999984741211,85.5999984741211,fresh Yahoo intraday bar,2026-10-02 14:49:00-04:00,CURRENT_LIVE_MANUAL,437331.0,37435532.93268585,5.931510354474226,5.04459299406681,True,True,True,6.933609102432613,True,0.7233382015577215,historical_premarket_rvol,False,7.838786026814598,87.55000305175781,2.278042771491706,4.271594010996093,3.7117894712695554,0.0,,inf,NO_VERIFIED_CATALYST,85.25,85.34,0.10551614983293675,Nasdaq quote,True,45.205,0.0,0.0,15.0,13.236,2.848,5.0,5.0,4.121,False,4,REJECT,False,"catalyst,pm_volume_strength,score80",False
HPE,Hewlett Packard Enterprise Company Common Stock,Technology,74975215616.0,1393804601.5267434,64.4,70.12000274658203,70.12000274658203,fresh Yahoo intraday bar,2026-10-02 14:49:00-04:00,CURRENT_LIVE_MANUAL,341911.0,23974800.25908661,1.7200976544936881,8.881991842518676,True,True,True,8.258427272607848,True,0.7343875181765266,historical_premarket_rvol,False,5.132757321931609,70.29000091552734,0.2424389079956235,8.10899285944796,7.549188319721422,0.0,,inf,NO_VERIFIED_CATALYST,69.53,69.55,0.02876042565429397,Nasdaq quote,True,45.063,0.0,0.0,15.0,15.0,0.303,5.0,5.0,4.76,False,4,REJECT,False,"catalyst,pm_volume_strength,score80",False
ORCL,Oracle Corporation Common Stock,Technology,453069275136.0,5209511759.002967,138.1,141.91000366210938,141.91000366210938,fresh Yahoo intraday bar,2026-10-02 14:49:00-04:00,CURRENT_LIVE_MANUAL,1255552.0,178175388.91796875,3.4201936219848212,2.7588730355607494,True,True,True,6.621846438927247,True,0.5578480707831232,historical_premarket_rvol,False,4.465103859822088,144.86000061035156,2.0787801226939573,1.9858740524900331,1.4260695127634948,0.0,,inf,NO_VERIFIED_CATALYST,142.36,142.43,0.04915902946029929,Nasdaq quote,True,44.186,0.0,0.0,15.0,15.0,2.598,4.236,2.762,4.59,False,3,REJECT,False,"catalyst,pm_volume_strength,price_cap,score80",False
AMD,"Advanced Micro Devices, Inc. - Common Stock",Technology,830676729856.0,12714915753.21206,616.64,631.8200073242188,631.8200073242188,fresh Yahoo intraday bar,2026-10-02 14:49:00-04:00,CURRENT_LIVE_MANUAL,974323.0,615596764.9961548,4.841532393485515,2.4617292624900644,True,True,True,6.837651287277025,True,1.0620690181407526,historical_premarket_rvol,False,3.9950323460490202,645.4598999023438,2.1588256813661832,1.6887302794193482,1.1289257396928098,0.0,,inf,NO_VERIFIED_CATALYST,632.83,633.07,0.03791768702109315,Nasdaq quote,True,43.722,0.0,0.31,15.0,15.0,2.699,3.564,2.465,4.684,False,3,REJECT,False,"catalyst,pm_volume_strength,price_cap,score80",False
DELL,Dell Technologies Inc. Class C Common Stock ,Technology,329319219200.0,4662307258.966492,541.51,564.8599853515625,564.8599853515625,fresh Yahoo intraday bar,2026-10-02 14:49:00-04:00,CURRENT_LIVE_MANUAL,142692.0,80601001.02978516,1.728779262129803,4.312013693479799,True,True,True,7.000778167000621,True,0.5427759582796042,historical_premarket_rvol,False,4.786012035133721,567.9998779296875,0.555870952014903,3.539014710409083,2.9792101706825447,0.0,,inf,NO_VERIFIED_CATALYST,564.86,565.8,0.16627456529813403,Nasdaq quote,True,43.318,0.0,0.0,15.0,15.0,0.695,4.694,4.315,3.614,False,3,REJECT,False,"catalyst,pm_volume_strength,price_cap,score80",False
VSH,"Vishay Intertechnology, Inc. Common Stock",Technology,4721777664.0,105613731.13219643,34.27,38.54999923706055,38.54999923706055,fresh Yahoo intraday bar,2026-10-02 14:49:00-04:00,CURRENT_LIVE_MANUAL,91588.0,3530717.3301239014,3.3430476248438867,12.489055258420034,True,True,True,8.92245174475178,True,2.7130754191599027,historical_premarket_rvol,True,4.24865538810202,38.939998626708984,1.0116715885003291,11.716056275349318,11.15625173562278,0.0,,inf,NO_VERIFIED_CATALYST,38.54,38.57,0.0778109194657013,Nasdaq quote,True,43.002,0.0,8.565,13.507,6.386,1.265,3.927,5.0,4.352,False,5,REJECT,False,"catalyst,score80",False
CIEN,Ciena Corporation Common Stock,Technology,48203554816.0,899768995.7800598,379.14,391.3700866699219,391.3700866699219,fresh Yahoo intraday bar,2026-10-02 14:49:00-04:00,CURRENT_LIVE_MANUAL,38978.0,15254823.238220215,1.6954155244030118,3.2257442290240856,True,True,True,6.152369915867757,True,0.6820178124617242,historical_premarket_rvol,False,5.357369963018642,393.9200134277344,0.6515384912294309,2.4527452459533694,1.892940706226831,0.0,,inf,NO_VERIFIED_CATALYST,393.99,394.3,0.07865125778584083,Nasdaq quote,True,42.983,0.0,0.0,15.0,14.595,0.814,5.0,3.229,4.345,False,3,REJECT,False,"catalyst,pm_volume_strength,price_cap,score80",False
FPS,"Forgent Power Solutions, Inc. Class A Common Stock",Industrials,9015661568.0,394259704.33245945,37.33,40.2599983215332,40.2599983215332,fresh Yahoo intraday bar,2026-10-02 14:49:00-04:00,CURRENT_LIVE_MANUAL,253230.0,10195039.374961853,2.585868974924429,7.8489105854090635,True,True,True,7.620050191616033,True,1.1771678799542578,historical_premarket_rvol,False,6.530764833568428,40.560001373291016,0.7451640940515203,7.075911602338348,6.9861252315765565,0.0,,inf,NO_VERIFIED_CATALYST,40.37,40.39,0.04952947003467838,Nasdaq quote,True,42.837,0.0,0.886,15.0,11.433,0.931,5.0,5.0,4.587,False,4,REJECT,False,"catalyst,pm_volume_strength,score80",False
NVTS,Navitas Semiconductor Corporation - Common Stock,Technology,2917667584.0,163546149.95347595,12.12,12.460000038146973,12.460000038146973,fresh Yahoo intraday bar,2026-10-02 14:49:00-04:00,CURRENT_LIVE_MANUAL,720338.0,8975411.507478714,5.487999265058794,2.805280842796809,True,True,True,5.753450826165695,True,0.8158652098224853,historical_premarket_rvol,False,6.167735544735171,13.194999694824219,5.89887363103534,2.0322818597260928,1.4724773199995544,0.0,,inf,NO_VERIFIED_CATALYST,12.41,12.42,0.08054772452678041,Nasdaq quote,True,42.573,0.0,0.0,15.0,8.062,7.374,5.0,2.808,4.329,False,4,REJECT,False,"catalyst,pm_volume_strength,score80",False
QMCO,Quantum Corporation - Common Stock,Technology,956874816.0,50834799.22206096,31.885,34.20500183105469,34.20500183105469,fresh Yahoo intraday bar,2026-10-02 14:49:00-04:00,CURRENT_LIVE_MANUAL,244524.0,8363943.867736816,16.453185604610564,7.276154401927815,True,True,True,7.202971262474151,True,2.870168437114854,historical_premarket_rvol,True,8.42190944614808,34.79999923706055,1.739504090497257,6.503155418857098,5.94335087913056,0.0,,inf,NO_VERIFIED_CATALYST,34.7,34.81,0.3165012228456321,Nasdaq quote,True,42.471,0.0,9.351,15.0,3.584,2.174,5.0,5.0,2.362,False,5,REJECT,False,"catalyst,score80",False
LRCX,Lam Research Corporation - Common Stock,Technology,375590256640.0,2847186928.656522,339.17,348.3800048828125,348.3800048828125,fresh Yahoo intraday bar,2026-10-02 14:49:00-04:00,CURRENT_LIVE_MANUAL,200467.0,69838694.43884277,2.45290162496626,2.7154538676216866,True,True,True,6.371135300343331,True,0.8389285056663152,historical_premarket_rvol,False,3.704346549862514,352.55999755859375,1.199837136803339,1.9424548845509704,1.382650344824432,0.0,,inf,NO_VERIFIED_CATALYST,347.01,347.14,0.037455881293667205,Nasdaq quote,True,42.056,0.0,0.0,15.0,15.0,1.5,3.149,2.719,4.688,False,3,REJECT,False,"catalyst,pm_volume_strength,price_cap,score80",False
KLAC,KLA Corporation  - Common Stock,Technology,228763271168.0,1720593225.0814652,200.2,206.46539306640625,206.46539306640625,fresh Yahoo intraday bar,2026-10-02 14:49:00-04:00,CURRENT_LIVE_MANUAL,192287.0,39700611.03656006,2.307379249077326,3.1295669662368963,True,True,True,6.361942815875795,True,0.9090724281391831,historical_premarket_rvol,False,3.306678255506554,208.67999267578125,1.072625090570356,2.35656798316618,1.7967634434396418,0.0,,inf,NO_VERIFIED_CATALYST,206.36,206.38,0.009691331104318366,Nasdaq quote,True,41.974,0.0,0.0,15.0,15.0,1.341,2.581,3.133,4.919,False,3,REJECT,False,"catalyst,pm_volume_strength,price_cap,score80",False
PL,Planet Labs PBC Class A Common Stock,Industrials,6323677696.0,209380939.51069394,16.2658,17.344999313354492,17.344999313354492,fresh Yahoo intraday bar,2026-10-02 14:49:00-04:00,CURRENT_LIVE_MANUAL,234085.0,4060204.1642665863,1.9391469795459655,6.6347755004641185,True,True,True,6.960205396532269,True,0.9228697925085453,historical_premarket_rvol,False,5.255529194421459,17.729999542236328,2.2196612517903835,5.861776517393402,5.7719901466316115,0.0,,inf,NO_VERIFIED_CATALYST,17.66,17.67,0.0566091140673737,Nasdaq quote,True,41.311,0.0,0.0,15.0,9.008,2.775,5.0,5.0,4.528,False,4,REJECT,False,"catalyst,pm_volume_strength,score80",False
IBRX,"ImmunityBio, Inc. - Common Stock",Healthcare,8282620416.0,110551666.5945661,9.28,10.125,10.125,fresh Yahoo intraday bar,2026-10-02 14:49:00-04:00,CURRENT_LIVE_MANUAL,213948.0,2166223.5,1.95946706795868,9.105603448275868,True,True,True,7.646740734019875,True,0.7514963329305645,historical_premarket_rvol,False,6.676542695867953,10.550000190734863,4.197532747998656,8.332604465205153,9.259028644293455,0.0,,inf,NO_VERIFIED_CATALYST,10.19,10.2,0.09808729769494641,Nasdaq quote,True,40.991,0.0,0.0,15.0,6.561,5.247,5.0,5.0,4.183,False,4,REJECT,False,"catalyst,pm_volume_strength,score80",False
ASML,ASML Holding N.V. - New York Registry Shares,Technology,650304356352.0,2305102388.6829834,1812.0,1861.2750244140625,1861.2750244140625,fresh Yahoo intraday bar,2026-10-02 14:49:00-04:00,CURRENT_LIVE_MANUAL,65108.0,121183894.28955078,5.257202234682036,2.7193722082816008,True,True,True,6.461868524121964,True,0.6829749291933285,historical_premarket_rvol,False,2.464016854026013,1873.5,0.6568065130399425,1.9463732252108845,1.3865686854843462,0.0,,inf,NO_VERIFIED_CATALYST,1864.35,1864.86,0.027351637478178537,Nasdaq quote,True,39.692,0.0,0.0,15.0,15.0,0.821,1.377,2.722,4.772,False,3,REJECT,False,"catalyst,pm_volume_strength,price_cap,score80",False
DKS,Dick's Sporting Goods Inc Common Stock,Consumer Cyclical,11508429824.0,392652102.1822769,132.85,137.11500549316406,137.11500549316406,fresh Yahoo intraday bar,2026-10-02 14:49:00-04:00,CURRENT_LIVE_MANUAL,60194.0,8253500.640655518,2.1019881454306026,3.210391790112199,True,True,True,5.954925897123616,True,1.4612676911125677,historical_premarket_rvol,False,3.4355921993498977,137.35000610351562,0.17138941832539611,2.437392807041483,2.0202407406373357,0.0,,inf,NO_VERIFIED_CATALYST,137.2,137.34,0.10198878123407504,Nasdaq quote,True,39.124,0.0,2.306,15.0,11.418,0.214,2.765,3.271,4.15,False,3,REJECT,False,"catalyst,pm_volume_strength,price_cap,score80",False
STM,STMicroelectronics N.V. Common Stock,Technology,44727738368.0,451397203.49205476,53.5,56.94499969482422,56.94499969482422,fresh Yahoo intraday bar,2026-10-02 14:49:00-04:00,CURRENT_LIVE_MANUAL,431926.0,24596025.938186646,5.448865377966297,6.439251766026577,True,True,True,7.310539115013475,True,0.929666833834478,historical_premarket_rvol,False,2.8331515637941345,57.08000183105469,0.23707461050832546,5.66625278295586,5.106448243229322,0.0,,inf,NO_VERIFIED_CATALYST,57.08,57.09,0.017517736708426233,Nasdaq quote,True,39.007,0.0,0.0,15.0,11.952,0.296,1.905,5.0,4.854,False,4,REJECT,False,"catalyst,pm_volume_strength,score80",False
BRUN,Boost Run Inc. - Class A Common Stock,Technology,1351286528.0,33242059.71672783,15.89,16.459999084472656,16.459999084472656,fresh Yahoo intraday bar,2026-10-02 14:49:00-04:00,CURRENT_LIVE_MANUAL,39185.0,644985.064125061,1.9402680508407135,3.587155975284184,True,True,True,5.374139522437847,True,1.4709636247606892,historical_premarket_rvol,False,7.569866869640444,17.459999084472656,6.075334481296157,2.814156992213468,2.2543524524869296,0.0,,inf,NO_VERIFIED_CATALYST,16.35,16.39,0.24434941967012305,Nasdaq quote,True,38.459,0.0,2.355,15.0,1.956,7.594,5.0,3.59,2.964,False,4,REJECT,False,"catalyst,pm_volume_strength,score80",False
VECO,Veeco Instruments Inc. - Common Stock,Technology,2656694016.0,31784682.4034729,53.19,58.349998474121094,58.349998474121094,fresh Yahoo intraday bar,2026-10-02 14:48:00-04:00,CURRENT_LIVE_MANUAL,17683.0,1031803.0230178833,3.246227254751947,9.701068761272968,True,True,True,7.601936199876845,True,2.007834676961508,historical_premarket_rvol,True,4.562370110465305,59.9900016784668,2.8106311006555806,8.928069778202252,8.368265238475713,0.0,,inf,NO_VERIFIED_CATALYST,57.38,57.47,0.15672616456246638,Nasdaq quote,True,38.405,0.0,5.039,15.0,1.784,3.513,4.375,5.0,3.694,False,5,REJECT,False,"catalyst,score80",False
NCLH,Norwegian Cruise Line Holdings Ltd. Ordinary Shares,Consumer Cyclical,6704142848.0,291377632.33919096,14.64,14.984999656677246,14.984999656677246,fresh Yahoo intraday bar,2026-10-02 14:49:00-04:00,CURRENT_LIVE_MANUAL,494598.0,7411550.860193253,2.543623819266096,2.356555031948404,True,True,True,5.609144595128541,True,0.9960327689259074,historical_premarket_rvol,False,3.9849367913340275,15.279999732971191,1.968635856207679,1.5835560488776879,1.1664039824735406,0.0,,inf,NO_VERIFIED_CATALYST,15.06,15.07,0.06637902422834242,Nasdaq quote,True,38.15,0.0,0.0,15.0,10.275,2.461,3.55,2.417,4.447,False,4,REJECT,False,"catalyst,pm_volume_strength,score80",False
AMKR,"Amkor Technology, Inc. - Common Stock",Technology,12255436800.0,193817865.88915712,52.9,55.88999938964844,55.88999938964844,fresh Yahoo intraday bar,2026-10-02 14:49:00-04:00,CURRENT_LIVE_MANUAL,65673.0,3670463.929916382,1.8937696548653005,5.652172759259799,True,True,True,6.589863659451976,True,0.8156312874139944,historical_premarket_rvol,False,4.248140253402065,56.290000915527344,0.7156942749099171,4.8791737761890825,4.319369236462545,0.0,,inf,NO_VERIFIED_CATALYST,56.25,56.28,0.05331911490269464,Nasdaq quote,True,38.089,0.0,0.0,15.0,8.712,0.895,3.926,5.0,4.556,False,4,REJECT,False,"catalyst,pm_volume_strength,score80",False
MXL,"MaxLinear, Inc - Common Stock",Technology,6021121024.0,245963344.1652054,92.12,105.2300033569336,105.2300033569336,fresh Yahoo intraday bar,2026-10-02 14:49:00-04:00,CURRENT_LIVE_MANUAL,94729.0,9968332.987998962,4.052771774522452,14.231440899841076,True,True,True,9.808558534419696,True,1.1831216356301597,historical_premarket_rvol,False,6.720652132629637,105.8499984741211,0.5891809345330179,13.45844191677036,12.898637377043821,0.0,,inf,NO_VERIFIED_CATALYST,104.96,105.08,0.11426394972386646,Nasdaq quote,True,37.786,0.0,0.916,12.461,9.625,0.736,5.0,5.0,4.048,False,3,REJECT,False,"catalyst,pm_volume_strength,price_cap,score80",False
PENG,"Penguin Solutions, Inc. - Common Stock",Technology,2511660800.0,74509487.15841675,54.98,60.95500183105469,60.95500183105469,fresh Yahoo intraday bar,2026-10-02 14:49:00-04:00,CURRENT_LIVE_MANUAL,49559.0,3020868.9357452393,4.054341334174645,10.867591544297373,True,True,True,8.29415870281199,True,1.4999697336561744,historical_premarket_rvol,False,4.958108110476083,61.4900016784668,0.8776963847773045,10.094592561226657,9.534788021500118,0.0,,inf,NO_VERIFIED_CATALYST,61.25,61.28,0.04896759977148639,Nasdaq quote,True,37.657,0.0,2.5,14.479,5.049,1.097,4.94,5.0,4.592,False,4,REJECT,False,"catalyst,pm_volume_strength,score80",False
FCEL,"FuelCell Energy, Inc. - Common Stock",Industrials,1295257984.0,96803678.55100441,16.57,18.049999237060547,18.049999237060547,fresh Yahoo intraday bar,2026-10-02 14:49:00-04:00,CURRENT_LIVE_MANUAL,113480.0,2048313.9134216309,2.11594636080116,8.931799861560318,True,True,True,7.56343675547254,True,0.7509512622836912,historical_premarket_rvol,False,6.545310151808051,18.389999389648438,1.8836574346762225,8.158800878489602,8.069014507727811,0.0,,inf,NO_VERIFIED_CATALYST,18.14,18.17,0.16524373450840615,Nasdaq quote,True,37.03,0.0,0.0,15.0,6.052,2.355,5.0,5.0,3.623,False,4,REJECT,False,"catalyst,pm_volume_strength,score80",False
OUST,"Ouster, Inc. - Common Stock",Technology,2564314880.0,84393910.24160996,40.87,42.92499923706055,42.92499923706055,fresh Yahoo intraday bar,2026-10-02 14:49:00-04:00,CURRENT_LIVE_MANUAL,71572.0,3072228.0453948975,3.6403432861440663,5.028136131785055,True,True,True,6.26446392026566,True,0.9981034194232163,historical_premarket_rvol,False,5.876363663047387,43.900001525878906,2.2714089834544815,4.255137148714338,3.6953326089878002,0.0,,inf,NO_VERIFIED_CATALYST,43.23,43.3,0.16179359759621006,Nasdaq quote,True,37.017,0.0,0.0,15.0,5.526,2.839,5.0,5.0,3.652,False,4,REJECT,False,"catalyst,pm_volume_strength,score80",False
LFUS,"Littelfuse, Inc. - Common Stock",Technology,10650784768.0,77503208.21512756,435.55,458.6549987792969,458.6549987792969,fresh Yahoo intraday bar,2026-10-02 14:49:00-04:00,CURRENT_LIVE_MANUAL,8571.0,3931131.9945373535,5.072218408850397,5.304786770588188,True,True,True,6.402072237584798,True,1.8870541611624836,historical_premarket_rvol,True,2.8701167381238792,461.32501220703125,0.5821398294667102,4.531787787517471,3.9719832477909334,0.0,,inf,NO_VERIFIED_CATALYST,458.59,458.92,0.07193382088479491,Nasdaq quote,True,36.721,0.0,4.435,15.0,5.2,0.728,1.957,5.0,4.401,False,4,REJECT,False,"catalyst,price_cap,score80",False
CCXI,Churchill Capital Corp XI - Class A Ordinary Shares,Financial Services,724099968.0,27613152.58215151,11.62,12.069899559020996,12.069899559020996,fresh Yahoo intraday bar,2026-10-02 14:49:00-04:00,CURRENT_LIVE_MANUAL,89031.0,1074595.2276391983,3.891606452548961,3.8717690105077196,True,True,True,5.557402560591437,True,1.138343711242664,historical_premarket_rvol,False,5.675274026186744,12.75,5.634681860054913,3.0987700274370034,3.7501799235662547,0.0,,inf,NO_VERIFIED_CATALYST,11.99,12.03,0.3330557868442893,Nasdaq quote,True,35.564,0.0,0.692,15.0,1.245,7.043,5.0,4.359,2.225,False,4,REJECT,False,"catalyst,pm_volume_strength,score80",False
KALU,Kaiser Aluminum Corporation - Common Stock,Basic Materials,2667354368.0,32302519.371418,148.39,151.67999267578125,151.67999267578125,fresh Yahoo intraday bar,2026-10-02 14:43:00-04:00,CURRENT_LIVE_MANUAL,5317.0,806482.5210571289,2.4966551734993243,2.2171255986126237,True,True,True,4.935808970335257,True,1.327922077922078,historical_premarket_rvol,False,3.7202368377560773,154.7100067138672,1.9976359338061522,1.4441266155419075,1.166447318718622,0.0,,inf,NO_VERIFIED_CATALYST,151.41,151.65,0.15838447832113053,Nasdaq quote,True,30.168,0.0,1.64,15.0,1.846,2.497,3.172,2.333,3.68,False,3,REJECT,False,"catalyst,pm_volume_strength,price_cap,score80",False
PLPC,Preformed Line Products Company - Common Stock,Industrials,1951862784.0,29010628.44344177,407.03,426.1099853515625,426.1099853515625,fresh Yahoo intraday bar,2026-10-02 14:45:00-04:00,CURRENT_LIVE_MANUAL,11307.0,4818025.604370117,16.60779467002306,4.687611564642058,True,True,True,6.140466571623842,True,1.3347104999114678,historical_premarket_rvol,False,4.049314236718531,427.62936409337675,0.3565696167764587,3.9146125815713417,3.824826210809551,0.0,,inf,NO_VERIFIED_CATALYST,425.17,426.56,0.32639451469362035,Nasdaq quote,True,29.355,0.0,1.674,15.0,1.434,0.446,3.642,4.879,2.28,False,3,REJECT,False,"catalyst,pm_volume_strength,price_cap,score80",False
CVSA,Covista Inc. Common Shares,Consumer Defensive,4267787264.0,43747232.37852249,123.32,125.97000122070312,125.97000122070312,fresh Yahoo intraday bar,2026-10-02 14:49:00-04:00,CURRENT_LIVE_MANUAL,6667.0,839841.9981384277,1.9197602967696408,2.148881949970094,True,True,True,4.946187714011852,True,1.2964511424404472,historical_premarket_rvol,False,2.816996801639897,126.95999908447266,0.7858997016559677,1.3758829668993777,1.899910483149636,0.0,,inf,NO_VERIFIED_CATALYST,125.79,125.99,0.1588688537612111,Nasdaq quote,True,28.614,0.0,1.482,15.0,3.008,0.982,1.881,2.585,3.676,False,3,REJECT,False,"catalyst,pm_volume_strength,price_cap,score80",False
DXYZ,Destiny Tech100 Inc. Common Stock,Financial Services,979471168.0,24492492.52025795,31.0,32.80500030517578,32.80500030517578,fresh Yahoo intraday bar,2026-10-02 14:49:00-04:00,CURRENT_LIVE_MANUAL,27370.0,897872.8583526611,3.66591051364014,5.822581629599299,True,True,True,6.194656846772781,True,1.0993733933161953,historical_premarket_rvol,False,3.475950670857454,32.95000076293945,0.4420071830963934,5.049582646528583,5.7009925426578345,0.0,,inf,NO_VERIFIED_CATALYST,32.72,32.82,0.30515715593531106,Nasdaq quote,True,27.116,0.0,0.497,15.0,0.786,0.553,2.823,5.0,2.457,False,4,REJECT,False,"catalyst,pm_volume_strength,score80",False
