ticker,name,sector,market_cap,avg_daily_dollar_volume,previous_close,last_premarket,premarket_volume,premarket_dollar_volume,premarket_volume_intensity_pct,gap_pct,broad_qualifier,nasdaq_premarket_ok,strict_activity_pass,activity_score,positive_gap,premarket_rvol,premarket_volume_metric_source,premarket_volume_gate_pass,atr_pct,resistance_price,resistance_room_pct,market_relative_strength_pct,sector_relative_strength_pct,catalyst_quality,catalyst_headline,catalyst_age_hours,catalyst_source,bid,ask,spread_pct,spread_source,spread_order_authoritative,score,pts_catalyst_quality,pts_relative_premarket_volume,pts_gap_quality,pts_liquidity_dollar_volume,pts_room_to_resistance,pts_atr_suitability,pts_sector_market_relative_strength,pts_execution_spread,premarket_eligible,premarket_gate_count,premarket_grade,premarket_a_grade,premarket_failures,quote_data_degraded
GFS,GlobalFoundries Inc. - Ordinary Share,Technology,24770623488.0,168165260.15181637,42.93,44.6,312430.0,13934378.0,8.28612163262514,3.8900535755881815,True,True,True,6.221505422540746,True,,nasdaq_pm_volume_pct_adv,True,4.126521274877007,47.33000183105469,6.1210803386876345,2.458735996866601,1.9925925849939352,0.9,"GlobalFoundries, Marvell Expand Partnership For Next-Gen Optical Connectivity (GFS) (RTTNews) - GlobalFoundries Inc. (GFS), a semiconductor manufacturer, and Marvell Technology, In",1.0833333333333333,Nasdaq company news,46.3,46.36,0.12950571983596434,Nasdaq quote,True,80.836,22.5,16.572,15.0,8.168,7.651,3.752,3.272,3.921,True,6,B,False,,False
MRVL,"Marvell Technology, Inc. - Common Stock",Technology,205776404480.0,5370244990.01152,229.98,240.5,778802.0,187301881.0,3.4877716258452893,4.574310809635618,True,True,True,7.269651565578009,True,,nasdaq_pm_volume_pct_adv,True,5.645380793391047,247.67999267578125,2.985443940033794,3.1429932309140374,2.6768498190413714,0.9,"GlobalFoundries, Marvell Expand Partnership For Next-Gen Optical Connectivity (MRVL) (RTTNews) - GlobalFoundries Inc. (GFS), a semiconductor manufacturer, and Marvell Technology, I",1.0833333333333333,Nasdaq company news,246.79,246.99,0.08100773623881771,Nasdaq quote,True,76.49,22.5,6.976,15.0,15.0,3.732,5.0,3.957,4.325,False,5,REJECT,False,score80,False
IONQ,"IonQ, Inc. Common Stock",Technology,15184443392.0,746172108.8621365,36.8631,38.25,876060.0,33509295.0,4.490826526751245,3.762298884250104,True,True,True,6.477696792670312,True,,nasdaq_pm_volume_pct_adv,True,6.002427216003589,39.26499938964844,2.653593175551472,2.330981305528524,1.8648378936558578,0.8,"IonQ CEO Sells Over 16,000 Shares Worth Nearly $600,000 After the Company Raised Its Full-Year Sales Outlook - The Motley Fool",19.466666666666665,Google News RSS,39.08,39.1,0.05116398055769538,Nasdaq quote,True,73.896,20.0,8.982,15.0,13.878,3.317,5.0,3.145,4.574,False,5,REJECT,False,score80,False
LRCX,Lam Research Corporation - Common Stock,Technology,375590256640.0,2219901790.732947,269.8,280.0,455197.0,127455160.0,5.741477417247276,3.7805782060785775,True,True,True,6.839879964557307,True,,nasdaq_pm_volume_pct_adv,True,4.877548996283084,303.69000244140625,8.460715157645083,2.349260627356997,1.8831172154843312,0.39,"Top Stock Reports for Cisco, Lam Research & Thermo Fisher (LRCX) Cisco, Lam Research and Thermo Fisher headline today's research reports, with AI demand, customer activity and grow",25.083333333333332,Nasdaq company news,271.54,271.76,0.08098656359284757,Nasdaq quote,True,73.546,9.75,11.483,15.0,15.0,10.0,4.825,3.163,4.325,False,5,REJECT,False,score80,False
IREN,IREN Limited - Ordinary Shares,Financial Services,17149432832.0,1826451104.580104,42.63,45.64,2338261.0,106718232.04,5.842928495177768,7.060755336617408,True,True,True,7.93629335771011,True,,nasdaq_pm_volume_pct_adv,True,6.56081660901021,46.16999816894531,1.1612580388810523,5.629437757895827,6.343787698498327,0.6,"IREN Rebounds After Earnings Dip: Time to Buy or Hold the Stock? (IREN) IREN's AI cloud revenues surge as contracted demand grows, but heavy spending, execution risks and a premium",25.083333333333332,Nasdaq company news,43.04,43.05,0.023231501916594285,Nasdaq quote,True,72.944,15.0,11.686,15.0,15.0,1.452,5.0,5.0,4.806,False,5,REJECT,False,score80,False
HOOD,"Robinhood Markets, Inc. - Class A Common Stock",Financial Services,102457352192.0,2297666178.108345,104.44,109.91,1994689.0,219236267.99,9.541693657626798,5.237456913060123,True,True,True,7.458777886111258,True,,nasdaq_pm_volume_pct_adv,True,6.275980479723112,116.4000015258789,5.904832613846711,3.806139334338543,4.520489274941042,0.0,,inf,NO_VERIFIED_CATALYST,107.35,107.43,0.07449483192104712,Nasdaq quote,True,70.843,0.0,19.083,15.0,15.0,7.381,5.0,5.0,4.379,False,4,REJECT,False,"catalyst,score80",False
CLSK,"CleanSpark, Inc. - Common Stock",Financial Services,3257724672.0,219049231.1053978,12.79,13.49,968048.0,13058967.52,5.961658689281838,5.473025801407361,True,True,True,6.785826355878092,True,,nasdaq_pm_volume_pct_adv,True,6.631896441030538,14.029999732971191,4.002963179919883,4.041708222685781,4.756058163288279,0.6,CleanSpark (CLSK) Stock Could Trade Above Fair Value Following Texas Power Approval - Yahoo Finance,26.915555555555557,Google News RSS,12.96,12.97,0.07713073659853287,Nasdaq quote,True,70.465,15.0,11.923,15.0,9.181,5.004,5.0,5.0,4.357,False,5,REJECT,False,score80,False
FPS,"Forgent Power Solutions, Inc. Class A Common Stock",Industrials,9015661568.0,158165882.04246807,34.86,36.88,374962.0,13828598.56,8.743098310093814,5.794606999426288,True,True,True,6.881285187539546,True,,nasdaq_pm_volume_pct_adv,True,6.482413135004886,37.86000061035156,2.657268466246099,4.363289420704708,4.040117046252223,0.6400000000000001,Forgent Power Solutions (NYSE:FPS) Price Target Raised to $76.00 at TD Cowen - MarketBeat,23.600833333333334,Google News RSS,37.24,37.46,0.5890227576974535,Nasdaq quote,True,69.832,16.0,17.486,15.0,7.933,3.322,5.0,5.0,0.091,False,5,REJECT,False,score80,False
RKLB,Rocket Lab Corporation - Common Stock,Industrials,40864755712.0,1091232957.8013897,63.7,65.7,766717.0,50373306.9,4.616182689486567,3.139717425431709,True,True,True,6.3724748017805135,True,,nasdaq_pm_volume_pct_adv,True,4.526526908766681,67.55999755859375,2.8310465123192463,1.7083998467101287,1.3852274722576436,0.57,RKLB Stock Alert: What to Know as Rocket Lab Inches Closer to Iridium Acquisition - Barchart.com,40.22388888888889,Google News RSS,67.01,67.03,0.029841838257230704,Nasdaq quote,True,68.675,14.25,9.232,15.0,15.0,3.539,4.324,2.579,4.751,False,5,REJECT,False,score80,False
QCOM,QUALCOMM Incorporated - Common Stock,Technology,184021483520.0,1665226857.705185,185.4,190.6,301366.0,57440359.6,3.4494014634833223,2.8047464940668787,True,True,True,6.317603671832494,True,,nasdaq_pm_volume_pct_adv,True,4.23201215306345,191.89999389648438,0.682053460904708,1.3734289153452983,0.9072855034726324,0.76,QCOM Stock Jumps Over 4% — Qualcomm Reportedly Eyes Tenstorrent Acquisition To Power AI Chip Ambitions - Stocktwits,22.47222222222222,Google News RSS,189.19,189.35,0.0845353199133495,Nasdaq quote,True,67.138,19.0,6.899,15.0,15.0,0.853,3.903,2.187,4.296,False,5,REJECT,False,score80,False
CRDO,Credo Technology Group Holding Ltd - Ordinary Shares,Technology,30377730048.0,1352465979.449402,161.6,168.61,541473.0,91297762.53,6.7504664751100005,4.337871287128725,True,True,True,6.92668728079761,True,,nasdaq_pm_volume_pct_adv,True,7.829226659050008,169.8000030517578,0.7057725234314693,2.9065537084071447,2.4404102965344787,0.39,"Credo Powers AI Networks With New 1.6T ZeroFlap Optics Launch (CRDO) CRDO's new 1.6T ZeroFlap optical transceivers combine 224G DSPs and SiPho PICs to target faster, denser AI netw",25.083333333333332,Nasdaq company news,167.5,167.66,0.09547678720610848,Nasdaq quote,True,67.057,9.75,13.501,15.0,15.0,0.882,5.0,3.72,4.204,False,5,REJECT,False,score80,False
CRCL,"Circle Internet Group, Inc. Class A Common Stock",Financial Services,25261295616.0,1304925246.9227462,80.3863,83.0,1282532.0,106450156.0,8.157567358822204,3.2514246830616544,True,True,True,6.573331601808206,True,,nasdaq_pm_volume_pct_adv,True,8.782702920358892,97.75,17.771084337349397,1.820107104340074,2.534457044942573,0.0,,inf,NO_VERIFIED_CATALYST,83.5,83.75,0.29895366218236175,Nasdaq quote,True,66.93,0.0,16.315,15.0,15.0,10.0,5.0,3.106,2.509,False,4,REJECT,False,"catalyst,score80",False
NBIS,Nebius Group N.V. - Class A Ordinary Shares,Communication Services,58325491712.0,4363970412.483281,209.9,230.02,1833398.0,421718207.96,9.663635820116038,9.585516912815638,True,True,True,9.16416733753729,True,,nasdaq_pm_volume_pct_adv,True,6.378017747128403,234.9499969482422,2.143290560926081,8.154199334094058,8.709410718125387,0.0,,inf,NO_VERIFIED_CATALYST,216.64,216.8,0.07382798080473653,Nasdaq quote,True,66.391,0.0,19.327,15.0,15.0,2.679,5.0,5.0,4.385,False,4,REJECT,False,"catalyst,score80",False
CCXI,Churchill Capital Corp XI - Class A Ordinary Shares,Financial Services,724099968.0,32374611.08034153,12.11,12.58,267304.0,3362684.32,10.386794490457634,3.881090008257648,True,True,True,5.797431159328801,True,,nasdaq_pm_volume_pct_adv,True,5.408242537762504,13.0,3.338632750397452,2.4497724295360674,3.1641223701385663,0.57,Humanoid robot powers Churchill XI (NASDAQ: CCXI) merger pitch - stocktitan.net,40.306111111111115,Google News RSS,12.48,12.52,0.3199999999999932,Nasdaq quote,True,66.347,14.25,20.0,15.0,1.855,4.173,5.0,3.736,2.333,False,5,REJECT,False,score80,False
COIN,"Coinbase Global, Inc. - Class A Common Stock",Financial Services,45353566208.0,1695557990.8574402,164.69,169.55,621189.0,105322594.95,6.211677543198543,2.950998846317332,True,True,True,6.488846823644133,True,,nasdaq_pm_volume_pct_adv,True,7.118843818828792,193.22000122070312,13.960484353113012,1.5196812675957516,2.2340312081982505,0.0,,inf,NO_VERIFIED_CATALYST,167.42,167.55,0.07761889124400624,Nasdaq quote,True,64.581,0.0,12.423,15.0,15.0,10.0,5.0,2.805,4.353,False,4,REJECT,False,"catalyst,score80",False
AAOI,"Applied Optoelectronics, Inc. - Common Stock",Technology,9067992064.0,1056645776.961158,96.67,100.92,568496.0,57372616.32,5.429692482659589,4.396400124133648,True,True,True,6.834943022589373,True,,nasdaq_pm_volume_pct_adv,True,6.417486744716465,108.66999816894531,7.679348165819766,2.9650825454120677,2.498939133539402,0.0,,inf,NO_VERIFIED_CATALYST,100.33,100.45,0.11953381810937798,Nasdaq quote,True,63.241,0.0,10.859,15.0,15.0,9.599,5.0,3.779,4.004,False,4,REJECT,False,"catalyst,score80",False
BMNR,"BitMine Immersion Technologies, Inc. Common Stock",Financial Services,14806191104.0,999366388.5684768,22.83,23.52,2260746.0,53172745.92,5.320645814010843,3.0223390275952777,True,True,True,6.334323697254952,True,,nasdaq_pm_volume_pct_adv,True,7.7295604553815815,26.969999313354492,14.668364427527614,1.5910214488736973,2.3053713894761962,0.0,,inf,NO_VERIFIED_CATALYST,23.88,23.89,0.04186728072012377,Nasdaq quote,True,63.167,0.0,10.641,15.0,14.998,10.0,5.0,2.877,4.651,False,4,REJECT,False,"catalyst,score80",False
AEHR,Aehr Test Systems - Common Stock,Technology,3166304000.0,266166202.0878464,84.25,88.8,203403.0,18062186.4,6.786055576672615,5.400593471810078,True,True,True,6.840784940605725,True,,nasdaq_pm_volume_pct_adv,True,8.772514348171239,102.79000091552734,15.754505535503771,3.9692758930884975,3.5031324812158315,0.0,,inf,NO_VERIFIED_CATALYST,89.6,89.74,0.15612802498048464,Nasdaq quote,True,61.982,0.0,13.572,15.0,9.928,10.0,5.0,4.783,3.699,False,4,REJECT,False,"catalyst,score80",False
APLD,Applied Digital Corporation - Common Stock,Technology,7474347520.0,408403523.66514575,24.39,25.77,1166982.0,30073126.14,7.363581457406148,5.658056580565796,True,True,True,7.067718058455972,True,,nasdaq_pm_volume_pct_adv,True,5.999223654230126,26.8700008392334,4.2685325542623165,4.226739001844216,3.7605955899715493,0.0,,inf,NO_VERIFIED_CATALYST,25.42,25.44,0.07864726700746982,Nasdaq quote,True,60.976,0.0,14.727,15.0,11.568,5.336,5.0,5.0,4.345,False,4,REJECT,False,"catalyst,score80",False
ORCL,Oracle Corporation Common Stock,Technology,453069275136.0,3222727856.851743,143.24,146.66,1042919.0,152954500.54,4.746119043679351,2.387601228707048,True,True,True,6.420358173756901,True,,nasdaq_pm_volume_pct_adv,True,5.393427241489746,166.0,13.186963043774714,0.9562836499854677,0.4901402381128017,0.0,,inf,NO_VERIFIED_CATALYST,148.88,148.95,0.047006681664031956,Nasdaq quote,True,60.87,0.0,9.492,15.0,15.0,10.0,5.0,1.77,4.608,False,4,REJECT,False,"catalyst,score80",False
NXPI,NXP Semiconductors N.V. - Common Stock,Technology,55400468480.0,661493769.85784,218.98,222.0,543181.0,120586182.0,18.229375316099333,1.3791213809480452,True,True,True,5.883381530112938,True,,nasdaq_pm_volume_pct_adv,True,3.271067856284128,237.53113859794018,6.9960083774505355,-0.052196197773535236,-0.5183396096462012,0.0,,inf,NO_VERIFIED_CATALYST,221.12,221.28,0.07233273056057712,Nasdaq quote,True,60.192,0.0,20.0,10.343,13.416,8.745,2.53,0.761,4.397,False,4,REJECT,False,"catalyst,score80",False
STLA,Stellantis N.V. Common Shares,Consumer Cyclical,15201803264.0,102694241.07480434,4.92,5.06,2152789.0,10893112.34,10.607325421554322,2.845528455284541,True,True,True,5.764962569429281,True,,nasdaq_pm_volume_pct_adv,True,3.3526249621158133,5.46999979019165,8.10276265200891,1.4142108765629606,1.2027620730010073,0.0,,inf,NO_VERIFIED_CATALYST,5.12,5.13,0.19512195121950804,Nasdaq quote,True,59.629,0.0,20.0,15.0,6.278,10.0,2.647,2.33,3.374,False,4,REJECT,False,"catalyst,score80",False
MSTR,Strategy Inc - Class A Common Stock,Technology,51720114176.0,3405915595.119268,126.29,129.4,1288462.0,166726982.8,4.895217692385638,2.4625861113310554,True,True,True,6.468254566129021,True,,nasdaq_pm_volume_pct_adv,True,6.816350221370697,137.88999938964844,6.561050532958612,1.031268532609475,0.5651251207368091,0.0,,inf,NO_VERIFIED_CATALYST,130.4,130.47,0.05366657722236606,Nasdaq quote,True,59.389,0.0,9.79,15.0,15.0,8.201,5.0,1.845,4.553,False,4,REJECT,False,"catalyst,score80",False
WULF,TeraWulf Inc. - Common Stock,Financial Services,8155642368.0,456591888.8423464,15.48,16.49,1542063.0,25428618.87,5.569222645297599,6.524547803617553,True,True,True,7.347892617345565,True,,nasdaq_pm_volume_pct_adv,True,6.9089498902424715,17.440000534057617,5.761070552199032,5.093230224895972,5.807580165498472,0.0,,inf,NO_VERIFIED_CATALYST,16.12,16.14,0.12399256044637054,Nasdaq quote,True,59.302,0.0,11.138,15.0,11.996,7.201,5.0,5.0,3.967,False,4,REJECT,False,"catalyst,score80",False
INTC,Intel Corporation - Common Stock,Technology,529879171072.0,8461068798.777628,101.2,104.91,3924786.0,411749299.26,4.866398194510432,3.666007905138336,True,True,True,7.145172603009963,True,,nasdaq_pm_volume_pct_adv,True,5.224206010385337,109.19999694824219,4.089216421925634,2.2346903264167555,1.7685469145440895,0.0,,inf,NO_VERIFIED_CATALYST,108.95,108.97,0.018355359765047742,Nasdaq quote,True,57.74,0.0,9.733,15.0,15.0,5.112,5.0,3.048,4.847,False,4,REJECT,False,"catalyst,score80",False
AXTI,AXT Inc - Common Stock,Technology,4412093952.0,630900467.5219822,64.37,67.84,655120.0,44443340.8,7.044429840821363,5.390709958054996,True,True,True,7.088253668975689,True,,nasdaq_pm_volume_pct_adv,True,8.629547617827464,68.68000030517578,1.238207997016172,3.959392379333416,3.49324896746075,0.0,,inf,NO_VERIFIED_CATALYST,67.3,67.42,0.17814726840855782,Nasdaq quote,True,57.16,0.0,14.089,15.0,13.235,1.548,5.0,4.773,3.515,False,4,REJECT,False,"catalyst,score80",False
TSEM,Tower Semiconductor Ltd. - Ordinary Shares,Technology,23621834752.0,277873638.20890653,202.2,215.03,92564.0,19904036.92,7.162981363865854,6.345202769535119,True,True,True,7.194113964668382,True,,nasdaq_pm_volume_pct_adv,True,5.2873025500672455,221.27000427246094,2.9019226491470596,4.913885190813538,4.447741778940872,0.0,,inf,NO_VERIFIED_CATALYST,220.0,220.3,0.1362707245060238,Nasdaq quote,True,56.91,0.0,14.326,15.0,10.093,3.627,5.0,5.0,3.864,False,4,REJECT,False,"catalyst,score80",False
BE,Bloom Energy Corporation Class A Common Stock,Industrials,77858308096.0,2830509729.5942183,269.75,282.0889,586513.0,165448807.00570002,5.845194781556846,4.5741983317886925,True,True,True,7.189740984521181,True,,nasdaq_pm_volume_pct_adv,True,6.1731556087046915,288.0,2.0954741572603464,3.142880753067112,2.819708378614627,0.0,,inf,NO_VERIFIED_CATALYST,282.71,283.33,0.21906579040350668,Nasdaq quote,True,56.497,0.0,11.69,15.0,15.0,2.619,5.0,4.014,3.174,False,4,REJECT,False,"catalyst,score80",False
BULL,Webull Corporation - Class A Ordinary Shares,Technology,4953297408.0,166076373.10195246,7.67,7.95,1252149.0,9954584.55,5.993979976844142,3.6505867014341664,True,True,True,6.070877328715532,True,,nasdaq_pm_volume_pct_adv,True,6.5902939596801655,9.59000015258789,20.628932736954585,2.219269122712586,1.75312571083992,0.0,,inf,NO_VERIFIED_CATALYST,7.8,7.82,0.2560819462227972,Nasdaq quote,True,56.007,0.0,11.988,15.0,8.12,10.0,5.0,3.033,2.866,False,4,REJECT,False,"catalyst,score80",False
ASML,ASML Holding N.V. - New York Registry Shares,Technology,650304356352.0,1897713149.6884644,1604.0,1636.67,59412.0,97237838.04,5.123948161288914,2.0367830423940303,True,True,True,6.163046060655352,True,,nasdaq_pm_volume_pct_adv,True,3.3164046099920657,1727.31005859375,5.53807784060012,0.6054654636724499,0.13932205179978396,0.0,,inf,NO_VERIFIED_CATALYST,1631.58,1632.07,0.030027729689152276,Nasdaq quote,True,55.935,0.0,10.248,15.0,15.0,6.923,2.595,1.419,4.75,False,4,REJECT,False,"catalyst,score80",False
COHR,Coherent Corp. Common Stock,Technology,59712188416.0,1856261333.0773685,289.34,303.0,275574.0,83498922.0,4.498230960916094,4.721089375820853,True,True,True,7.070865496055337,True,,nasdaq_pm_volume_pct_adv,True,6.227250663473155,312.67999267578125,3.194717054713281,3.2897717970992724,2.8236283852266064,0.0,,inf,NO_VERIFIED_CATALYST,304.51,304.97,0.15094834941262597,Nasdaq quote,True,55.834,0.0,8.996,15.0,15.0,3.993,5.0,4.103,3.742,False,4,REJECT,False,"catalyst,score80",False
PURR,Hyperliquid Strategies Inc - Common Stock,Financial Services,2332505344.0,289692145.7803416,11.43,12.12,1500534.0,18186472.08,6.27786163515453,6.036745406824151,True,True,True,7.0721350436103325,True,,nasdaq_pm_volume_pct_adv,True,10.419613569764135,12.600000381469727,3.9603991870439614,4.60542782810257,5.31977776870507,0.0,,inf,NO_VERIFIED_CATALYST,12.24,12.27,0.2447980416156619,Nasdaq quote,True,55.718,0.0,12.556,15.0,10.252,4.95,5.0,5.0,2.96,False,4,REJECT,False,"catalyst,score80",False
NVTS,Navitas Semiconductor Corporation - Common Stock,Technology,2917667584.0,149970573.4623289,10.48,10.98,609877.0,6696449.46,4.465175604387537,4.770992366412208,True,True,True,6.376678606621324,True,,nasdaq_pm_volume_pct_adv,True,6.412958497030798,11.850000381469727,7.923500741982936,3.3396747876906274,2.8735313758179615,0.0,,inf,NO_VERIFIED_CATALYST,11.09,11.1,0.09013068949977275,Nasdaq quote,True,54.965,0.0,8.93,15.0,7.729,9.904,5.0,4.153,4.249,False,4,REJECT,False,"catalyst,score80",False
MU,"Micron Technology, Inc. - Common Stock",Technology,1113028296704.0,24742686294.48174,926.56,956.64,1018849.0,974671707.36,3.939231560226252,3.246416853738565,True,True,True,7.259921530405317,True,,nasdaq_pm_volume_pct_adv,True,4.482878136600077,993.989990234375,3.9042889942271897,1.8150992750169848,1.3489558631443188,0.0,,inf,NO_VERIFIED_CATALYST,982.52,983.0,0.04884203671293279,Nasdaq quote,True,54.241,0.0,7.878,15.0,15.0,4.88,4.261,2.629,4.593,False,4,REJECT,False,"catalyst,score80",False
LITE,Lumentum Holdings Inc. - Common Stock,Technology,87330578432.0,3661385759.318176,918.0,936.15,170534.0,159645404.1,4.360245398718359,1.977124183006529,True,True,True,6.2961429508916105,True,,nasdaq_pm_volume_pct_adv,True,6.2968702275026045,973.5,3.989745233135711,0.5458066042849485,0.07966319241228259,0.0,,inf,NO_VERIFIED_CATALYST,916.66,917.77,0.12101851801377143,Nasdaq quote,True,53.886,0.0,8.72,14.828,15.0,4.987,5.0,1.359,3.992,False,4,REJECT,False,"catalyst,score80",False
BTDR,Bitdeer Technologies Group - Ordinary Shares,Technology,3147238400.0,141148236.7212389,11.03,11.53,744459.0,8583612.27,6.081274884752707,4.533091568449676,True,True,True,6.336668681741755,True,,nasdaq_pm_volume_pct_adv,True,7.398092175132649,12.199999809265137,5.8109263596282545,3.101773989728096,2.63563057785543,0.0,,inf,NO_VERIFIED_CATALYST,11.24,11.27,0.2665482007996389,Nasdaq quote,True,53.618,0.0,12.163,15.0,7.497,7.264,5.0,3.915,2.779,False,4,REJECT,False,"catalyst,score80",False
CIFR,Cipher Digital Inc. - Common Stock,Technology,6432976384.0,541032824.5964905,16.75,18.16,1385745.0,25165129.2,4.651312832778397,8.41791044776119,True,True,True,8.023273003648846,True,,nasdaq_pm_volume_pct_adv,True,8.37515741868016,18.437999725341797,1.5308354919702394,6.98659286903961,6.5204494571669445,0.0,,inf,NO_VERIFIED_CATALYST,16.75,16.76,0.05968367651448261,Nasdaq quote,True,53.366,0.0,9.303,15.0,12.646,1.914,5.0,5.0,4.503,False,4,REJECT,False,"catalyst,score80",False
AMD,"Advanced Micro Devices, Inc. - Common Stock",Technology,830676729856.0,8345485565.797766,512.67,535.83,801618.0,429530972.94000006,5.146866165587096,4.517525893849861,True,True,True,7.450271903490158,True,,nasdaq_pm_volume_pct_adv,True,3.944727772785453,539.6685791015625,0.7163800275390431,3.0862083151282804,2.6200649032556145,0.0,,inf,NO_VERIFIED_CATALYST,538.47,538.7,0.04270449418383694,Nasdaq quote,True,53.225,0.0,10.294,15.0,15.0,0.895,3.492,3.9,4.644,False,4,REJECT,False,"catalyst,score80",False
EXK,Endeavour Silver Corporation Ordinary Shares (Canada),Basic Materials,3205763840.0,97221609.01175448,9.53,9.92,440175.0,4366536.0,4.491322499581414,4.092339979013637,True,True,True,6.017933223800613,True,,nasdaq_pm_volume_pct_adv,True,6.01238506730251,10.850000381469727,9.375003845460949,2.661022400292057,2.821490098155821,0.0,,inf,NO_VERIFIED_CATALYST,10.09,10.1,0.09905894006933914,Nasdaq quote,True,52.951,0.0,8.983,15.0,6.068,10.0,5.0,3.725,4.175,False,4,REJECT,False,"catalyst,score80",False
AVGO,Broadcom Inc. - Common Stock,Technology,1708518408192.0,8926645295.583857,339.66,346.22,916391.0,317272892.02000004,3.5542231321430418,1.931343107813688,True,True,True,6.491752578670193,True,,nasdaq_pm_volume_pct_adv,True,3.0467826542120457,366.7799987792969,5.938420304805292,0.5000255290921076,0.033882117219441676,0.0,,inf,NO_VERIFIED_CATALYST,348.2,348.28,0.022972662531582838,Nasdaq quote,True,52.349,0.0,7.108,14.485,15.0,7.423,2.21,1.314,4.809,False,4,REJECT,False,"catalyst,score80",False
RCAT,"Red Cat Holdings, Inc. - Common Stock",Industrials,1275180160.0,64129925.4059999,7.1684,7.39,466460.0,3447139.4,5.37524311493662,3.09134534903186,True,True,True,5.585239499965985,True,,nasdaq_pm_volume_pct_adv,True,6.688575368542379,8.199999809265137,10.96075519979889,1.6600277703102795,1.3368553958577944,0.0,,inf,NO_VERIFIED_CATALYST,7.32,7.33,0.1365187713310551,Nasdaq quote,True,51.617,0.0,10.75,15.0,4.474,10.0,5.0,2.531,3.862,False,4,REJECT,False,"catalyst,score80",False
HMY,Harmony Gold Mining Company Limited,Basic Materials,12752664576.0,80619790.60297728,19.21,20.15,243965.0,4915894.75,6.097627782499421,4.893284747527327,True,True,True,6.305159153999687,True,,nasdaq_pm_volume_pct_adv,True,4.228996917821972,21.100000381469727,4.714642091661192,3.4619671688057463,3.6224348666695105,0.0,,inf,NO_VERIFIED_CATALYST,19.9,19.91,0.0502386335091764,Nasdaq quote,True,51.445,0.0,12.195,15.0,5.351,5.893,3.899,4.526,4.581,False,4,REJECT,False,"catalyst,score80",False
SOFI,"SoFi Technologies, Inc.  - Common Stock",Financial Services,22098767872.0,738173263.6973445,16.85,17.35,1541182.0,26739507.700000003,3.622389080588992,2.9673590504450957,True,True,True,6.154426363144239,True,,nasdaq_pm_volume_pct_adv,True,4.133346199547621,17.75,2.3054755043227626,1.5360414717235154,2.2503914123260143,0.0,,inf,NO_VERIFIED_CATALYST,16.86,16.87,0.05929439667952304,Nasdaq quote,True,50.054,0.0,7.245,15.0,13.837,2.882,3.762,2.822,4.506,False,4,REJECT,False,"catalyst,score80",False
QBTS,D-Wave Quantum Inc. - Common Stock,Technology,6236163584.0,274380515.3943896,16.27,16.85,707515.0,11921627.750000002,4.344925051570833,3.5648432698217603,True,True,True,6.119716798579085,True,,nasdaq_pm_volume_pct_adv,True,4.913097622537067,17.299999237060547,2.6706186175700086,2.13352569110018,1.667382279227514,0.0,,inf,NO_VERIFIED_CATALYST,17.06,17.07,0.05859947260475572,Nasdaq quote,True,49.407,0.0,8.69,15.0,10.044,3.338,4.876,2.947,4.512,False,4,REJECT,False,"catalyst,score80",False
MGNI,"Magnite, Inc. - Common Stock",Communication Services,3354691072.0,54215559.29541016,23.78,26.71,206680.0,5520422.8,10.182358850012552,12.321278385197656,True,True,True,8.893159776697159,True,,nasdaq_pm_volume_pct_adv,True,4.1044016614306855,26.83799934387207,0.479218808955717,10.889960806476076,11.445172190507405,0.0,,inf,NO_VERIFIED_CATALYST,24.77,24.85,0.3224506247480929,Nasdaq quote,True,49.071,0.0,20.0,13.607,3.831,0.599,3.721,5.0,2.313,False,4,REJECT,False,"catalyst,score80",False
RGTI,"Rigetti Computing, Inc.  - Common stock",Technology,5013273088.0,268895513.013436,14.82,15.32,615227.0,9425277.64,3.505182193028652,3.373819163292846,True,True,True,6.005185786645479,True,,nasdaq_pm_volume_pct_adv,True,5.1953560467399535,15.800000190734863,3.1331605139351293,1.9425015845712656,1.4763581726985997,0.0,,inf,NO_VERIFIED_CATALYST,15.71,15.72,0.06363347120585293,Nasdaq quote,True,48.119,0.0,7.01,15.0,9.967,3.916,5.0,2.756,4.47,False,4,REJECT,False,"catalyst,score80",False
NKE,"Nike, Inc. Common Stock",Consumer Cyclical,54540828672.0,1081955930.037645,35.8246,36.5,1152053.0,42049934.5,3.886473869461295,1.8852966955667405,True,True,True,5.897390153400127,True,,nasdaq_pm_volume_pct_adv,True,2.371276914317911,37.40999984741211,2.4931502668824823,0.4539791168451601,0.24253031328320684,0.0,,inf,NO_VERIFIED_CATALYST,35.87,35.88,0.027874564459944576,Nasdaq quote,True,47.411,0.0,7.773,14.14,15.0,3.116,1.245,1.369,4.768,False,4,REJECT,False,"catalyst,score80",False
POET,POET Technologies Inc. - Common Shares,Technology,1335143168.0,74434036.6867158,7.3909,7.67,393637.0,3019195.79,4.056203216154249,3.7762654074605218,True,True,True,5.811998281801978,True,,nasdaq_pm_volume_pct_adv,True,5.8670140751515225,8.109999656677246,5.736631768934108,2.3449478287389414,1.8788044168662754,0.0,,inf,NO_VERIFIED_CATALYST,7.69,7.7,0.12995451591942542,Nasdaq quote,True,47.403,0.0,8.112,15.0,5.045,7.171,5.0,3.158,3.917,False,4,REJECT,False,"catalyst,score80",False
USAR,"USA Rare Earth, Inc. - Common Stock",Basic Materials,4050530816.0,226827991.5017559,15.13,15.55,511316.0,7950963.800000001,3.5052833415131888,2.775941837409124,True,True,True,5.747907871813712,True,,nasdaq_pm_volume_pct_adv,True,5.899402599133205,16.1200008392334,3.6656002523048015,1.3446242586875434,1.5050919565513077,0.0,,inf,NO_VERIFIED_CATALYST,15.71,15.73,0.12722646310432298,Nasdaq quote,True,47.257,0.0,7.011,15.0,9.315,4.582,5.0,2.409,3.94,False,4,REJECT,False,"catalyst,score80",False
ARIS,Aris Mining Corporation Common Shares,Basic Materials,4033655808.0,25156179.25160866,18.23,19.19,61552.0,1181182.88,4.695398566634347,5.266044980800877,True,True,True,6.055787394075404,True,,nasdaq_pm_volume_pct_adv,True,5.11836501551537,20.149999618530273,5.002603535853423,3.8347274020792965,3.9951950999430608,0.0,,inf,NO_VERIFIED_CATALYST,18.83,18.85,0.10615711252655587,Nasdaq quote,True,45.546,0.0,9.391,15.0,0.888,6.253,5.0,4.899,4.115,False,4,REJECT,False,"catalyst,score80",False
PPTA,Perpetua Resources Corp. - Common Shares,Basic Materials,2984160256.0,26036397.38371191,22.51,23.7,69854.0,1655539.8,6.358559425873903,5.286539315859606,True,True,True,6.131927770470516,True,,nasdaq_pm_volume_pct_adv,True,4.753768120708775,24.450000762939453,3.1645601811791213,3.855221737138026,4.01568943500179,0.0,,inf,NO_VERIFIED_CATALYST,23.43,23.5,0.2983166418069477,Nasdaq quote,True,44.774,0.0,12.717,15.0,1.02,3.956,4.648,4.919,2.514,False,4,REJECT,False,"catalyst,score80",False
LPTH,"LightPath Technologies, Inc. - Class A Common Stock",Technology,617973376.0,40545686.3562603,9.39,9.96,194987.0,1942070.5200000005,4.789832641962768,6.070287539936103,True,True,True,6.475908818420991,True,,nasdaq_pm_volume_pct_adv,True,8.968014998881896,10.145000457763672,1.857434314896289,4.6389699612145225,4.172826549341857,0.0,,inf,NO_VERIFIED_CATALYST,10.07,10.08,0.09925558312654877,Nasdaq quote,True,43.792,0.0,9.58,15.0,2.717,2.322,5.0,5.0,4.173,False,4,REJECT,False,"catalyst,score80",False
GFL,"GFL Environmental Inc. Subordinate voting shares, no par value",Industrials,15206113280.0,90391758.64089908,41.07,44.05,102135.0,4499046.75,4.9772753817894415,7.255904553201842,True,True,True,7.124696588513986,True,,nasdaq_pm_volume_pct_adv,True,3.278903951903149,44.44499969482422,0.896707593244539,5.824586974480262,5.501414600027776,0.0,,inf,NO_VERIFIED_CATALYST,43.03,43.07,0.09291521486643241,Nasdaq quote,True,43.632,0.0,9.955,15.0,5.789,1.121,2.541,5.0,4.226,False,4,REJECT,False,"catalyst,score80",False
CRML,Critical Metals Corp. - Ordinary Shares,Basic Materials,998858176.0,54186135.43847637,6.48,6.81,286494.0,1951024.14,3.6005965810483342,5.092592592592582,True,True,True,6.159803232370971,True,,nasdaq_pm_volume_pct_adv,True,7.7585491815002445,7.074999809265137,3.891333469385283,3.6612750138710015,3.8217427117347658,0.0,,inf,NO_VERIFIED_CATALYST,6.7,6.72,0.298062593144554,Nasdaq quote,True,43.134,0.0,7.201,15.0,3.828,4.864,5.0,4.725,2.516,False,4,REJECT,False,"catalyst,score80",False
ALOY,REalloys Inc. - Common Stock,Basic Materials,640389632.0,24861544.6887722,8.15,8.6,147556.0,1268981.6,5.104194513597897,5.521472392638027,True,True,True,6.158175855366152,True,,nasdaq_pm_volume_pct_adv,True,7.094686213521863,8.880000114440918,3.255815284196717,4.090154813916447,4.250622511780211,0.0,,inf,NO_VERIFIED_CATALYST,8.46,8.49,0.35398230088494814,Nasdaq quote,True,42.171,0.0,10.208,15.0,0.843,4.07,5.0,5.0,2.05,False,4,REJECT,False,"catalyst,score80",False
RUM,RUM Group Inc. - Class A Common Stock,Communication Services,3616935424.0,37001642.47222655,8.2908,8.61,210091.0,1808883.51,4.8886573382728855,3.850050658561277,True,True,True,5.676996700854543,True,,nasdaq_pm_volume_pct_adv,True,7.693131052678312,8.76930046081543,1.8501795681234556,2.4187330798396967,2.9739444638710255,0.0,,inf,NO_VERIFIED_CATALYST,8.47,8.49,0.23584905660376854,Nasdaq quote,True,41.133,0.0,9.777,15.0,2.367,2.313,5.0,3.641,3.035,False,4,REJECT,False,"catalyst,score80",False
CAMT,Camtek Ltd. - Ordinary Shares,Technology,6700383232.0,51464517.044540405,138.59,144.25,12279.0,1771245.75,3.4416834194073176,4.083988743776601,True,True,True,5.783423110179857,True,,nasdaq_pm_volume_pct_adv,True,5.083438186664398,149.2100067138672,3.438479524344662,2.6526711650550205,2.1865277531823546,0.0,,inf,NO_VERIFIED_CATALYST,145.57,146.12,0.37711268812781473,Nasdaq quote,True,40.135,0.0,6.883,15.0,3.631,4.298,5.0,3.466,1.857,False,4,REJECT,False,"catalyst,score80",False
ESE,ESCO Technologies Inc. Common Stock,Technology,6941673984.0,51295366.07039642,258.98,267.0,10818.0,2888406.0,5.630929694577142,3.096764228897974,True,True,True,5.533179314128917,True,,nasdaq_pm_volume_pct_adv,True,2.9735150855132253,279.0,4.494382022471921,1.6654466501763938,1.1993032383037279,0.0,,inf,NO_VERIFIED_CATALYST,259.0,260.56,0.6005081222572956,Nasdaq quote,True,40.082,0.0,11.262,15.0,3.618,5.618,2.105,2.479,0.0,False,3,REJECT,False,"catalyst,spread,score80",False
QUBT,Quantum Computing Inc. - Common Stock,Technology,1791467520.0,57367797.92335875,8.0,8.3,254977.0,2116309.1,3.6890192348454978,3.750000000000009,True,True,True,5.710744230663865,True,,nasdaq_pm_volume_pct_adv,True,4.09982742007546,8.350000381469727,0.6024142345750105,2.3186824212784285,1.8525390094057625,0.0,,inf,NO_VERIFIED_CATALYST,8.37,8.38,0.11940298507464554,Nasdaq quote,True,38.029,0.0,7.378,15.0,4.047,0.753,3.714,3.132,4.005,False,4,REJECT,False,"catalyst,score80",False
TM,Toyota Motor Corporation Common Stock,Consumer Cyclical,228169056256.0,62110591.12322998,192.21,195.71,10925.0,2138131.75,3.4424591866431578,1.8209250299151991,True,True,True,5.044472401144936,True,,nasdaq_pm_volume_pct_adv,True,1.9299688907064911,198.92999267578125,1.6452877603501337,0.3896074511936187,0.17815864763166545,0.0,,inf,NO_VERIFIED_CATALYST,195.76,196.05,0.14803093336056786,Nasdaq quote,True,32.635,0.0,6.885,13.657,4.351,2.057,0.614,1.305,3.766,False,4,REJECT,False,"catalyst,score80",False
