ticker,name,sector,market_cap,avg_daily_dollar_volume,previous_close,last_premarket,premarket_volume,premarket_dollar_volume,premarket_volume_intensity_pct,gap_pct,broad_qualifier,nasdaq_premarket_ok,strict_activity_pass,activity_score,positive_gap
NXPI,NXP Semiconductors N.V. - Common Stock,Technology,55400468480.0,661493769.85784,218.98,222.0,543181.0,120586182.0,18.229375316099333,1.3791213809480452,True,True,True,5.883381530112938,True
STLA,Stellantis N.V. Common Shares,Consumer Cyclical,15201803264.0,102694241.07480434,4.92,5.06,2152789.0,10893112.34,10.607325421554322,2.8455284552845406,True,True,True,5.764962569429281,True
CCXI,Churchill Capital Corp XI - Class A Ordinary Shares,Financial Services,724099968.0,32374611.08034153,12.11,12.58,267304.0,3362684.32,10.386794490457634,3.8810900082576483,True,True,True,5.797431159328801,True
MGNI,"Magnite, Inc. - Common Stock",Communication Services,3354691072.0,54215559.29541016,23.78,26.71,206680.0,5520422.8,10.182358850012553,12.321278385197655,True,True,True,8.893159776697159,True
NBIS,Nebius Group N.V. - Class A Ordinary Shares,Communication Services,58325491712.0,4363970412.483281,209.9,230.02,1833398.0,421718207.96000004,9.663635820116038,9.585516912815638,True,True,True,9.16416733753729,True
HOOD,"Robinhood Markets, Inc. - Class A Common Stock",Financial Services,102457352192.0,2297666178.108345,104.44,109.91,1994689.0,219236267.98999998,9.541693657626798,5.237456913060123,True,True,True,7.458777886111258,True
FPS,"Forgent Power Solutions, Inc. Class A Common Stock",Industrials,9015661568.0,158165882.04246807,34.86,36.88,374962.0,13828598.56,8.743098310093814,5.794606999426288,True,True,True,6.881285187539546,True
GFS,GlobalFoundries Inc. - Ordinary Share,Technology,24770623488.0,168165260.15181637,42.93,44.6,312430.0,13934378.0,8.28612163262514,3.8900535755881815,True,True,True,6.221505422540746,True
CRCL,"Circle Internet Group, Inc. Class A Common Stock",Financial Services,25261295616.0,1304925246.9227462,80.3863,83.0,1282532.0,106450156.0,8.157567358822204,3.2514246830616544,True,True,True,6.573331601808206,True
APLD,Applied Digital Corporation - Common Stock,Technology,7474347520.0,408403523.66514575,24.39,25.77,1166982.0,30073126.14,7.363581457406148,5.658056580565796,True,True,True,7.067718058455972,True
TSEM,Tower Semiconductor Ltd. - Ordinary Shares,Technology,23621834752.0,277873638.20890653,202.2,215.03,92564.0,19904036.92,7.162981363865854,6.345202769535119,True,True,True,7.194113964668382,True
AXTI,AXT Inc - Common Stock,Technology,4412093952.0,630900467.5219822,64.37,67.84,655120.0,44443340.800000004,7.044429840821363,5.3907099580549955,True,True,True,7.088253668975689,True
AEHR,Aehr Test Systems - Common Stock,Technology,3166304000.0,266166202.0878464,84.25,88.8,203403.0,18062186.4,6.786055576672615,5.400593471810078,True,True,True,6.840784940605725,True
CRDO,Credo Technology Group Holding Ltd - Ordinary Shares,Technology,30377730048.0,1352465979.449402,161.6,168.61,541473.0,91297762.53,6.7504664751100005,4.337871287128725,True,True,True,6.92668728079761,True
PPTA,Perpetua Resources Corp. - Common Shares,Basic Materials,2984160256.0,26036397.38371191,22.51,23.7,69854.0,1655539.8,6.358559425873903,5.286539315859606,True,True,True,6.131927770470516,True
PURR,Hyperliquid Strategies Inc - Common Stock,Financial Services,2332505344.0,289692145.7803416,11.43,12.12,1500534.0,18186472.08,6.27786163515453,6.036745406824151,True,True,True,7.0721350436103325,True
COIN,"Coinbase Global, Inc. - Class A Common Stock",Financial Services,45353566208.0,1695557990.8574402,164.69,169.55,621189.0,105322594.95,6.211677543198543,2.950998846317332,True,True,True,6.488846823644133,True
HMY,Harmony Gold Mining Company Limited,Basic Materials,12752664576.0,80619790.60297728,19.21,20.15,243965.0,4915894.75,6.097627782499421,4.893284747527327,True,True,True,6.305159153999687,True
BTDR,Bitdeer Technologies Group - Ordinary Shares,Technology,3147238400.0,141148236.7212389,11.03,11.53,744459.0,8583612.27,6.081274884752707,4.533091568449676,True,True,True,6.336668681741755,True
BULL,Webull Corporation - Class A Ordinary Shares,Technology,4953297408.0,166076373.10195246,7.67,7.95,1252149.0,9954584.55,5.993979976844142,3.6505867014341664,True,True,True,6.0708773287155315,True
CLSK,"CleanSpark, Inc. - Common Stock",Financial Services,3257724672.0,219049231.1053978,12.79,13.49,968048.0,13058967.52,5.961658689281838,5.473025801407361,True,True,True,6.785826355878092,True
BE,Bloom Energy Corporation Class A Common Stock,Industrials,77858308096.0,2830509729.5942183,269.75,282.0889,586513.0,165448807.00570002,5.845194781556846,4.5741983317886925,True,True,True,7.189740984521181,True
IREN,IREN Limited - Ordinary Shares,Financial Services,17149432832.0,1826451104.580104,42.63,45.64,2338261.0,106718232.04,5.842928495177768,7.060755336617408,True,True,True,7.93629335771011,True
LRCX,Lam Research Corporation - Common Stock,Technology,375590256640.0,2219901790.732947,269.8,280.0,455197.0,127455160.0,5.741477417247276,3.7805782060785775,True,True,True,6.839879964557307,True
ESE,ESCO Technologies Inc. Common Stock,Technology,6941673984.0,51295366.07039642,258.98,267.0,10818.0,2888406.0,5.630929694577142,3.0967642288979746,True,True,True,5.533179314128917,True
WULF,TeraWulf Inc. - Common Stock,Financial Services,8155642368.0,456591888.8423464,15.48,16.49,1542063.0,25428618.869999997,5.569222645297599,6.524547803617553,True,True,True,7.347892617345565,True
AAOI,"Applied Optoelectronics, Inc. - Common Stock",Technology,9067992064.0,1056645776.961158,96.67,100.92,568496.0,57372616.32,5.429692482659589,4.396400124133648,True,True,True,6.834943022589373,True
RCAT,"Red Cat Holdings, Inc. - Common Stock",Industrials,1275180160.0,64129925.4059999,7.1684,7.39,466460.0,3447139.4,5.3752431149366195,3.09134534903186,True,True,True,5.585239499965985,True
BMNR,"BitMine Immersion Technologies, Inc. Common Stock",Financial Services,14806191104.0,999366388.5684768,22.83,23.52,2260746.0,53172745.92,5.320645814010843,3.0223390275952777,True,True,True,6.334323697254952,True
AMD,"Advanced Micro Devices, Inc. - Common Stock",Technology,830676729856.0,8345485565.797766,512.67,535.83,801618.0,429530972.94000006,5.146866165587096,4.517525893849861,True,True,True,7.450271903490158,True
ASML,ASML Holding N.V. - New York Registry Shares,Technology,650304356352.0,1897713149.6884644,1604.0,1636.67,59412.0,97237838.04,5.123948161288914,2.0367830423940303,True,True,True,6.163046060655352,True
ALOY,REalloys Inc. - Common Stock,Basic Materials,640389632.0,24861544.6887722,8.15,8.6,147556.0,1268981.5999999999,5.104194513597897,5.521472392638027,True,True,True,6.158175855366152,True
GFL,"GFL Environmental Inc. Subordinate voting shares, no par value",Industrials,15206113280.0,90391758.64089908,41.07,44.05,102135.0,4499046.75,4.9772753817894415,7.255904553201842,True,True,True,7.124696588513986,True
MSTR,Strategy Inc - Class A Common Stock,Technology,51720114176.0,3405915595.119268,126.29,129.4,1288462.0,166726982.8,4.895217692385638,2.4625861113310554,True,True,True,6.468254566129021,True
RUM,RUM Group Inc. - Class A Common Stock,Communication Services,3616935424.0,37001642.47222655,8.2908,8.61,210091.0,1808883.5099999998,4.8886573382728855,3.850050658561277,True,True,True,5.676996700854543,True
INTC,Intel Corporation - Common Stock,Technology,529879171072.0,8461068798.777628,101.2,104.91,3924786.0,411749299.26,4.866398194510432,3.6660079051383354,True,True,True,7.145172603009963,True
LPTH,"LightPath Technologies, Inc. - Class A Common Stock",Technology,617973376.0,40545686.3562603,9.39,9.96,194987.0,1942070.5200000003,4.789832641962768,6.070287539936103,True,True,True,6.475908818420991,True
ORCL,Oracle Corporation Common Stock,Technology,453069275136.0,3222727856.851743,143.24,146.66,1042919.0,152954500.54,4.746119043679351,2.387601228707048,True,True,True,6.420358173756901,True
ARIS,Aris Mining Corporation Common Shares,Basic Materials,4033655808.0,25156179.25160866,18.23,19.19,61552.0,1181182.8800000001,4.695398566634347,5.266044980800877,True,True,True,6.055787394075404,True
CIFR,Cipher Digital Inc. - Common Stock,Technology,6432976384.0,541032824.5964905,16.75,18.16,1385745.0,25165129.2,4.651312832778397,8.41791044776119,True,True,True,8.023273003648846,True
RKLB,Rocket Lab Corporation - Common Stock,Industrials,40864755712.0,1091232957.8013897,63.7,65.7,766717.0,50373306.9,4.616182689486567,3.1397174254317095,True,True,True,6.3724748017805135,True
COHR,Coherent Corp. Common Stock,Technology,59712188416.0,1856261333.0773685,289.34,303.0,275574.0,83498922.0,4.498230960916094,4.721089375820853,True,True,True,7.070865496055337,True
EXK,Endeavour Silver Corporation Ordinary Shares (Canada),Basic Materials,3205763840.0,97221609.01175448,9.53,9.92,440175.0,4366536.0,4.491322499581414,4.092339979013637,True,True,True,6.017933223800613,True
IONQ,"IonQ, Inc. Common Stock",Technology,15184443392.0,746172108.8621365,36.8631,38.25,876060.0,33509295.0,4.490826526751245,3.7622988842501037,True,True,True,6.4776967926703115,True
NVTS,Navitas Semiconductor Corporation - Common Stock,Technology,2917667584.0,149970573.4623289,10.48,10.98,609877.0,6696449.46,4.465175604387537,4.770992366412208,True,True,True,6.376678606621324,True
LITE,Lumentum Holdings Inc. - Common Stock,Technology,87330578432.0,3661385759.318176,918.0,936.15,170534.0,159645404.1,4.360245398718359,1.977124183006529,True,True,True,6.2961429508916105,True
QBTS,D-Wave Quantum Inc. - Common Stock,Technology,6236163584.0,274380515.3943896,16.27,16.85,707515.0,11921627.750000002,4.344925051570833,3.5648432698217603,True,True,True,6.119716798579085,True
POET,POET Technologies Inc. - Common Shares,Technology,1335143168.0,74434036.6867158,7.3909,7.67,393637.0,3019195.79,4.056203216154249,3.7762654074605218,True,True,True,5.811998281801978,True
MU,"Micron Technology, Inc. - Common Stock",Technology,1113028296704.0,24742686294.48174,926.56,956.64,1018849.0,974671707.36,3.939231560226252,3.246416853738565,True,True,True,7.259921530405317,True
NKE,"Nike, Inc. Common Stock",Consumer Cyclical,54540828672.0,1081955930.037645,35.8246,36.5,1152053.0,42049934.5,3.8864738694612946,1.8852966955667405,True,True,True,5.897390153400127,True
QUBT,Quantum Computing Inc. - Common Stock,Technology,1791467520.0,57367797.92335875,8.0,8.3,254977.0,2116309.1,3.6890192348454978,3.750000000000009,True,True,True,5.710744230663865,True
SOFI,"SoFi Technologies, Inc.  - Common Stock",Financial Services,22098767872.0,738173263.6973445,16.85,17.35,1541182.0,26739507.700000003,3.6223890805889924,2.9673590504450953,True,True,True,6.154426363144239,True
CRML,Critical Metals Corp. - Ordinary Shares,Basic Materials,998858176.0,54186135.43847637,6.48,6.81,286494.0,1951024.14,3.6005965810483342,5.092592592592582,True,True,True,6.159803232370971,True
AVGO,Broadcom Inc. - Common Stock,Technology,1708518408192.0,8926645295.583857,339.66,346.22,916391.0,317272892.02000004,3.5542231321430418,1.9313431078136878,True,True,True,6.491752578670193,True
USAR,"USA Rare Earth, Inc. - Common Stock",Basic Materials,4050530816.0,226827991.5017559,15.13,15.55,511316.0,7950963.800000001,3.5052833415131888,2.775941837409124,True,True,True,5.747907871813712,True
RGTI,"Rigetti Computing, Inc.  - Common stock",Technology,5013273088.0,268895513.013436,14.82,15.32,615227.0,9425277.64,3.5051821930286517,3.373819163292846,True,True,True,6.005185786645479,True
MRVL,"Marvell Technology, Inc. - Common Stock",Technology,205776404480.0,5370244990.01152,229.98,240.5,778802.0,187301881.0,3.4877716258452893,4.574310809635618,True,True,True,7.269651565578009,True
QCOM,QUALCOMM Incorporated - Common Stock,Technology,184021483520.0,1665226857.705185,185.4,190.6,301366.0,57440359.6,3.4494014634833223,2.8047464940668787,True,True,True,6.317603671832494,True
TM,Toyota Motor Corporation Common Stock,Consumer Cyclical,228169056256.0,62110591.12322998,192.21,195.71,10925.0,2138131.75,3.4424591866431578,1.8209250299151991,True,True,True,5.044472401144936,True
CAMT,Camtek Ltd. - Ordinary Shares,Technology,6700383232.0,51464517.044540405,138.59,144.25,12279.0,1771245.75,3.4416834194073176,4.083988743776601,True,True,True,5.783423110179857,True
SNDK,Sandisk Corporation - Common Stock When-Issued,Technology,247385161728.0,20474624097.47455,1521.6,1568.5,446482.0,700307017.0,3.4203656861587004,3.082281808622511,True,True,True,7.121421635517697,True
ASM,Avino Silver & Gold Mines Ltd. Common Shares (Canada),Basic Materials,1226354944.0,30749726.95449724,5.97,6.3,166844.0,1051117.2,3.4182976699449066,5.5276381909547645,True,True,True,6.141984633820609,True
MARA,"MARA Holdings, Inc. - Common Stock",Financial Services,4355524608.0,519727822.6315441,11.04,11.45,1522637.0,17434193.65,3.3544853461423787,3.71376811594204,True,True,True,6.30160487341072,True
AMAT,"Applied Materials, Inc. - Common Stock",Technology,361856630784.0,3354664024.355489,415.6101,428.23,261945.0,112172707.35000001,3.343783655698608,3.0364757738081893,True,True,True,6.590345567966005,True
GLW,Corning Incorporated Common Stock,Technology,141625327616.0,1339650723.825238,144.23,151.41,293319.0,44411429.79,3.315149911850727,4.978159883519373,True,True,True,7.009126915667821,True
HUT,Hut 8 Corp. - Common Stock,Financial Services,11050212352.0,402596247.7288502,89.82,96.01,138587.0,13305737.870000001,3.3049830804586775,6.891560899576943,True,True,True,7.338837792939895,True
AMKR,"Amkor Technology, Inc. - Common Stock",Technology,12255436800.0,212927323.68833083,46.0,47.87,146748.0,7024826.76,3.2991664189996035,4.065217391304343,True,True,True,6.169458394378461,True
CORZ,"Core Scientific, Inc. - Common Stock",Technology,5607229952.0,193785838.0053512,16.88,17.9,345851.0,6190732.899999999,3.1946260695423208,6.042654028436023,True,True,True,6.828677247048636,True
SBSW,D/B/A Sibanye-Stillwater Limited ADS,Basic Materials,9114466304.0,64039977.53682079,11.6,12.03,167885.0,2019656.5499999998,3.1537433766880487,3.706896551724137,True,True,True,5.696078912346113,True
UAL,"United Airlines Holdings, Inc. - Common Stock",Industrials,34217764864.0,340367795.89267653,106.3,109.56,96306.0,10551285.36,3.099965827356649,3.066792097836313,True,True,True,5.940254342625732,True
AFRM,"Affirm Holdings, Inc. - Class A Common Stock",Financial Services,22649401344.0,406427360.7283611,71.58,74.02,167266.0,12381029.319999998,3.04630802852738,3.408773400391163,True,True,True,6.106607815968654,True
AG,First Majestic Silver Corp. Ordinary Shares (Canada),Basic Materials,10089792512.0,191593197.97529903,18.3139,19.3,299296.0,5776412.8,3.0149362613304875,5.384434773587277,True,True,True,6.583774387809525,True
STM,STMicroelectronics N.V. Common Stock,Technology,44727738368.0,374069759.89424056,48.06,49.18,227859.0,11206105.62,2.9957261509639976,2.3304203079483887,True,True,True,5.702492248123217,True
ON,ON Semiconductor Corporation - Common Stock,Technology,26827948032.0,523582510.6642803,66.8,68.09,228567.0,15563127.030000001,2.9724306509502636,1.9311377245509131,True,True,True,5.656138817878511,True
INFQ,"Infleqtion, Inc. Common Stock",Technology,2992741632.0,116227157.70635824,12.84,13.26,260116.0,3449138.16,2.9675836767118278,3.2710280373831724,True,True,True,5.699891102509443,True
AEVA,"Aeva Technologies, Inc. - Common Stock",Technology,1083924608.0,26091443.674642563,14.4,14.79,51459.0,761078.61,2.916966264843627,2.708333333333335,True,True,True,5.077859570988426,True
MT,Arcelor Mittal NY Registry Shares NEW,Basic Materials,56297676800.0,98439614.02351074,73.22,75.27,37658.0,2834517.6599999997,2.8794481653727533,2.7997814804698207,True,True,True,5.482173123813507,True
TEM,"Tempus AI, Inc. - Class A Common Stock",Healthcare,10789095424.0,493569796.5932129,69.88,72.8,194284.0,14143875.2,2.8656281842255846,4.178591871780202,True,True,True,6.4189326573044925,True
NUAI,"New Era Energy & Digital, Inc. - Common Stock",Technology,651077568.0,33368601.50005736,5.41,5.81,164229.0,954170.49,2.8594860051247872,7.393715341959317,True,True,True,6.783299662156461,True
VST,Vistra Corp. Common Stock,Utilities,50253815808.0,566369066.5586723,140.39,144.0,112211.0,16158384.0,2.852977846791725,2.571408219958693,True,True,True,5.894391848238018,True
HYMC,Hycroft Mining Holding Corporation - Class A Common Stock,Basic Materials,2022974208.0,46190432.47474022,20.05,21.29,61083.0,1300457.0699999998,2.815425187263986,6.184538653366567,True,True,True,6.448842143410555,True
OKLO,Oklo Inc. Class A common stock,Utilities,7595100672.0,361009410.8712212,35.62,36.97,274190.0,10136804.299999999,2.807905831467642,3.7900056148231442,True,True,True,6.190661147816052,True
VRT,"Vertiv Holdings, LLC Class A Common Stock",Industrials,95523258368.0,1140511151.0700736,239.41,249.5,126902.0,31662049.0,2.7761279642284413,4.214527379808697,True,True,True,6.661747047604226,True
MXL,"MaxLinear, Inc - Common Stock",Technology,6021121024.0,146994345.09321898,69.51,73.0,55772.0,4071356.0,2.7697364802830204,5.020860307869368,True,True,True,6.365143818753631,True
NNE,Nano Nuclear Energy Inc. - common stock,Industrials,933273728.0,29946603.25580521,15.64,16.01,50911.0,815085.1100000001,2.7217948661406,2.36572890025577,True,True,True,4.983315960653101,True
BLSH,Bullish Ordinary Shares,Technology,5260711936.0,51663978.99625301,32.08,33.19,42322.0,1404667.18,2.718852104097276,3.4600997506234465,True,True,True,5.520080528809853,True
NG,Novagold Resources Inc.,Basic Materials,3380804608.0,40683890.66565359,7.01,7.25,152305.0,1104211.25,2.714124022883102,3.4236804564907297,True,True,True,5.439546130865369,True
GEV,GE Vernova Inc. Common Stock,Industrials,247446536192.0,1874738157.021973,925.92,963.98,52449.0,50559787.02,2.6968985951784528,4.110506307240369,True,True,True,6.7599776874184165,True
IOVA,"Iovance Biotherapeutics, Inc. - Common Stock",Healthcare,3750603264.0,115126838.980131,9.87,10.25,299913.0,3074108.25,2.6701925261150796,3.8500506585612992,True,True,True,5.879226666991013,True
JOBY,"Joby Aviation, Inc. Common Stock",Industrials,6295775232.0,167630246.72246432,6.08,6.27,707214.0,4434231.779999999,2.645245632395626,3.125,True,True,True,5.729688752438084,True
ALAB,"Astera Labs, Inc. - Common Stock",Technology,48667774976.0,986030956.0973952,269.18,279.81,92525.0,25889420.25,2.6256194179204626,3.94903038858756,True,True,True,6.516843792303752,True
ALM,Almonty Industries Inc. - Common Shares,Basic Materials,4894546944.0,108066137.16323549,13.47,13.99,197522.0,2763332.7800000003,2.5570755581148843,3.8604305864884836,True,True,True,5.856533565828696,True
SXI,Standex International Corporation Common Stock,Industrials,3242305536.0,34033289.01087646,259.28,267.99,3218.0,862391.8200000001,2.5339655527398315,3.359302684356691,True,True,True,5.35320380669188,True
BRUN,Boost Run Inc. - Class A Common Stock,Technology,1351286528.0,47119124.673778914,15.16,15.71,75186.0,1181172.06,2.5067784433128586,3.627968337730869,True,True,True,5.536969285443277,True
CLS,"Celestica, Inc. Common Stock",Technology,41690460160.0,689849215.8418716,323.83,337.99,51042.0,17251685.580000002,2.500790779177237,4.372664669734139,True,True,True,6.554757659846749,True
OUST,"Ouster, Inc. - Common Stock",Technology,2564314880.0,88302539.85386887,33.99,35.46,62013.0,2198980.98,2.490280555507322,4.324801412180057,True,True,True,5.9568747961784405,True
UUUU,Energy Fuels Inc Ordinary Shares (Canada),Energy,3661818368.0,89776825.78193244,11.73,12.08,183986.0,2222550.88,2.475639855432812,2.983802216538778,True,True,True,5.491046895357912,True
CHYM,"Chime Financial, Inc. - Class A Common Stock",Technology,12544417792.0,228700051.57957932,31.25,32.05,174257.0,5584936.85,2.4420356757360167,2.5599999999999845,True,True,True,5.604011472582059,True
AMPX,"Amprius Technologies, Inc. Common Stock",Industrials,1414060544.0,47807953.83485508,9.1,9.53,121936.0,1162050.0799999998,2.4306626550345904,4.725274725274731,True,True,True,5.9190973653462695,True
RDW,Redwire Corporation Common Stock,Industrials,2783667712.0,134758737.22676373,10.79,11.2,290718.0,3256041.5999999996,2.416200735482504,3.7998146431881485,True,True,True,5.886556986867843,True
