symbol,date,open,high,low,close,volume
AAL,2025-10-01,11.265,11.385,11.165,11.26,1489477
AAL,2025-10-02,11.35,11.59,11.29,11.43,2015447
AAL,2025-10-03,11.53,11.63,11.38,11.58,1302670
AAL,2025-10-06,11.64,11.88,11.435,11.84,1746467
AAL,2025-10-07,11.94,11.97,11.525,11.65,1395516
AAL,2025-10-08,11.745,12.025,11.565,11.8,1344789
AAL,2025-10-09,12.435,12.49,11.515,11.615,2812404
AAL,2025-10-10,11.71,12.05,11.42,11.51,2108178
AAL,2025-10-13,11.655,11.855,11.63,11.735,854035
AAL,2025-10-14,11.58,12.28,11.525,12.19,1542825
AAL,2025-10-15,12.21,12.52,12.165,12.515,2013203
AAL,2025-10-16,12.55,12.565,11.72,11.89,1581499
AAL,2025-10-17,11.885,12.02,11.83,11.86,1359920
AAL,2025-10-20,11.93,12.24,11.88,12.175,1222273
AAL,2025-10-21,12.12,12.395,12.085,12.35,1664496
AAL,2025-10-22,12.27,12.325,11.995,12.07,2228574
AAL,2025-10-23,12.745,13.04,12.35,12.765,2997520
AAL,2025-10-24,13.025,13.89,12.91,13.79,4021125
AAL,2025-10-27,13.76,13.825,13.345,13.41,2179653
AAL,2025-10-28,13.4,13.4,12.655,12.7,1628420
AAL,2025-10-29,12.72,12.995,12.66,12.99,1709341
AAL,2025-10-30,12.8,13.155,12.71,12.785,2377884
AAL,2025-10-31,12.71,13.14,12.65,13.14,1293588
AAL,2025-11-03,13.07,13.495,12.995,13.345,1514416
AAL,2025-11-04,13.045,13.2,12.54,12.645,2138203
AAL,2025-11-05,12.775,13.535,12.77,13.425,2098917
AAL,2025-11-06,13.335,13.545,12.97,13.14,2092583
AAL,2025-11-07,12.83,13.77,12.76,13.67,2520484
AAL,2025-11-10,13.88,14.045,13.275,13.3,1568282
AAL,2025-11-11,13.3,13.355,12.95,12.98,1483775
AAL,2025-11-12,13.125,13.525,13.1,13.46,1398469
AAL,2025-11-13,13.29,13.5,13.005,13.06,1087706
AAL,2025-11-14,12.78,12.96,12.7,12.76,956417
AAL,2025-11-17,12.76,12.77,12.255,12.33,1149944
AAL,2025-11-18,12.21,12.455,12.12,12.36,1036718
AAL,2025-11-19,12.585,12.645,12.145,12.31,1075995
AAL,2025-11-20,12.515,12.81,12.23,12.245,1596745
AAL,2025-11-21,12.32,13.055,12.32,12.88,1987592
AAL,2025-11-24,13,13.205,12.805,13.105,1392228
AAL,2025-11-25,13.14,13.79,13.14,13.47,1710711
AAL,2025-11-26,13.5,14.105,13.46,13.92,1240333
AAL,2025-11-28,13.995,14.085,13.89,14.04,702647
AAL,2025-12-01,13.74,14.12,13.565,13.96,1566565
AAL,2025-12-02,14.045,14.325,13.825,14.22,1484418
AAL,2025-12-03,14.32,14.61,14.255,14.56,1308290
AAL,2025-12-04,14.64,14.66,14.22,14.34,2150916
AAL,2025-12-05,14.415,14.885,14.26,14.82,1550619
AAL,2025-12-08,14.805,14.975,14.64,14.855,1463154
AAL,2025-12-09,14.735,15.19,14.585,15.04,1888971
AAL,2025-12-10,15.05,15.205,14.79,15.145,1733206
AAL,2025-12-11,15.155,15.34,14.705,14.96,1356575
AAL,2025-12-12,15.185,15.33,14.945,14.95,2242249
AAL,2025-12-15,15.125,15.345,14.875,15.315,1624397
AAL,2025-12-16,15.36,16.08,15.3,15.99,2302442
AAL,2025-12-17,15.9,16,15.445,15.51,1508519
AAL,2025-12-18,15.66,15.775,15.385,15.595,1169715
AAL,2025-12-19,15.575,15.875,15.515,15.77,969576
AAL,2025-12-22,15.78,16.34,15.77,16.25,2277318
AAL,2025-12-23,16.155,16.23,15.585,15.6,1352097
AAL,2025-12-24,15.63,15.735,15.49,15.67,742081
AAL,2025-12-26,15.56,15.56,15.315,15.43,1207558
AAL,2025-12-29,15.29,15.385,15.025,15.13,1116160
AAL,2025-12-30,15.145,15.435,15.1,15.32,917841
AAL,2025-12-31,15.29,15.415,15.225,15.32,726311
AAL,2026-01-02,15.38,15.745,15.16,15.5,1084166
AAL,2026-01-05,15.45,16.02,15.41,15.82,1388516
AAL,2026-01-06,15.835,16.16,15.6,15.67,2768763
AAL,2026-01-07,15.74,16.495,15.68,15.99,1953873
AAL,2026-01-08,15.87,16.07,15.68,15.73,1212584
AAL,2026-01-09,16.05,16.44,15.665,16,1481285
AAL,2026-01-12,15.665,16.255,15.405,16,2307663
AAL,2026-01-13,15.55,15.995,15.225,15.34,2264643
AAL,2026-01-14,15.35,15.42,14.935,15.145,2064801
AAL,2026-01-15,15.275,15.785,15.26,15.705,1907230
AAL,2026-01-16,15.67,15.685,15.315,15.365,935768
AAL,2026-01-20,15,15.195,14.655,14.775,1198752
AAL,2026-01-21,14.99,15.32,14.86,15.15,1714310
AAL,2026-01-22,15.335,15.54,14.88,15.01,1298780
AAL,2026-01-23,14.8,14.89,14.655,14.67,1467072
AAL,2026-01-26,14.545,14.775,14.51,14.57,1776718
AAL,2026-01-27,14.56,14.56,13.36,13.555,4005480
AAL,2026-01-28,13.67,13.735,13.385,13.44,2043144
AAL,2026-01-29,13.42,13.52,13.17,13.51,2139097
AAL,2026-01-30,13.465,13.62,13.235,13.3,1543523
AAL,2026-02-02,13.505,13.92,13.505,13.7,2456712
AAL,2026-02-03,13.865,14.345,13.815,14,1996722
AAL,2026-02-04,14.17,14.76,13.995,14.435,2768708
AAL,2026-02-05,14.39,14.535,13.915,14.15,1102040
AAL,2026-02-06,14.33,15.33,14.33,15.23,2136564
AAL,2026-02-09,15.3,15.325,14.99,14.995,1050290
AAL,2026-02-10,14.945,15.215,14.935,15.095,623009
AAL,2026-02-11,15.205,15.37,14.205,14.34,1323131
AAL,2026-02-12,14.595,14.64,13.665,14.03,1574669
AAL,2026-02-13,14.08,14.18,13.845,13.89,1246390
AAL,2026-02-17,14.03,14.555,13.94,14.41,1233061
AAL,2026-02-18,14.015,14.295,13.67,14.105,2072066
AAL,2026-02-19,13.92,13.92,13.275,13.355,2327112
AAL,2026-02-20,13.375,13.705,13.34,13.585,1057832
AAL,2026-02-23,13.475,13.72,12.845,12.93,1805072
AAL,2026-02-24,12.93,13.335,12.895,13.155,1318159
AAL,2026-02-25,13.23,13.355,13.045,13.315,1205157
AAL,2026-02-26,13.6,14.165,13.6,13.94,2596736
AAL,2026-02-27,13.41,13.41,12.985,13.085,2922062
AAL,2026-03-02,12.33,12.625,12.11,12.495,2768989
AAL,2026-03-03,12.095,12.77,11.77,12.46,2735492
AAL,2026-03-04,12.74,12.92,12.405,12.45,2000905
AAL,2026-03-05,12.035,12.21,11.535,11.795,4679872
AAL,2026-03-06,11.355,11.4,11.09,11.16,3089471
AAL,2026-03-09,10.9,11.475,10.435,11.46,5359134
AAL,2026-03-10,11.39,11.595,10.885,11.105,4644454
AAL,2026-03-11,11.125,11.345,10.96,11.04,2105712
AAL,2026-03-12,10.73,10.82,10.515,10.54,3089272
AAL,2026-03-13,10.595,10.64,10.265,10.32,2979965
AAL,2026-03-16,10.42,10.56,10.34,10.495,2344495
AAL,2026-03-17,10.99,11.03,10.705,10.86,2237416
AAL,2026-03-18,10.71,11.07,10.64,10.805,2040398
AAL,2026-03-19,10.515,10.985,10.515,10.805,2214337
AAL,2026-03-20,10.745,10.83,10.34,10.45,2491466
AAL,2026-03-23,11.15,11.335,10.755,10.83,3058412
AAL,2026-03-24,10.61,10.82,10.44,10.72,2046467
AAL,2026-03-25,10.99,11.165,10.705,10.73,1928378
AAL,2026-03-26,10.52,10.81,10.52,10.715,1797544
AAL,2026-03-27,10.5,10.61,10.205,10.29,1666177
AAL,2026-03-30,10.23,10.36,10.095,10.175,1446370
AAL,2026-03-31,10.38,10.795,10.27,10.75,2593563
AAL,2026-04-01,10.99,11.195,10.885,11.13,1939701
AAL,2026-04-02,10.585,10.89,10.355,10.835,2578437
AAL,2026-04-06,10.88,11.04,10.79,10.91,989158
AAL,2026-04-07,10.8,10.85,10.555,10.815,1837933
AAL,2026-04-08,12.02,12.195,11.385,11.42,5344065
AAL,2026-04-09,11.315,11.495,11.135,11.375,1544066
AAL,2026-04-10,11.48,11.48,11.245,11.31,1596372
AAL,2026-04-13,10.99,11.23,10.92,11.225,1305857
AAL,2026-04-14,12.005,12.32,11.815,12.135,4043441
AAL,2026-04-15,12.215,12.465,12.1,12.17,2659487
AAL,2026-04-16,12.355,12.555,12.035,12.26,3207158
AAL,2026-04-17,13.115,13.405,12.68,12.77,3045771
AAL,2026-04-20,12.395,12.465,12.03,12.245,2737096
AAL,2026-04-21,12.05,12.2,11.605,11.795,2467429
AAL,2026-04-22,11.81,11.88,11.46,11.48,3028681
AAL,2026-04-23,11.72,12.14,11.41,11.765,2745325
AAL,2026-04-24,11.97,12.215,11.81,12.1,2122085
AAL,2026-04-27,12.08,12.13,11.67,11.67,1723632
AAL,2026-04-28,11.555,11.77,11.495,11.65,1714508
AAL,2026-04-29,11.55,11.56,11.205,11.305,2663212
AAL,2026-04-30,11.535,11.745,11.47,11.7,1708645
AAL,2026-05-01,11.83,12.205,11.625,11.845,2468625
AAL,2026-05-04,11.86,12.05,11.655,11.82,2068656
AAL,2026-05-05,11.96,12.45,11.875,12.38,2273829
AAL,2026-05-06,12.99,13.115,12.7,12.94,2922906
AAL,2026-05-07,13.12,13.33,12.91,13.19,4222021
AAL,2026-05-08,13.29,13.365,13.07,13.355,2134305
AAL,2026-05-11,13.02,13.085,12.73,12.8,2413650
AAL,2026-05-12,12.66,12.72,12.39,12.69,1782016
AAL,2026-05-13,12.67,12.765,12.56,12.71,1156735
AAL,2026-05-14,12.81,12.935,12.605,12.71,1218347
AAL,2026-05-15,12.5,12.595,12.28,12.305,1724680
AAL,2026-05-18,12.47,12.8,12.21,12.35,1763316
AAL,2026-05-19,12.16,12.285,11.965,12.05,1879551
AAL,2026-05-20,12.125,13.085,12.04,12.965,3021196
AAL,2026-05-21,12.7,13.6,12.65,13.595,3379325
AAL,2026-05-22,13.71,14.17,13.58,13.86,2620449
AAL,2026-05-26,14.31,14.93,14.31,14.85,4575823
AAL,2026-05-27,15.165,15.39,14.845,14.92,3574692
AAL,2026-05-28,14.49,15.06,14.415,14.65,2497845
AAL,2026-05-29,14.735,15.01,14.62,14.62,1959945
AAL,2026-06-01,14.27,14.455,14.01,14.34,1195729
AAL,2026-06-02,14.39,14.51,13.87,13.92,1384167
AAL,2026-06-03,13.66,13.835,13.505,13.575,1895483
AAL,2026-06-04,13.815,13.83,13.185,13.3,2108072
AAL,2026-06-05,13.24,13.525,13.175,13.5,2267560
AAL,2026-06-08,13.46,13.795,13.435,13.61,2096784
AAL,2026-06-09,13.95,14.375,13.64,14.08,2669128
AAL,2026-06-10,13.79,13.875,13.35,13.43,2444602
AAL,2026-06-11,13.32,14.66,13.32,14.65,3011174
AAL,2026-06-12,14.84,15.02,14.53,14.965,2827224
AAL,2026-06-15,15.57,15.895,15.2,15.465,5371410
AAL,2026-06-16,15.595,16.185,15.59,15.7,2896146
AAL,2026-06-17,15.71,16.055,15.4,15.42,2651595
AAL,2026-06-18,15.86,16.07,15.77,15.98,2768493
AAL,2026-06-22,15.87,16.59,15.865,16.065,3056576
AAL,2026-06-23,15.78,16.345,15.76,16.13,2536561
AAL,2026-06-24,16.47,17.47,16.47,17.435,4063195
AAL,2026-06-25,17.55,18.035,17.31,17.565,3870981
AAL,2026-06-26,17.51,17.94,17.435,17.87,2476005
AAL,2026-06-29,17.67,18.04,17.54,17.91,2025094
AAL,2026-06-30,17.94,18.35,17.7,18.07,1885916
AAL,2026-07-01,18.25,18.46,18.06,18.13,3435319
AAL,2026-07-02,18.49,18.785,17.715,17.91,2784165
AAL,2026-07-06,18.085,18.43,17.68,17.76,2743498
AAL,2026-07-07,17.59,17.75,17.035,17.2,3354443
AAL,2026-07-08,16.835,16.86,16.11,16.5,5271461
AAL,2026-07-09,16.64,17.37,16.59,17.06,3644721
AAL,2026-07-10,16.935,16.995,16.49,16.96,3053044
AAL,2026-07-13,16.84,16.86,16.17,16.31,4098427
AAL,2026-07-14,16.295,16.3,15.655,15.67,3815791
AAL,2026-07-15,15.685,15.995,15.455,15.61,4618450
AAL,2026-07-16,15.35,16.075,15.29,15.61,3611043
AAL,2026-07-17,15.22,15.34,14.945,14.98,3980728
AAL,2026-07-20,15.19,15.285,14.94,15.14,2761632
AAL,2026-07-21,15.315,15.395,15.035,15.26,2050047
AAL,2026-07-22,15.015,15.31,14.63,14.73,3360122
AAL,2026-07-23,13.985,14.14,13.31,13.55,3525401
AAL,2026-07-24,13.88,14.56,13.68,14.475,3283609
AAL,2026-07-27,14.885,15.125,14.525,14.965,3851961
AAL,2026-07-28,14.94,15.405,14.74,15.36,3221237
AAL,2026-07-29,14.72,15.24,14.69,14.83,2298552
AAL,2026-07-30,15.11,15.45,14.89,15.425,1349136
AAL,2026-07-31,15.475,15.52,15.18,15.26,2023535
AAL,2026-08-03,15.725,16.38,15.725,16.04,1945402
AAL,2026-08-04,16.565,16.78,16.245,16.57,2054736
AAL,2026-08-05,16.665,17.11,16.55,16.58,1323870
AAL,2026-08-06,16.375,16.565,15.935,16.02,2081129
AAL,2026-08-07,16.19,16.19,15.79,15.935,990435
AAL,2026-08-10,15.75,15.75,14.985,15,1113631
AAL,2026-08-11,15.085,15.49,15.07,15.305,1653354
AAL,2026-08-12,15.445,15.51,14.92,14.94,1392599
AAL,2026-08-13,15.27,15.27,14.955,15.055,1660241
AAL,2026-08-14,15.015,15.155,14.79,14.825,1020415
AAL,2026-08-17,14.75,14.75,14.41,14.425,1570071
AAL,2026-08-18,14.315,14.32,14.03,14.04,1403424
AAL,2026-08-19,14.05,14.14,13.795,13.87,1847055
AAL,2026-08-20,13.59,13.7,13.43,13.53,1503666
AAL,2026-08-21,13.73,13.85,13.655,13.83,1439240
AAL,2026-08-24,13.985,14.06,13.555,13.625,1749739
AAL,2026-08-25,14.03,14.04,13.59,13.96,1768167
AAL,2026-08-26,14.14,14.15,13.805,13.84,1621718
AAL,2026-08-27,13.81,13.945,13.68,13.725,1551938
AAL,2026-08-28,13.835,13.92,13.615,13.63,1254231
AAL,2026-08-31,13.365,13.495,13.27,13.43,1613488
AAL,2026-09-01,13.2,13.39,12.94,12.955,1943016
AAL,2026-09-02,13.21,13.355,13.055,13.105,1377908
AAL,2026-09-03,13.12,13.2,12.935,12.975,1827861
AAL,2026-09-04,12.97,13.205,12.95,13.12,1784267
AAL,2026-09-08,12.945,13.16,12.875,12.94,1887029
AAL,2026-09-09,12.71,12.98,12.7,12.94,1584103
AAL,2026-09-10,12.665,13.05,12.61,12.86,1818176
AAL,2026-09-11,13.115,13.22,12.955,13,1808979
AAL,2026-09-14,12.675,13.235,12.6,13.095,2395183
AAL,2026-09-15,13.11,13.11,12.635,12.76,2075443
AAL,2026-09-16,12.93,13.28,12.555,12.715,4411579
AAL,2026-09-17,13.035,13.125,12.89,12.93,2196028
AAL,2026-09-18,12.97,13.07,12.915,12.965,1259239
AAL,2026-09-21,13.285,13.59,13.115,13.59,2114519
AAL,2026-09-22,13.995,14.03,13.48,13.59,2939245
AAL,2026-09-23,13.485,13.52,13.3,13.355,1659503
AAL,2026-09-24,13.21,13.625,13.105,13.355,2471594
AAL,2026-09-25,13.565,13.965,13.38,13.87,2565812
AAL,2026-09-28,13.575,13.72,13.325,13.53,2308060
AAL,2026-09-29,13.83,13.835,13.405,13.6,1627077
AAL,2026-09-30,13.58,13.58,13.21,13.375,1886268
KBR,2025-10-01,46.975,48.315,46.975,47.765,52444
KBR,2025-10-02,47.75,47.84,46.875,47.095,61786
KBR,2025-10-03,47.05,47.545,47,47.4,55844
KBR,2025-10-06,47.33,48.105,47.305,47.465,60955
KBR,2025-10-07,47.37,47.43,46.49,46.85,67686
KBR,2025-10-08,46.84,47.12,46.84,46.875,55854
KBR,2025-10-09,46.9,46.9,45.255,45.265,52053
KBR,2025-10-10,45.415,45.475,42.94,43.21,100336
KBR,2025-10-13,43.485,45.01,43.485,44.705,97795
KBR,2025-10-14,44.485,44.965,44.135,44.855,53531
KBR,2025-10-15,45.08,45.2,43.79,44.12,39413
KBR,2025-10-16,44.09,44.52,43.54,43.775,59848
KBR,2025-10-17,43.49,43.53,42.99,43.38,34767
KBR,2025-10-20,43.41,44.09,43.36,43.51,64605
KBR,2025-10-21,43.69,44.81,43.51,44.5,96127
KBR,2025-10-22,44.54,44.835,43.28,43.36,54961
KBR,2025-10-23,43.445,44.66,43.445,44.38,98658
KBR,2025-10-24,44.395,44.395,43.67,44.07,116573
KBR,2025-10-27,44.08,44.08,43.445,43.81,80490
KBR,2025-10-28,43.59,43.875,42.94,43.025,76140
KBR,2025-10-29,42.98,43.52,42.805,42.9,111078
KBR,2025-10-30,41.62,43.085,41.02,41.56,120885
KBR,2025-10-31,41.8,43.275,41.75,42.86,137396
KBR,2025-11-03,42.5,42.56,41.47,41.68,56872
KBR,2025-11-04,41.1,42.44,41.1,42.44,91310
KBR,2025-11-05,42.44,43.41,42.44,42.755,68655
KBR,2025-11-06,42.625,42.625,41.365,41.7,38826
KBR,2025-11-07,41.55,42.645,41.5,42.64,63027
KBR,2025-11-10,43.135,43.135,41.78,42.385,46785
KBR,2025-11-11,42.36,42.61,42.115,42.42,36768
KBR,2025-11-12,42.79,42.92,42.45,42.555,31148
KBR,2025-11-13,42.68,42.68,42.01,42.27,44091
KBR,2025-11-14,41.82,42.07,41.52,42.055,52675
KBR,2025-11-17,41.935,41.935,40.5,40.55,32136
KBR,2025-11-18,40.565,40.88,40.38,40.81,27442
KBR,2025-11-19,40.43,40.62,40.04,40.51,32807
KBR,2025-11-20,41.13,41.13,39.76,39.78,47905
KBR,2025-11-21,39.745,40.86,39.745,40.335,39629
KBR,2025-11-24,39.855,40.095,39.62,39.835,37939
KBR,2025-11-25,40.135,40.85,40.135,40.745,48527
KBR,2025-11-26,41.225,41.235,40.67,40.755,31612
KBR,2025-11-28,40.965,41.26,40.83,41.21,15929
KBR,2025-12-01,40.94,42.17,40.935,41.765,43997
KBR,2025-12-02,42.595,44.305,42.25,43.71,70479
KBR,2025-12-03,44.045,44.045,43.41,43.73,40568
KBR,2025-12-04,44.04,45.305,44.04,44.655,44505
KBR,2025-12-05,44.04,44.35,43.645,44.31,54819
KBR,2025-12-08,44.37,44.37,43.5,43.595,41039
KBR,2025-12-09,43.6,43.94,43.47,43.57,29015
KBR,2025-12-10,43.76,43.94,43.18,43.56,26572
KBR,2025-12-11,43.76,44.49,43.76,44,76200
KBR,2025-12-12,44.2,44.295,43.49,43.5,28605
KBR,2025-12-15,43.62,44.1,42.895,43.07,47466
KBR,2025-12-16,42.805,43.05,42.25,42.55,48732
KBR,2025-12-17,42.54,43.45,42.54,42.89,42749
KBR,2025-12-18,43.405,43.405,42.76,42.815,31385
KBR,2025-12-19,41.34,41.545,40.08,40.23,143382
KBR,2025-12-22,40.44,40.93,39.815,40.14,56019
KBR,2025-12-23,40.325,40.325,39.56,39.97,32169
KBR,2025-12-24,39.91,40.42,39.6,40.305,21352
KBR,2025-12-26,40.29,40.4,40.12,40.2,12384
KBR,2025-12-29,40.33,40.33,39.99,40.23,24107
KBR,2025-12-30,40.01,40.71,39.96,40.66,33493
KBR,2025-12-31,40.5,40.715,40.21,40.23,21676
KBR,2026-01-02,40.125,40.74,40.125,40.485,19222
KBR,2026-01-05,41.57,43.445,41.45,43.25,108363
KBR,2026-01-06,43.25,43.25,41.995,43.005,41153
KBR,2026-01-07,43.225,43.225,42.05,42.245,42168
KBR,2026-01-08,43.05,43.81,43.05,43.68,60243
KBR,2026-01-09,43.725,44.52,43.68,44.37,39797
KBR,2026-01-12,44.265,44.56,44.195,44.28,25230
KBR,2026-01-13,44.535,44.82,43.765,44,35400
KBR,2026-01-14,44.095,44.365,43.675,43.975,65311
KBR,2026-01-15,44.06,45.33,44.045,45,28107
KBR,2026-01-16,44.63,44.715,43.995,44.68,29334
KBR,2026-01-20,43.97,44.4,43.27,43.48,20155
KBR,2026-01-21,43.64,44.53,43.58,44.32,29219
KBR,2026-01-22,44.42,44.5,44.11,44.43,28063
KBR,2026-01-23,45.22,45.22,44.09,44.39,34744
KBR,2026-01-26,44.35,44.375,42.92,43.42,26790
KBR,2026-01-27,43.22,43.44,43.01,43.15,16300
KBR,2026-01-28,42.92,43.335,42.855,43.185,27635
KBR,2026-01-29,43.35,43.79,42.78,43.215,37908
KBR,2026-01-30,43.175,43.175,42.195,42.795,52502
KBR,2026-02-02,42.435,42.9,42.15,42.52,54993
KBR,2026-02-03,42.58,42.65,41.065,41.64,54899
KBR,2026-02-04,41.915,42.91,41.775,42.61,43370
KBR,2026-02-05,42.98,42.98,41.85,42.115,45105
KBR,2026-02-06,42.725,43.63,42.725,43.52,46440
KBR,2026-02-09,43.385,44.45,43.32,44.13,66018
KBR,2026-02-10,43.71,44.225,43.555,43.8,47998
KBR,2026-02-11,43.91,43.91,40.465,40.95,104121
KBR,2026-02-12,41.18,41.77,39.455,40.14,44229
KBR,2026-02-13,40.475,41.54,40.38,41.285,41279
KBR,2026-02-17,41.665,41.665,40.55,41.23,41087
KBR,2026-02-18,41.225,42.35,41.205,42.13,32710
KBR,2026-02-19,42.215,43.17,42.215,43.01,75613
KBR,2026-02-20,42.82,43.225,42.36,42.725,46277
KBR,2026-02-23,42.245,42.465,40.235,40.325,39049
KBR,2026-02-24,40.35,40.63,40.1,40.385,57026
KBR,2026-02-25,40.94,41.075,40.41,40.855,83886
KBR,2026-02-26,41.8,42.26,39.85,42.03,100859
KBR,2026-02-27,41.58,42.575,41.39,42.22,42844
KBR,2026-03-02,41.72,41.955,40.67,41.5,68440
KBR,2026-03-03,40.765,41.545,39.945,41.025,72006
KBR,2026-03-04,40.79,40.79,40.015,40.52,56920
KBR,2026-03-05,40.58,40.68,39.855,40.12,48561
KBR,2026-03-06,39.595,40.45,39.21,39.995,91285
KBR,2026-03-09,39.41,39.5,38.27,39.385,120940
KBR,2026-03-10,39.26,39.43,37.31,37.875,67061
KBR,2026-03-11,37.83,37.99,37.34,37.63,42206
KBR,2026-03-12,37.65,37.85,36.715,36.795,79694
KBR,2026-03-13,36.86,36.885,36.35,36.66,94009
KBR,2026-03-16,36.38,36.955,36.365,36.55,50538
KBR,2026-03-17,37.07,37.195,36.76,37.12,34426
KBR,2026-03-18,37,37.405,36.52,36.52,36648
KBR,2026-03-19,36.725,37.345,36.25,37.095,72690
KBR,2026-03-20,37.155,37.515,36.94,37.29,59100
KBR,2026-03-23,37.875,38.325,37.54,37.86,60100
KBR,2026-03-24,37.33,37.84,37.165,37.48,53457
KBR,2026-03-25,37.915,38.1,36.39,37.695,31764
KBR,2026-03-26,37.56,38.14,37.45,37.52,44043
KBR,2026-03-27,37.44,37.72,36.94,36.99,52646
KBR,2026-03-30,37.045,37.06,35.67,35.8,70994
KBR,2026-03-31,35.955,37,35.695,36.85,91752
KBR,2026-04-01,36.975,37.68,36.88,37.51,120108
KBR,2026-04-02,37.085,38.5,37,38.045,130528
KBR,2026-04-06,37.955,37.99,37.54,37.635,44928
KBR,2026-04-07,37.565,38.125,37.345,37.735,44687
KBR,2026-04-08,38.73,39.51,38.29,38.32,61597
KBR,2026-04-09,38.235,38.235,37.075,37.46,79382
KBR,2026-04-10,37.07,37.225,36.415,36.65,75899
KBR,2026-04-13,36.75,37.47,36.66,36.87,86584
KBR,2026-04-14,37.155,37.17,36.35,36.36,78721
KBR,2026-04-15,36.61,37.115,36.58,36.7,67876
KBR,2026-04-16,37.09,37.12,36.635,36.675,43394
KBR,2026-04-17,37.08,37.54,36.08,36.4,46733
KBR,2026-04-20,36.39,36.73,36.28,36.465,81991
KBR,2026-04-21,36.77,37.235,36.59,36.73,44860
KBR,2026-04-22,36.89,37.33,35.78,35.98,53274
KBR,2026-04-23,35.97,36.06,34.895,35.215,80385
KBR,2026-04-24,35.29,35.37,34.925,35.235,54322
KBR,2026-04-27,35.31,35.79,35.17,35.31,50968
KBR,2026-04-28,36.12,36.12,35.175,36.01,46757
KBR,2026-04-29,36.075,36.27,35.74,36.01,54833
KBR,2026-04-30,36.57,37.635,36.37,37.5,88338
KBR,2026-05-01,37.655,37.92,37.315,37.47,102402
KBR,2026-05-04,37.72,39.06,37.72,38.69,145799
KBR,2026-05-05,37.99,38.34,35.615,36.6,218610
KBR,2026-05-06,36.71,36.785,35.05,35.16,167335
KBR,2026-05-07,35.22,35.26,33.04,33.19,201400
KBR,2026-05-08,32.81,32.88,31.56,32.5,142544
KBR,2026-05-11,32.45,32.825,32.215,32.49,145055
KBR,2026-05-12,32.88,32.905,32.05,32.06,78050
KBR,2026-05-13,31.24,31.27,30.465,30.505,127919
KBR,2026-05-14,30.68,31.48,30.605,30.88,95423
KBR,2026-05-15,31.015,31.015,29.955,30.05,76556
KBR,2026-05-18,30.76,32.275,30.76,32.25,142805
KBR,2026-05-19,32.525,32.755,31.825,31.845,144228
KBR,2026-05-20,31.63,32.38,31.24,32.33,99140
KBR,2026-05-21,31.925,32.25,31.465,32.09,69232
KBR,2026-05-22,32.94,33.9,32.94,33.475,113718
KBR,2026-05-26,33.435,33.82,33.31,33.54,114426
KBR,2026-05-27,33.515,33.96,33,33,92053
KBR,2026-05-28,32.99,34.57,32.985,34.41,109799
KBR,2026-05-29,34.31,36.05,34.065,34.98,157404
KBR,2026-06-01,35.36,36.15,35.36,35.72,174975
KBR,2026-06-02,35.12,36.34,34.94,35.76,193605
KBR,2026-06-03,35.4,35.86,35.03,35.74,120813
KBR,2026-06-04,35.895,36.68,35.83,36.135,83118
KBR,2026-06-05,36.4,36.4,35.46,35.56,80957
KBR,2026-06-08,35.26,35.805,35.02,35.235,79478
KBR,2026-06-09,35.22,35.85,35.055,35.305,82777
KBR,2026-06-10,35.195,35.24,34.045,34.2,77026
KBR,2026-06-11,34.075,35.53,34.075,35.36,82590
KBR,2026-06-12,35.37,36.25,35,35.85,77131
KBR,2026-06-15,36.24,36.24,34.715,34.83,107927
KBR,2026-06-16,35.18,35.59,35,35.02,74406
KBR,2026-06-17,34.68,35.47,33.89,33.89,94594
KBR,2026-06-18,33.55,33.69,32.465,32.835,151780
KBR,2026-06-22,32.51,32.6,31.62,32.1,107353
KBR,2026-06-23,31.86,33.23,31.86,33.2,80758
KBR,2026-06-24,33.22,33.69,33.145,33.195,90454
KBR,2026-06-25,33.44,33.44,32.175,32.26,77686
KBR,2026-06-26,32.37,33.485,32.365,33.37,87475
KBR,2026-06-29,33.68,33.99,33.34,33.71,210157
KBR,2026-06-30,33.57,34.86,33.35,34.54,174888
KBR,2026-07-01,34.72,35.22,34.39,34.65,170074
KBR,2026-07-02,35.07,36.44,35.07,36.395,162965
KBR,2026-07-06,36.365,37.69,36.25,37.44,196165
KBR,2026-07-07,38.025,38.025,36.51,36.66,131669
KBR,2026-07-08,36.45,36.61,36.17,36.29,57871
KBR,2026-07-09,36.075,36.2,35.575,35.81,83304
KBR,2026-07-10,36.125,36.265,35.44,35.46,47819
KBR,2026-07-13,36.275,36.37,35.3,35.745,118259
KBR,2026-07-14,35.11,35.95,34.99,35.51,130881
KBR,2026-07-15,35.565,36.635,35.565,35.97,96555
KBR,2026-07-16,36.34,36.44,35.765,36.175,80332
KBR,2026-07-17,36.06,36.335,34.99,35.08,96937
KBR,2026-07-20,34.895,35.42,34.49,34.57,74576
KBR,2026-07-21,34.27,34.765,34.245,34.37,91357
KBR,2026-07-22,34.86,35.635,34.86,35.615,83982
KBR,2026-07-23,35.85,36.64,35.835,36.36,91222
KBR,2026-07-24,37.02,37.745,36.865,36.92,125180
KBR,2026-07-27,36.965,37.39,36.78,36.815,98427
KBR,2026-07-28,37.175,37.66,36.985,37.415,153229
KBR,2026-07-29,36.86,36.98,35.585,35.95,203549
KBR,2026-07-30,35.01,35.01,32.23,34.395,283937
KBR,2026-07-31,34.11,36.87,34,36.61,248571
KBR,2026-08-03,36.71,37.34,36.57,37.08,94866
KBR,2026-08-04,37.02,38.02,36.855,37.82,54569
KBR,2026-08-05,38.025,38.025,36.235,36.34,69725
KBR,2026-08-06,36.69,37.91,36.57,37.58,85878
KBR,2026-08-07,37.44,38.08,37.44,38.04,61197
KBR,2026-08-10,37.79,38.555,37.79,38.29,42346
KBR,2026-08-11,38.15,38.155,37.465,37.58,37534
KBR,2026-08-12,37,38.13,36.995,38.08,48516
KBR,2026-08-13,38.38,38.38,37.32,38.16,49218
KBR,2026-08-14,38.33,38.49,37.93,38.38,41503
KBR,2026-08-17,38.145,38.22,37.47,37.55,62166
KBR,2026-08-18,37.95,38.25,37.495,37.625,54051
KBR,2026-08-19,37.7,38.435,37.635,37.97,65253
KBR,2026-08-20,37.785,38.07,37.62,37.895,60129
KBR,2026-08-21,38.045,38.93,38.045,38.575,57151
KBR,2026-08-24,38.5,38.515,37.635,37.68,37627
KBR,2026-08-25,37.64,37.89,37.57,37.7,43138
KBR,2026-08-26,37.715,38.305,37.715,37.935,28855
KBR,2026-08-27,37.83,38.3,37.78,38.18,42978
KBR,2026-08-28,38.26,38.335,37.75,38.02,41045
KBR,2026-08-31,37.675,38.585,37.48,37.495,59261
KBR,2026-09-01,37.22,37.36,36.82,36.94,60000
KBR,2026-09-02,36.75,37.08,36.5,36.925,44024
KBR,2026-09-03,37.42,37.705,36.48,37.285,45626
KBR,2026-09-04,36.69,37.11,36.44,36.81,45839
KBR,2026-09-08,36.68,37.16,36.225,37.05,86999
KBR,2026-09-09,37.49,37.58,36.095,36.1,45988
KBR,2026-09-10,36.08,36.7,36.08,36.455,43790
KBR,2026-09-11,36.715,36.715,35.78,36.585,69954
KBR,2026-09-14,36.9,37.18,36.63,36.79,30752
KBR,2026-09-15,36.2,37.335,36.08,37.325,94454
KBR,2026-09-16,37.285,37.29,36.255,36.62,67869
KBR,2026-09-17,37,37,36.545,36.705,58149
KBR,2026-09-18,36.515,36.59,35.54,35.54,98743
KBR,2026-09-21,35.56,35.92,35.31,35.73,91412
KBR,2026-09-22,35.78,35.78,34.885,34.99,109343
KBR,2026-09-23,34.92,35.79,34.79,35.34,86956
KBR,2026-09-24,35.73,35.8,34.565,34.83,80695
KBR,2026-09-25,34.59,34.59,33.88,34.515,73929
KBR,2026-09-28,35.15,35.15,34.34,34.84,93501
KBR,2026-09-29,34.62,35.39,34.355,35.14,133258
KBR,2026-09-30,35.23,35.405,34.75,35.155,122860
ROCK,2025-10-01,62.395,65.185,62.395,65.185,7786
ROCK,2025-10-02,65.235,66.66,65.235,66.435,16925
ROCK,2025-10-03,67.16,67.56,65.285,65.36,15886
ROCK,2025-10-06,65.41,65.8,64.495,64.495,9000
ROCK,2025-10-07,64.57,65.275,63.99,64.4,8111
ROCK,2025-10-08,64.95,67.34,64.545,67.24,12606
ROCK,2025-10-09,66.52,68.66,66.52,67.775,37197
ROCK,2025-10-10,68.33,68.33,63.895,63.895,13648
ROCK,2025-10-13,64.635,64.73,63.36,63.58,8611
ROCK,2025-10-14,63.93,65.48,63.65,65.04,15574
ROCK,2025-10-15,65.44,66.12,65.405,65.97,6352
ROCK,2025-10-16,65.19,66.32,65.16,66.28,24267
ROCK,2025-10-17,66.35,67.01,66.34,67.01,8519
ROCK,2025-10-20,67.7,70.895,67.7,70.675,14090
ROCK,2025-10-21,70.68,74.765,70.68,74.58,37992
ROCK,2025-10-22,74.52,74.795,69.27,69.52,37311
ROCK,2025-10-23,69.43,69.88,67.52,67.84,12546
ROCK,2025-10-24,68.655,69.185,68.225,68.225,16888
ROCK,2025-10-27,68.225,68.79,66.91,67.24,31474
ROCK,2025-10-28,67.88,68.195,67.095,67.69,15312
ROCK,2025-10-29,67.845,69.39,66.34,66.965,13632
ROCK,2025-10-30,66.72,69.65,63.95,64.095,12958
ROCK,2025-10-31,64.04,64.04,62.29,62.42,8691
ROCK,2025-11-03,61.71,62.59,61.42,61.43,9515
ROCK,2025-11-04,61.075,61.47,60.71,60.83,11815
ROCK,2025-11-05,61.5,61.5,60.19,60.81,11396
ROCK,2025-11-06,60.59,60.85,59.18,59.595,7950
ROCK,2025-11-07,59.83,62.62,59.83,61.595,7675
ROCK,2025-11-10,61.38,61.995,61.27,61.46,4718
ROCK,2025-11-11,61.34,61.695,61.27,61.38,3651
ROCK,2025-11-12,61.89,62.66,60.895,60.895,10456
ROCK,2025-11-13,60.44,60.445,58.705,58.91,13774
ROCK,2025-11-14,57.825,59.26,57.34,59.11,7121
ROCK,2025-11-17,58.31,58.31,46.685,46.795,58076
ROCK,2025-11-18,46.62,47.98,46.33,47.19,17138
ROCK,2025-11-19,47.45,47.45,44.24,44.24,18632
ROCK,2025-11-20,45.28,45.55,42.86,44.23,46887
ROCK,2025-11-21,44.565,48.29,44.565,47.415,19448
ROCK,2025-11-24,47.705,48.85,47.705,48.28,10778
ROCK,2025-11-25,48.33,50.085,48.32,49.29,18695
ROCK,2025-11-26,49.11,51.32,49.11,50.335,14487
ROCK,2025-11-28,50.085,50.085,49.07,49.93,9416
ROCK,2025-12-01,48.94,50.08,48.94,49.44,18409
ROCK,2025-12-02,50.1,50.22,49.3,49.925,9474
ROCK,2025-12-03,49.55,50.92,49.41,50.285,32486
ROCK,2025-12-04,49.92,50.08,49.12,49.67,8937
ROCK,2025-12-05,49.17,50.06,49.07,49.15,6993
ROCK,2025-12-08,49.31,49.49,48.9,49.015,7377
ROCK,2025-12-09,49.135,49.72,48.61,48.615,6399
ROCK,2025-12-10,49.68,50.81,49.365,50.44,11565
ROCK,2025-12-11,50.98,52.25,50.93,51.83,10532
ROCK,2025-12-12,51.695,51.815,50.95,51,9043
ROCK,2025-12-15,51.05,51.57,50.65,50.81,9208
ROCK,2025-12-16,51.22,51.32,50.485,50.93,11442
ROCK,2025-12-17,50.7,51.665,50.02,50.22,18186
ROCK,2025-12-18,51.17,51.93,51.015,51.21,22078
ROCK,2025-12-19,51.09,51.09,49.64,49.93,15228
ROCK,2025-12-22,50.09,50.1,48.875,48.875,32925
ROCK,2025-12-23,49.025,49.33,48.86,49.21,10457
ROCK,2025-12-24,50.17,50.58,50.045,50.195,4004
ROCK,2025-12-26,50.03,50.92,50.03,50.88,6452
ROCK,2025-12-29,50.575,50.575,49.99,50.25,6901
ROCK,2025-12-30,50.86,50.86,49.885,49.95,5311
ROCK,2025-12-31,49.58,49.7,49.26,49.49,5188
ROCK,2026-01-02,50.42,50.48,49.99,50.14,5688
ROCK,2026-01-05,50.98,52.02,50.97,51.005,8871
ROCK,2026-01-06,50.2,50.88,49.75,50.505,27649
ROCK,2026-01-07,50.5,50.5,48.55,48.62,16400
ROCK,2026-01-08,48.3,52.375,48.3,51.465,12092
ROCK,2026-01-09,52.34,53.48,52.08,53.115,24222
ROCK,2026-01-12,52.705,55.96,52.705,55.71,11430
ROCK,2026-01-13,55.99,56.705,54.745,55.15,7920
ROCK,2026-01-14,56.18,56.18,55.285,55.83,9206
ROCK,2026-01-15,57.04,58.395,57.04,58.17,5703
ROCK,2026-01-16,57.945,57.945,55.975,56.98,8227
ROCK,2026-01-20,56.21,56.21,54.5,54.67,10236
ROCK,2026-01-21,48.52,48.885,43.29,48.37,50442
ROCK,2026-01-22,49.12,52.17,48.945,51.115,28675
ROCK,2026-01-23,50.905,52.155,50.61,51.775,22193
ROCK,2026-01-26,51.83,51.83,50.755,51.2,13757
ROCK,2026-01-27,51.035,51.185,50.52,50.685,9077
ROCK,2026-01-28,51.095,51.33,50.47,51.07,8844
ROCK,2026-01-29,51.66,52.1,51.36,52.08,7187
ROCK,2026-01-30,51.07,52.27,50.385,51.255,19199
ROCK,2026-02-02,51.87,52.415,51.81,51.98,9584
ROCK,2026-02-03,53.1,53.34,51.075,51.33,6480
ROCK,2026-02-04,52.925,53.375,52.065,53.07,14325
ROCK,2026-02-05,52.765,52.95,51.86,52.2,15563
ROCK,2026-02-06,54.055,54.49,53.68,53.94,6028
ROCK,2026-02-09,53.81,53.91,53.43,53.65,4511
ROCK,2026-02-10,54.05,55.135,54.05,54.82,8139
ROCK,2026-02-11,53.4,54.17,53.4,54,7161
ROCK,2026-02-12,55.6,55.6,52.96,53.26,6973
ROCK,2026-02-13,53.425,55.04,53.425,54.64,15470
ROCK,2026-02-17,53.67,53.81,52.67,53.27,9753
ROCK,2026-02-18,54.26,54.26,52.95,52.965,9836
ROCK,2026-02-19,52.635,53.37,52.635,53.115,4782
ROCK,2026-02-20,53.6,54.46,52.665,52.84,12293
ROCK,2026-02-23,50.815,51.05,50.295,50.41,20700
ROCK,2026-02-24,51.115,51.31,50.53,50.75,7140
ROCK,2026-02-25,51.43,51.43,48.905,49.245,14712
ROCK,2026-02-26,49.03,49.41,47.25,48.945,13491
ROCK,2026-02-27,48.65,48.65,45.47,45.47,10127
ROCK,2026-03-02,44.73,45.4,43.98,45.15,14554
ROCK,2026-03-03,43.35,44.37,43.35,43.865,8760
ROCK,2026-03-04,44.045,44.05,43,43.065,12917
ROCK,2026-03-05,42.61,43.005,40.99,41.16,15242
ROCK,2026-03-06,39.63,40.245,39.61,40.245,8294
ROCK,2026-03-09,39.355,39.6,37.87,39.22,19490
ROCK,2026-03-10,39.15,41.635,39.15,41.545,19446
ROCK,2026-03-11,41.85,43.17,41.85,42.35,11208
ROCK,2026-03-12,41.93,43.01,41.81,42.3,30611
ROCK,2026-03-13,42.35,42.56,40.54,41.32,16409
ROCK,2026-03-16,42.29,42.29,41.65,41.825,12726
ROCK,2026-03-17,42.41,42.44,41.51,41.76,15002
ROCK,2026-03-18,40.67,41.24,39.78,39.85,15288
ROCK,2026-03-19,39.49,40.19,39.19,40.04,15045
ROCK,2026-03-20,39.025,39.025,38.615,38.9,7900
ROCK,2026-03-23,41.395,41.42,40.825,40.86,11213
ROCK,2026-03-24,40.75,42.615,40.52,42.06,19401
ROCK,2026-03-25,42.655,42.655,41.165,42.02,12965
ROCK,2026-03-26,42.215,42.215,40.62,40.95,15402
ROCK,2026-03-27,40.985,41.09,40.3,40.39,18208
ROCK,2026-03-30,40.76,40.805,39.495,39.53,13748
ROCK,2026-03-31,39.9,39.96,38.77,39.88,14110
ROCK,2026-04-01,40.91,40.91,39.52,39.545,9338
ROCK,2026-04-02,38.39,39.51,38.295,39.02,15470
ROCK,2026-04-06,38.445,38.89,38.285,38.32,8359
ROCK,2026-04-07,38.16,38.58,37.89,38.485,17589
ROCK,2026-04-08,41.36,41.53,40.05,40.565,16026
ROCK,2026-04-09,40.36,41.29,40.17,40.965,15612
ROCK,2026-04-10,41.01,41.01,40.13,40.145,31841
ROCK,2026-04-13,39.97,41.5,39.96,41.5,16570
ROCK,2026-04-14,41.35,41.705,41.22,41.52,14612
ROCK,2026-04-15,41.46,41.46,37.96,38.145,11536
ROCK,2026-04-16,38.345,38.485,37.35,37.69,17467
ROCK,2026-04-17,38.83,39.91,38.81,39.44,29589
ROCK,2026-04-20,39.585,40.6,39.49,40.325,9926
ROCK,2026-04-21,40.65,41.12,38.375,38.555,18168
ROCK,2026-04-22,39.59,40.04,39.51,39.98,17552
ROCK,2026-04-23,39.52,39.945,39.25,39.87,7804
ROCK,2026-04-24,39.72,40.285,39.4,39.57,37797
ROCK,2026-04-27,39.97,40.03,39.48,39.92,30011
ROCK,2026-04-28,39.88,40.315,39.8,40.14,13946
ROCK,2026-04-29,39.68,39.685,37.48,37.48,10005
ROCK,2026-04-30,37.75,39.27,37.75,39.02,14335
ROCK,2026-05-01,39.61,40.06,39.145,39.175,17653
ROCK,2026-05-04,38.345,38.38,36.83,36.93,9481
ROCK,2026-05-05,38.15,38.95,38.15,38.29,11354
ROCK,2026-05-06,39.5,39.51,37.91,37.91,17595
ROCK,2026-05-07,35.25,39.19,35.25,37.66,50413
ROCK,2026-05-08,38.7,40.9,38.44,40.69,32831
ROCK,2026-05-11,39.59,40.08,38.92,39.26,27215
ROCK,2026-05-12,39.335,39.335,37.335,37.92,25221
ROCK,2026-05-13,37.84,38.19,37.56,38.19,18547
ROCK,2026-05-14,38.165,38.42,37.85,37.94,11332
ROCK,2026-05-15,37.095,37.3,35.35,35.39,18686
ROCK,2026-05-18,35.1,36.21,35.1,35.54,14392
ROCK,2026-05-19,33.97,34.29,33.78,33.84,12930
ROCK,2026-05-20,33.56,35.18,33.56,35.16,27587
ROCK,2026-05-21,34.535,35.75,34.28,35.52,27416
ROCK,2026-05-22,35.745,37.18,35.475,37.17,16994
ROCK,2026-05-26,37.53,37.95,37.105,37.455,14127
ROCK,2026-05-27,39.27,39.73,38.58,39.5,22203
ROCK,2026-05-28,38.51,39.66,38.49,39.275,26173
ROCK,2026-05-29,39.08,39.285,38.5,38.57,12923
ROCK,2026-06-01,37.68,37.74,36.115,37.74,16777
ROCK,2026-06-02,38.14,38.39,37.24,38.01,19823
ROCK,2026-06-03,37.38,37.765,36.97,37.64,17734
ROCK,2026-06-04,37.89,38.61,37.525,38.355,16285
ROCK,2026-06-05,38.02,38.02,36.705,36.965,10351
ROCK,2026-06-08,37.22,38.775,37.19,38.4,14432
ROCK,2026-06-09,40.58,40.59,38.47,39.33,20407
ROCK,2026-06-10,38.71,38.93,37.15,37.52,25532
ROCK,2026-06-11,38.235,39.59,37.37,39.48,35449
ROCK,2026-06-12,39.435,41.185,39.435,40.33,18488
ROCK,2026-06-15,41.58,42.03,40.37,40.51,23313
ROCK,2026-06-16,41.9,42.2,41.27,41.48,23726
ROCK,2026-06-17,41.97,42.83,40.44,40.49,28873
ROCK,2026-06-18,41.26,42.23,40.825,40.825,24257
ROCK,2026-06-22,40.62,41.04,39.965,40.04,22037
ROCK,2026-06-23,39.995,40.38,39.31,39.335,21503
ROCK,2026-06-24,41.17,43.94,41.17,43.23,14227
ROCK,2026-06-25,43.18,44.97,43.18,43.355,19731
ROCK,2026-06-26,44.2,44.71,43.905,44.3,20106
ROCK,2026-06-29,43.48,45.05,42.985,44.765,21305
ROCK,2026-06-30,44.58,45.18,44.21,45.05,8740
ROCK,2026-07-01,44.74,45.675,44.74,45.29,20771
ROCK,2026-07-02,45.155,45.155,43.325,44.015,9360
ROCK,2026-07-06,43.595,43.595,42.56,43.21,15957
ROCK,2026-07-07,43.64,44.35,42.34,43.135,22848
ROCK,2026-07-08,43.135,43.135,40.34,41.3,18805
ROCK,2026-07-09,41.43,42.39,41.43,42.145,9620
ROCK,2026-07-10,42.435,43.035,42.16,42.16,12342
ROCK,2026-07-13,42.63,42.63,41.14,41.22,6514
ROCK,2026-07-14,41.49,41.65,40.925,41.61,9722
ROCK,2026-07-15,41.815,44.25,41.815,44.25,18792
ROCK,2026-07-16,44.035,46.13,44.035,44.875,33682
ROCK,2026-07-17,45.12,45.695,43.18,43.235,16997
ROCK,2026-07-20,42.855,43.66,42.38,43.61,19758
ROCK,2026-07-21,43.435,44.315,43.22,43.71,12032
ROCK,2026-07-22,44.28,44.58,43.815,44.55,21058
ROCK,2026-07-23,43.96,44.67,43.88,44.37,26021
ROCK,2026-07-24,45.22,45.67,44.68,45.07,20987
ROCK,2026-07-27,46.17,46.445,45.35,45.9,21074
ROCK,2026-07-28,46.76,47.3,46.33,46.74,26662
ROCK,2026-07-29,46.7,46.815,42.36,43.14,35252
ROCK,2026-07-30,43.48,43.8,42.72,42.89,23372
ROCK,2026-07-31,42.94,42.94,42.06,42.235,17669
ROCK,2026-08-03,44.235,46.505,44.235,46.3,23947
ROCK,2026-08-04,46.96,48.18,46.795,48.125,14538
ROCK,2026-08-05,51.96,57.57,51.96,55.01,45504
ROCK,2026-08-06,54.15,54.15,50.195,50.73,44692
ROCK,2026-08-07,52.12,52.125,50.22,50.22,13483
ROCK,2026-08-10,49.9,49.9,48.11,48.83,19096
ROCK,2026-08-11,50.09,50.37,48.905,49.81,7933
ROCK,2026-08-12,50.38,50.38,48.545,49.15,18903
ROCK,2026-08-13,48.84,49.88,48.84,48.94,8341
ROCK,2026-08-14,48.52,48.52,47.7,47.915,7316
ROCK,2026-08-17,47.5,47.61,47,47.61,8898
ROCK,2026-08-18,46.885,47.14,46.4,46.4,8359
ROCK,2026-08-19,47.795,48.13,47.47,47.84,7113
ROCK,2026-08-20,46.9,46.9,45.93,46.45,9039
ROCK,2026-08-21,47,47.65,46.47,46.47,9622
ROCK,2026-08-24,46.91,47.4,46.2,46.27,7932
ROCK,2026-08-25,46.9,46.9,45.835,46.12,8485
ROCK,2026-08-26,45.725,46.38,45.725,46.31,6278
ROCK,2026-08-27,46.42,46.49,45.71,45.79,5686
ROCK,2026-08-28,45.63,45.68,45,45.16,6997
ROCK,2026-08-31,45.91,45.91,44.42,44.985,13129
ROCK,2026-09-01,43.935,44.14,42.335,42.895,9973
ROCK,2026-09-02,42.845,44.75,42.845,44.11,20776
ROCK,2026-09-03,44.89,45.76,44.89,45.76,8270
ROCK,2026-09-04,46.45,47.79,46.45,47.21,9289
ROCK,2026-09-08,47.82,47.82,47.1,47.45,11943
ROCK,2026-09-09,46.38,46.7,45.75,45.82,18966
ROCK,2026-09-10,44.43,44.85,44.07,44.555,11373
ROCK,2026-09-11,45.63,46.475,44.895,46.24,11554
ROCK,2026-09-14,45.435,45.66,44.93,45.05,7719
ROCK,2026-09-15,44.55,45.31,44.48,44.665,8671
ROCK,2026-09-16,44.85,45.045,44.22,44.88,14936
ROCK,2026-09-17,45.39,45.39,43.89,43.98,41391
ROCK,2026-09-18,42.835,43.07,41.015,41.34,30305
ROCK,2026-09-21,41.78,42.41,41,41.74,15726
ROCK,2026-09-22,41.94,42.61,41.73,42.61,12767
ROCK,2026-09-23,42.2,42.2,39.84,40.21,26200
ROCK,2026-09-24,39.99,40.25,38.18,39.685,46272
ROCK,2026-09-25,39.7,40.65,39.69,40.555,26308
ROCK,2026-09-28,39.635,40.96,38.89,40.6,13917
ROCK,2026-09-29,40.44,40.44,39.3,40.09,9255
ROCK,2026-09-30,40.13,40.275,39.535,39.655,13444
WW,2025-10-01,26.35,26.5,26.04,26.04,5441
WW,2025-10-02,25.365,26.685,25.365,26.445,4422
WW,2025-10-03,26.7,27.4,26.35,26.35,3387
WW,2025-10-06,26.99,27.05,26.215,26.67,3364
WW,2025-10-07,26.14,26.14,25.55,25.955,3735
WW,2025-10-08,26.155,27.065,26.045,26.995,4285
WW,2025-10-09,26.48,26.81,26.48,26.71,2609
WW,2025-10-10,27.045,27.045,25.915,26.08,3299
WW,2025-10-13,26.47,26.47,25.775,26.15,4837
WW,2025-10-14,25.96,26.12,25.89,25.89,977
WW,2025-10-15,26.105,29.455,25.87,29.21,10756
WW,2025-10-16,29.99,30.69,28.95,29.28,5847
WW,2025-10-17,28.92,29.105,26.91,26.91,2361
WW,2025-10-20,29.38,30.48,29.11,29.62,7113
WW,2025-10-21,29.32,30.985,29.32,29.92,5817
WW,2025-10-22,29.595,30.605,29.345,30.365,19811
WW,2025-10-23,30.53,30.535,29.705,30.44,2475
WW,2025-10-24,30.355,33.5,30.355,32.58,17054
WW,2025-10-27,33.575,33.685,32.55,32.93,4908
WW,2025-10-28,32.51,35.56,32.34,34.7,17034
WW,2025-10-29,36.3,36.33,33.885,34.9,6044
WW,2025-10-30,34.33,35.13,34.035,34.035,3543
WW,2025-10-31,34.055,35.25,33.795,34.745,7003
WW,2025-11-03,33.485,34.595,33.38,34.195,10451
WW,2025-11-04,33.57,34,30.31,31.08,21074
WW,2025-11-05,31.96,34.45,31.96,33.11,10584
WW,2025-11-06,34.59,38.04,33.69,34.46,29301
WW,2025-11-07,33.07,34.24,31.11,33.34,13578
WW,2025-11-10,32.85,33.225,28.95,28.99,20706
WW,2025-11-11,28.815,30.16,28.08,28.54,5928
WW,2025-11-12,29.52,29.52,27.62,27.62,4745
WW,2025-11-13,27.845,28.58,27.64,27.88,2105
WW,2025-11-14,27.43,28.07,26.95,27.14,9638
WW,2025-11-17,26.63,26.99,24.675,24.685,10384
WW,2025-11-18,24.05,24.34,23.24,23.315,8351
WW,2025-11-19,23.46,23.46,20.67,21.205,28294
WW,2025-11-20,21.59,21.96,20.87,21.07,5977
WW,2025-11-21,22.28,25.22,22.28,24.66,8515
WW,2025-11-24,23.89,24.46,23.29,24.345,7865
WW,2025-11-25,24.27,26.83,24.27,26.785,4904
WW,2025-11-26,27.905,28.53,27.025,27.5,6004
WW,2025-11-28,27.84,28.57,27.84,28.32,2536
WW,2025-12-01,27.36,27.49,25.825,26.73,8597
WW,2025-12-02,26.915,27.225,25.87,26.74,6401
WW,2025-12-03,26.17,26.77,26.17,26.77,2115
WW,2025-12-04,26.26,26.27,25.79,25.88,2996
WW,2025-12-05,24.99,25.65,23.79,24.03,5420
WW,2025-12-08,24.2,24.625,23.695,24.39,4098
WW,2025-12-09,24.605,25.12,24.54,24.915,6641
WW,2025-12-10,24.59,25.05,24.31,24.79,2865
WW,2025-12-11,25.005,26.03,24.77,26.03,1929
WW,2025-12-12,25.545,25.78,25.5,25.5,1983
WW,2025-12-15,25.645,25.645,24.245,24.34,2821
WW,2025-12-16,24.2,27.65,24.2,27.19,11737
WW,2025-12-17,26.97,27.5,26.665,26.85,2607
WW,2025-12-18,26.83,26.83,25.7,26.3,2461
WW,2025-12-19,26.86,28.375,26.775,27.54,9501
WW,2025-12-22,27.41,27.47,26.67,26.67,2379
WW,2025-12-23,28.33,30.735,28.33,30.3,13509
WW,2025-12-24,30.19,30.33,28.885,30.24,8714
WW,2025-12-26,29.57,29.67,27.5,27.615,3367
WW,2025-12-29,28.34,28.885,28.115,28.565,5505
WW,2025-12-30,28.915,29.73,28.91,29.125,3866
WW,2025-12-31,29.18,29.24,28.575,29.2,5002
WW,2026-01-02,29.61,31.375,29.36,31.375,4980
WW,2026-01-05,32.77,33.875,31.65,32.37,17228
WW,2026-01-06,32.495,33.965,32.495,33.8,6496
WW,2026-01-07,34.22,34.9,32.85,33.345,16846
WW,2026-01-08,32.92,35.045,32.92,34.28,9639
WW,2026-01-09,34.79,34.79,29.09,30.4,27519
WW,2026-01-12,30.26,30.995,29.37,30.38,18364
WW,2026-01-13,28.885,28.885,27.375,28.245,19119
WW,2026-01-14,28.17,28.215,25.825,26.025,16076
WW,2026-01-15,25.675,25.675,23.705,23.83,19791
WW,2026-01-16,23.325,24.605,22.6,23.92,8111
WW,2026-01-20,23.19,23.19,21.96,22.04,9404
WW,2026-01-21,21.93,22.265,21.485,22.135,9030
WW,2026-01-22,22.24,22.79,22.24,22.78,2303
WW,2026-01-23,22.45,22.45,21.99,22.07,2121
WW,2026-01-26,21.845,22.395,21.77,21.77,2497
WW,2026-01-27,21.28,22.05,20.655,21.875,9667
WW,2026-01-28,21.88,21.88,21.1,21.255,5481
WW,2026-01-29,21.06,21.06,20.3,20.95,4055
WW,2026-01-30,20.45,20.955,20.03,20.21,8045
WW,2026-02-02,20.375,20.81,20.29,20.29,3264
WW,2026-02-03,18.98,20.165,18.98,20.165,12549
WW,2026-02-04,19.765,20.44,19.5,20.24,6455
WW,2026-02-05,19.855,20.095,18.075,19.095,16234
WW,2026-02-06,19.595,22.06,19.595,21.99,12585
WW,2026-02-09,24.135,24.96,23.53,24.275,33199
WW,2026-02-10,23.575,25.235,23.575,23.84,10538
WW,2026-02-11,23.5,24.05,23.26,23.85,4366
WW,2026-02-12,23.31,23.58,21.93,22.9,6307
WW,2026-02-13,22.93,23.69,22.625,23.22,3597
WW,2026-02-17,22.56,22.6,21.91,22.03,4710
WW,2026-02-18,21.81,21.81,21.17,21.38,4390
WW,2026-02-19,21.305,22.5,21.305,21.99,6938
WW,2026-02-20,23.15,23.29,22.66,22.765,3270
WW,2026-02-23,22.33,22.33,21.825,21.94,2600
WW,2026-02-24,21.89,21.89,20.645,20.68,7000
WW,2026-02-25,21.26,22.72,21.26,22.24,4277
WW,2026-02-26,21.385,21.69,21.09,21.62,1804
WW,2026-02-27,20.89,21.13,20.73,20.93,1010
WW,2026-03-02,20.47,21.83,20.24,21.685,3799
WW,2026-03-03,21.11,22.16,20.5,21.73,4612
WW,2026-03-04,22.03,23.12,22.03,22.95,5577
WW,2026-03-05,23.7,23.7,22.95,22.95,2757
WW,2026-03-06,22.61,22.77,22.405,22.515,3243
WW,2026-03-09,21.735,22.03,21.31,21.875,4398
WW,2026-03-10,22.015,22.695,22.015,22.315,2445
WW,2026-03-11,22.69,23.38,22.29,22.37,17016
WW,2026-03-12,22.665,23.19,21.875,22.87,4805
WW,2026-03-13,22.85,22.85,21.1,21.1,11653
WW,2026-03-16,22.705,25.06,20.99,21.29,38829
WW,2026-03-17,20.775,20.795,18.52,18.61,39359
WW,2026-03-18,18.05,19.01,18.05,18.27,12541
WW,2026-03-19,18.65,19.03,18.41,18.755,6300
WW,2026-03-20,18.47,18.47,17.67,17.69,4117
WW,2026-03-23,17.8,18.09,17.35,17.97,14446
WW,2026-03-24,17.95,17.95,17.37,17.37,15979
WW,2026-03-25,17.6,17.6,16.4,16.63,9750
WW,2026-03-26,16.17,16.39,15.59,15.855,19747
WW,2026-03-27,15.76,15.76,13.94,14.26,29292
WW,2026-03-30,14.325,14.325,13.115,13.295,16384
WW,2026-03-31,13.42,13.865,13.355,13.765,11999
WW,2026-04-01,13.795,14.49,13.65,14.09,14378
WW,2026-04-02,13.62,14.42,13.62,14.33,5449
WW,2026-04-06,13.4,13.4,11.84,12.005,38167
WW,2026-04-07,11.42,11.765,10.81,11.61,23194
WW,2026-04-08,12.03,12.23,11.235,11.285,11800
WW,2026-04-09,11.96,12.08,10.79,11.41,28320
WW,2026-04-10,11.06,11.105,10.66,10.7,14518
WW,2026-04-13,10.22,11,10.15,10.98,18467
WW,2026-04-14,11.39,11.68,10.63,10.67,8138
WW,2026-04-15,10.485,10.88,10.47,10.825,3722
WW,2026-04-16,10.64,10.765,10.58,10.68,6287
WW,2026-04-17,10.995,11.47,10.9,10.975,11244
WW,2026-04-20,10.795,10.795,9.99,10,16961
WW,2026-04-21,9.905,10.3,8.92,9.185,23163
WW,2026-04-22,9.125,10.045,9.125,10,9424
WW,2026-04-23,9.98,9.98,8.99,9.28,14874
WW,2026-04-24,9.28,9.83,9.16,9.225,10370
WW,2026-04-27,10.245,11.66,10.1,10.565,21241
WW,2026-04-28,10.285,10.3,9.825,9.875,9190
WW,2026-04-29,9.735,10.15,9.45,10.14,15373
WW,2026-04-30,9.96,10.625,9.8,10.515,12413
WW,2026-05-01,10.615,10.84,10.58,10.69,6157
WW,2026-05-04,11.005,11.28,10.895,10.93,7815
WW,2026-05-05,10.57,11.9,10.51,11.89,6269
WW,2026-05-06,11.83,11.905,11.175,11.76,14975
WW,2026-05-07,10.18,10.195,9.06,9.155,29619
WW,2026-05-08,8.605,10.225,8.41,10.225,18542
WW,2026-05-11,10.54,11.1,9.96,10.02,7974
WW,2026-05-12,10.02,10.075,9.595,9.68,6046
WW,2026-05-13,9.39,10.77,9.39,9.66,15718
WW,2026-05-14,9.835,11.09,9.44,11.065,17470
WW,2026-05-15,10.245,10.96,10.19,10.675,5856
WW,2026-05-18,10.28,10.54,10.07,10.07,3807
WW,2026-05-19,9.74,9.74,9.32,9.32,2784
WW,2026-05-20,9.585,10.13,9.465,10,4819
WW,2026-05-21,10.16,10.17,9.98,10.15,3996
WW,2026-05-22,12,13.06,12,12.81,23807
WW,2026-05-26,13.19,14.21,13.125,13.87,23604
WW,2026-05-27,13.52,15.31,13.165,15.205,16027
WW,2026-05-28,16.07,17.53,15.565,17.135,17240
WW,2026-05-29,17.06,17.295,16.255,16.68,10181
WW,2026-06-01,16.73,17.45,16.62,17.03,15941
WW,2026-06-02,16.39,17.485,15.935,15.995,10593
WW,2026-06-03,15.65,16.405,14.935,16.045,6738
WW,2026-06-04,16.41,17.72,16.41,17.21,7159
WW,2026-06-05,17.48,17.48,16.4,16.55,1949
WW,2026-06-08,16.11,17.32,16.11,17.32,3746
WW,2026-06-09,17.86,18.14,16.87,18.14,6257
WW,2026-06-10,18.63,18.66,17.97,18.53,8761
WW,2026-06-11,18.43,19.86,18.35,19.52,9563
WW,2026-06-12,19.67,19.67,18.295,18.295,4867
WW,2026-06-15,18.765,19.16,18.53,18.795,5389
WW,2026-06-16,19.47,19.47,18.915,18.93,5656
WW,2026-06-17,19.115,19.54,18.6,19.06,6030
WW,2026-06-18,19.43,20.285,18.885,19.17,21178
WW,2026-06-22,19.595,19.99,18.155,18.33,9555
WW,2026-06-23,18.44,19.06,18.13,18.17,10454
WW,2026-06-24,18.57,18.57,17.23,17.73,5394
WW,2026-06-25,17.18,17.18,16.31,16.38,4938
WW,2026-06-26,16.82,17.11,15.82,15.96,7294
WW,2026-06-29,15.875,16.7,15.62,16.35,3087
WW,2026-06-30,16.68,16.68,15.815,15.985,8788
WW,2026-07-01,16.25,16.82,16.22,16.28,4500
WW,2026-07-02,15.99,16.455,15.77,16.455,2160
WW,2026-07-06,16.7,16.7,16.09,16.09,44565
WW,2026-07-07,16,16.08,15.5,15.59,3872
WW,2026-07-08,15.76,15.9,15.1,15.63,2714
WW,2026-07-09,15.475,16.02,15,15.075,6130
WW,2026-07-10,15.44,16.08,15.23,15.395,7337
WW,2026-07-13,15.3,15.755,14.55,14.55,8094
WW,2026-07-14,14.88,14.975,14.84,14.975,3246
WW,2026-07-15,15.2,15.2,14.76,15.15,1627
WW,2026-07-16,15.39,15.54,14.95,15.035,2103
WW,2026-07-17,14.405,14.77,14.26,14.685,8045
WW,2026-07-20,14.5,15.105,14.37,14.78,4921
WW,2026-07-21,14.96,15.57,14.83,15.4,5006
WW,2026-07-22,15.49,15.49,14.71,14.71,2648
WW,2026-07-23,14.45,14.53,13.13,13.6,14656
WW,2026-07-24,13.94,13.94,12.94,13.32,2370
WW,2026-07-27,13.88,14.015,13.44,13.81,6769
WW,2026-07-28,13.93,13.93,13.655,13.71,4901
WW,2026-07-29,13.66,13.66,12.835,13,5221
WW,2026-07-30,13,13.98,12.99,13.89,5032
WW,2026-07-31,13.735,14.315,13.6,14.31,4647
WW,2026-08-03,14.32,16.02,14.32,15.96,6585
WW,2026-08-04,16.515,16.605,16.07,16.46,4399
WW,2026-08-05,16.72,17.3,14.89,15.255,25538
WW,2026-08-06,16.3,16.93,14.7,16.75,22768
WW,2026-08-07,17.73,18.145,17.23,18.05,16007
WW,2026-08-10,18.26,18.26,15.76,15.78,14241
WW,2026-08-11,15.65,15.72,14.98,15.03,8911
WW,2026-08-12,14.435,14.505,13.52,14.505,10014
WW,2026-08-13,14.58,15.115,14.21,14.47,9573
WW,2026-08-14,14.19,14.33,14.07,14.15,3139
WW,2026-08-17,13.52,13.69,13.1,13.63,5644
WW,2026-08-18,13.4,13.92,13.36,13.92,4962
WW,2026-08-19,13.985,14.32,13.985,14.32,1604
WW,2026-08-20,13.62,14.89,13.62,14.89,4924
WW,2026-08-21,16.07,16.595,15.65,15.665,11498
WW,2026-08-24,15.295,16.165,14.78,15.93,2896
WW,2026-08-25,16.22,17.75,16.22,17.56,16375
WW,2026-08-26,17.79,18.87,17.42,17.45,12351
WW,2026-08-27,17.675,17.675,16.19,16.19,2995
WW,2026-08-28,16.355,16.355,15.4,16.21,10801
WW,2026-08-31,15.565,16.635,15.565,16.635,11486
WW,2026-09-01,16.155,16.86,15.79,16.09,11448
WW,2026-09-02,16.79,17.465,16.51,17.03,6018
WW,2026-09-03,17.12,18.43,16.83,17.67,7045
WW,2026-09-04,17.5,18.17,17.47,17.96,7378
WW,2026-09-08,17.46,18.15,17.385,18.055,6782
WW,2026-09-09,17.345,17.345,14.82,14.935,16738
WW,2026-09-10,15.12,15.52,14.615,14.73,7387
WW,2026-09-11,14.8,15.84,14.59,14.8,7340
WW,2026-09-14,14.715,15.915,14.715,15.195,16113
WW,2026-09-15,15.25,15.77,14.81,15.44,6346
WW,2026-09-16,15.405,15.96,15.38,15.4,9984
WW,2026-09-17,15.54,16.365,15.38,16,14451
WW,2026-09-18,15.96,16.135,15.645,16.03,12776
WW,2026-09-21,16.305,17.135,16.04,16.46,12719
WW,2026-09-22,16.335,16.8,16.08,16.515,23728
WW,2026-09-23,16.01,16.09,14.96,15.055,13328
WW,2026-09-24,14.76,15.03,13.655,13.85,8713
WW,2026-09-25,14.16,14.57,13.84,14.35,9385
WW,2026-09-28,13.9,15.08,13.58,15.08,8889
WW,2026-09-29,16.08,18.84,15.23,17.185,34489
WW,2026-09-30,17.05,17.05,15.48,15.48,11208
AEHR,2025-10-01,30.4,33.435,30.4,33.435,23903
AEHR,2025-10-02,33.75,34.215,32.12,32.23,29251
AEHR,2025-10-03,32.23,32.53,30.83,31.04,53053
AEHR,2025-10-06,30.21,32.53,30.01,31.76,61574
AEHR,2025-10-07,25.555,26.28,23.08,26.21,138697
AEHR,2025-10-08,25.72,26.84,25.315,25.84,57055
AEHR,2025-10-09,25.2,25.61,24.445,25.15,42258
AEHR,2025-10-10,25.13,25.69,23.455,23.49,31160
AEHR,2025-10-13,24.665,25.54,23.53,25.53,25837
AEHR,2025-10-14,24.58,27.97,23.79,27.3,32636
AEHR,2025-10-15,27.875,29.395,27.72,29.27,28587
AEHR,2025-10-16,29.695,29.695,26.72,26.72,22104
AEHR,2025-10-17,26.3,26.66,24.59,24.765,26334
AEHR,2025-10-20,26.015,28.83,26.015,28.83,41888
AEHR,2025-10-21,27.67,27.675,25.77,25.94,68798
AEHR,2025-10-22,25.505,25.505,22.63,23.66,53781
AEHR,2025-10-23,23.9,25.315,23.9,25.05,31672
AEHR,2025-10-24,25.635,25.68,24.92,24.95,21403
AEHR,2025-10-27,25.48,25.48,24.4,25.14,13243
AEHR,2025-10-28,25.265,26.25,25.045,25.075,11538
AEHR,2025-10-29,25.78,28.05,25.185,27.17,35613
AEHR,2025-10-30,26.14,26.48,24.96,25.12,23717
AEHR,2025-10-31,25.5,26.18,25.42,26.01,28774
AEHR,2025-11-03,26.565,26.9,25.67,25.95,21436
AEHR,2025-11-04,24.01,25.81,23.945,24.82,33342
AEHR,2025-11-05,25.205,26.04,25.05,25.715,54997
AEHR,2025-11-06,24.93,25.205,23.21,23.66,29434
AEHR,2025-11-07,23.1,24.47,22.71,24.47,24344
AEHR,2025-11-10,25.07,25.285,24.115,24.615,20046
AEHR,2025-11-11,23.945,23.945,22.79,23.145,15948
AEHR,2025-11-12,23.605,23.66,22.31,23.18,16594
AEHR,2025-11-13,22.68,22.68,20.695,20.71,24541
AEHR,2025-11-14,20.52,21.55,20.025,20.32,44229
AEHR,2025-11-17,20.17,20.63,19.93,20.05,15725
AEHR,2025-11-18,19.97,20.27,19.31,19.735,23256
AEHR,2025-11-19,20.025,20.285,19.8,19.85,16684
AEHR,2025-11-20,21.18,21.18,19.34,19.385,22199
AEHR,2025-11-21,19.48,20.5,18.92,20.24,22988
AEHR,2025-11-24,20.32,21.055,20.32,20.86,18278
AEHR,2025-11-25,20.12,21.625,20.12,21.55,15889
AEHR,2025-11-26,21.47,23.14,21.47,22.92,28922
AEHR,2025-11-28,23.13,23.13,22.83,22.97,6442
AEHR,2025-12-01,22.74,23.3,22.31,22.54,16523
AEHR,2025-12-02,22.85,23.055,22.35,22.43,19466
AEHR,2025-12-03,22.7,25.065,22.7,24.7,24318
AEHR,2025-12-04,24.5,25.825,24.45,25.465,17627
AEHR,2025-12-05,25.33,25.45,24.73,24.73,14095
AEHR,2025-12-08,24.415,24.415,22.78,23.92,22437
AEHR,2025-12-09,23.84,24.64,23.77,24.415,11086
AEHR,2025-12-10,24.6,25.85,24.3,25.78,17961
AEHR,2025-12-11,25.195,26.52,25.11,26.46,12079
AEHR,2025-12-12,25.815,25.815,24.375,24.505,13103
AEHR,2025-12-15,24.43,24.43,22.71,22.955,16771
AEHR,2025-12-16,22.63,22.92,21.63,21.91,20461
AEHR,2025-12-17,22.85,22.85,21.36,21.49,17659
AEHR,2025-12-18,22.57,22.78,21.45,21.455,19029
AEHR,2025-12-19,22.3,22.405,21.685,21.79,15230
AEHR,2025-12-22,21.97,23.18,21.97,22.59,12679
AEHR,2025-12-23,22.2,22.83,22.035,22.75,17652
AEHR,2025-12-24,22.215,22.215,21.765,22.1,11035
AEHR,2025-12-26,21.94,21.94,21.07,21.49,18191
AEHR,2025-12-29,21.11,21.11,20.25,20.33,15468
AEHR,2025-12-30,20.485,20.79,20.31,20.335,15772
AEHR,2025-12-31,20.73,20.815,19.91,20.14,17664
AEHR,2026-01-02,21.355,22.22,21.33,22.19,17104
AEHR,2026-01-05,23.14,23.87,23.14,23.48,21421
AEHR,2026-01-06,24.63,25.025,24.4,24.73,20914
AEHR,2026-01-07,24.18,24.75,23.905,24.17,22723
AEHR,2026-01-08,23.75,23.93,22.435,22.69,50383
AEHR,2026-01-09,23.99,26.4,21.91,26.32,119093
AEHR,2026-01-12,26.02,28.635,25.97,26.365,43387
AEHR,2026-01-13,26.99,28.33,26.065,26.835,41559
AEHR,2026-01-14,26.69,28.08,25.66,25.99,36500
AEHR,2026-01-15,27.49,28.03,26.445,26.55,21881
AEHR,2026-01-16,27.43,29.38,26.2,28.805,43080
AEHR,2026-01-20,27.24,29.865,27.12,29.07,41970
AEHR,2026-01-21,29.98,30.3,27.24,29.185,27291
AEHR,2026-01-22,30.775,31.74,29.74,30.92,60440
AEHR,2026-01-23,30.71,30.71,27.62,28.015,30566
AEHR,2026-01-26,27.53,27.98,26.53,26.79,20214
AEHR,2026-01-27,26.675,27.765,26.19,27.755,32692
AEHR,2026-01-28,29.23,30.475,27.45,27.925,28465
AEHR,2026-01-29,27.63,27.63,25.86,26.9,12489
AEHR,2026-01-30,28.28,28.28,25.1,25.6,46991
AEHR,2026-02-02,24.8,26.64,24.74,26.05,17900
AEHR,2026-02-03,27.58,28.02,25.57,27.15,16317
AEHR,2026-02-04,26.89,26.89,23.19,23.77,45804
AEHR,2026-02-05,23.58,25.105,22.745,23.02,26347
AEHR,2026-02-06,24.47,26.615,24.16,26.43,17387
AEHR,2026-02-09,26.21,27.89,26.17,27.58,16790
AEHR,2026-02-10,27.2,27.565,26.72,26.835,15342
AEHR,2026-02-11,32.38,37.23,32.38,33.82,76351
AEHR,2026-02-12,32.16,32.23,27.64,27.96,56219
AEHR,2026-02-13,28.33,30.24,28.03,28.87,52131
AEHR,2026-02-17,28.4,29.43,26.2,28.46,17494
AEHR,2026-02-18,28.09,30.11,28.09,29.04,32805
AEHR,2026-02-19,28.805,30.38,28.25,30.29,28275
AEHR,2026-02-20,30.1,33.63,30.1,33.63,47585
AEHR,2026-02-23,33.45,37.1,33.45,34.32,41165
AEHR,2026-02-24,34.54,39.895,34.53,39.25,82080
AEHR,2026-02-25,39.7,41.75,39.54,41.53,70725
AEHR,2026-02-26,41.43,42.36,37.3,39.75,82201
AEHR,2026-02-27,38.11,39.725,36.56,37.33,42994
AEHR,2026-03-02,39.215,44.52,39.215,44.07,97189
AEHR,2026-03-03,40.9,44.52,38.95,41.62,77017
AEHR,2026-03-04,43.625,46.65,40.85,42.625,64976
AEHR,2026-03-05,41.95,42.48,38.9,40.45,45138
AEHR,2026-03-06,38.61,40.325,35.24,35.64,29606
AEHR,2026-03-09,34.93,40.925,34.93,40.755,66941
AEHR,2026-03-10,40.5,45.625,40.5,41.95,60608
AEHR,2026-03-11,42.4,45.03,41.215,42.45,43014
AEHR,2026-03-12,41.235,41.235,37.405,37.695,48347
AEHR,2026-03-13,38.615,39.22,34.63,35.7,65013
AEHR,2026-03-16,38.615,38.91,37.01,37.405,47474
AEHR,2026-03-17,37.555,38.305,36.53,37.04,21933
AEHR,2026-03-18,38.035,38.035,35.7,36.28,27275
AEHR,2026-03-19,33.99,37.79,33.92,37.78,50652
AEHR,2026-03-20,37.25,37.25,33.42,34.48,46380
AEHR,2026-03-23,35.16,37.68,34.08,37.085,42785
AEHR,2026-03-24,36.17,39.86,36.17,39.2,24905
AEHR,2026-03-25,39.75,40.99,38.31,39.035,31472
AEHR,2026-03-26,36.87,37.62,34.57,34.6,32110
AEHR,2026-03-27,35.01,35.01,32.18,32.51,49570
AEHR,2026-03-30,33.53,33.53,29.195,30.18,45560
AEHR,2026-03-31,33.64,37.48,33.27,37.1,70155
AEHR,2026-04-01,38.38,40.6,37.875,39.6,61142
AEHR,2026-04-02,36.69,44.48,36.69,44.4,91741
AEHR,2026-04-06,45.265,52.58,44.94,52.215,183739
AEHR,2026-04-07,49.32,53.005,48.79,50.22,125779
AEHR,2026-04-08,57.97,66.18,55.48,63.2,297700
AEHR,2026-04-09,63.135,70.15,62.01,68.76,184781
AEHR,2026-04-10,70.25,72.19,65.7,70.395,189164
AEHR,2026-04-13,69.815,74.21,68.72,71.685,86122
AEHR,2026-04-14,72.575,74.54,68.705,74.4,50199
AEHR,2026-04-15,73.5,75.33,69.63,73.26,49489
AEHR,2026-04-16,84.65,90.79,80.69,80.78,168591
AEHR,2026-04-17,84.2,84.395,79.17,83.87,88340
AEHR,2026-04-20,84.53,92.11,82.61,90.16,64828
AEHR,2026-04-21,89.825,99.41,89.77,93.67,186133
AEHR,2026-04-22,97.98,101.68,91.785,97.355,108790
AEHR,2026-04-23,95.555,98.705,89.985,95.655,77795
AEHR,2026-04-24,99.44,102.39,94.72,95.94,85689
AEHR,2026-04-27,93.195,93.195,85.3,88.51,143249
AEHR,2026-04-28,81.36,86.15,76.79,82.39,125476
AEHR,2026-04-29,84.675,84.675,78.38,81.845,67061
AEHR,2026-04-30,87.345,90.81,82.79,90.58,60328
AEHR,2026-05-01,88,94.79,86.83,93.05,61435
AEHR,2026-05-04,96.105,97.955,84.46,85.61,77855
AEHR,2026-05-05,87.7,93.045,85.55,91.215,53982
AEHR,2026-05-06,88.69,97.09,88.09,96.89,47898
AEHR,2026-05-07,92.53,98.07,89.81,91.37,35794
AEHR,2026-05-08,98.07,103.63,90.45,97.12,64926
AEHR,2026-05-11,100.58,106.8,95,104.57,76104
AEHR,2026-05-12,95.96,103.57,91.43,96.73,115134
AEHR,2026-05-13,102.45,106.2,93.22,103.09,78547
AEHR,2026-05-14,101.63,108.45,99.68,106.28,56108
AEHR,2026-05-15,95.93,103.17,95.93,99.31,52188
AEHR,2026-05-18,96.81,96.81,81.37,83.74,77195
AEHR,2026-05-19,81.15,84.05,76.79,81.105,90047
AEHR,2026-05-20,86,86,80.55,82.395,48190
AEHR,2026-05-21,81.84,92.465,80.42,91.365,43326
AEHR,2026-05-22,92.59,96.965,90.57,94.95,38162
AEHR,2026-05-26,99,111.32,97.28,109.93,94428
AEHR,2026-05-27,107.61,111.135,102.345,103.81,71056
AEHR,2026-05-28,102.37,103.34,98.55,99.89,62239
AEHR,2026-05-29,98.85,99.45,91.15,92.25,45801
AEHR,2026-06-01,88.15,93.65,86.85,93.65,38644
AEHR,2026-06-02,98.71,113.81,97.98,113.02,96806
AEHR,2026-06-03,113.375,121.44,111.39,114.56,67385
AEHR,2026-06-04,104.74,119.29,103.515,116.72,64105
AEHR,2026-06-05,106.31,111.38,96.92,98.46,55398
AEHR,2026-06-08,102.75,103.225,93.78,95.75,42235
AEHR,2026-06-09,102.37,106.03,85.01,94.31,55617
AEHR,2026-06-10,92.695,104.07,91.87,93.37,71871
AEHR,2026-06-11,98.3,103.24,92.46,103.11,41732
AEHR,2026-06-12,102.1,112.18,102.1,108.53,47998
AEHR,2026-06-15,119.26,126.15,115.43,115.79,48952
AEHR,2026-06-16,113.03,118.065,104.47,104.77,45911
AEHR,2026-06-17,117.19,122.76,111.61,112.555,54846
AEHR,2026-06-18,119.95,120.52,111.59,115.51,36338
AEHR,2026-06-22,110.85,117.125,110.85,113.35,33240
AEHR,2026-06-23,102.995,106.47,101.05,102.48,57939
AEHR,2026-06-24,100.57,100.755,91.43,95.18,48053
AEHR,2026-06-25,102.04,102.04,91.5,98.62,26807
AEHR,2026-06-26,94.27,95.11,88.29,91.695,82109
AEHR,2026-06-29,91.63,95.79,86.58,94.62,44266
AEHR,2026-06-30,94.925,100.48,94.925,96.04,47846
AEHR,2026-07-01,90.265,91.75,84.31,84.38,35062
AEHR,2026-07-02,84.32,84.64,66.38,69.94,131275
AEHR,2026-07-06,72.15,77.53,69.51,72.305,92627
AEHR,2026-07-07,65.99,70.79,63.64,67.04,127328
AEHR,2026-07-08,65.33,68.26,63.495,67.83,45004
AEHR,2026-07-09,79.29,79.29,74.63,76.085,96656
AEHR,2026-07-10,72.95,74.38,71.24,72.63,45709
AEHR,2026-07-13,69.32,71.21,67.23,68.07,70083
AEHR,2026-07-14,73.24,73.37,68.55,72.05,61265
AEHR,2026-07-15,98.155,109.88,86.38,87.865,290681
AEHR,2026-07-16,84.15,87.39,80.29,84.15,175375
AEHR,2026-07-17,79.35,88.205,77.14,81.035,211396
AEHR,2026-07-20,83.83,88.255,75.26,77.39,119860
AEHR,2026-07-21,83.29,99.13,83.23,98.92,112846
AEHR,2026-07-22,99.33,101.11,93.34,93.415,98451
AEHR,2026-07-23,92.805,96.925,87.505,88.46,69885
AEHR,2026-07-24,86.68,86.8,75.56,76.31,77174
AEHR,2026-07-27,76.83,77.65,71.97,77.46,60202
AEHR,2026-07-28,70.95,71.37,65.33,69.94,82652
AEHR,2026-07-29,69.54,71.9,63.88,65.415,83711
AEHR,2026-07-30,69.47,77.26,69.02,76.875,74332
AEHR,2026-07-31,84.22,85.78,76.05,79.99,52290
AEHR,2026-08-03,75.71,92.43,75.6,91.76,69905
AEHR,2026-08-04,96.99,110.94,96.99,109.885,104610
AEHR,2026-08-05,107.4,108.96,98.84,98.86,54995
AEHR,2026-08-06,95.01,106.185,95.01,99.68,51348
AEHR,2026-08-07,102.35,104.39,95.8,103,46937
AEHR,2026-08-10,106.295,111.705,102.475,106.26,59546
AEHR,2026-08-11,105.23,118.5,105.23,117.3,88642
AEHR,2026-08-12,123.7,132.99,120.315,129.12,78930
AEHR,2026-08-13,123.28,129.76,117.31,123.32,108911
AEHR,2026-08-14,133.61,147.4,131.545,134.07,64738
AEHR,2026-08-17,132.99,146.185,130.66,145.555,76608
AEHR,2026-08-18,136.445,140.14,121.32,123.265,95686
AEHR,2026-08-19,124.3,124.3,107.59,107.91,62757
AEHR,2026-08-20,106.66,107.08,102.84,105.86,51906
AEHR,2026-08-21,105,105.925,98.13,101.645,74283
AEHR,2026-08-24,95.84,98.04,92.37,96.48,59571
AEHR,2026-08-25,98.5,99.925,95.51,95.51,51463
AEHR,2026-08-26,94.1,94.51,90.38,91.08,55049
AEHR,2026-08-27,95.29,97.21,90.15,90.48,41646
AEHR,2026-08-28,88.5,88.5,80.67,80.86,66342
AEHR,2026-08-31,81.57,83.9,78.505,79.34,60515
AEHR,2026-09-01,77.9,78.075,74.31,76.63,64521
AEHR,2026-09-02,78.73,80.97,76.1,80.275,82657
AEHR,2026-09-03,79.05,80.15,74.69,76.235,151160
AEHR,2026-09-04,78.18,86.62,77.9,86.245,140989
AEHR,2026-09-08,90.465,94.24,89.43,90.8,91142
AEHR,2026-09-09,91.18,101.5,90.98,95.53,113093
AEHR,2026-09-10,93.555,100.37,93.19,93.83,99146
AEHR,2026-09-11,97.835,102.35,94.45,94.765,66294
AEHR,2026-09-14,85.5,87.8,82.85,83.54,108609
AEHR,2026-09-15,85.99,87.53,81.15,81.54,59668
AEHR,2026-09-16,84.43,84.87,81.2,84.3,68025
AEHR,2026-09-17,89.05,91.21,86.53,90.48,76491
AEHR,2026-09-18,92.415,93.67,87.495,93.42,40152
AEHR,2026-09-21,95.985,98.715,93.42,97.05,55919
AEHR,2026-09-22,93.54,100.9,93.54,100.6,57542
AEHR,2026-09-23,99.6,99.73,92.64,97.43,79516
AEHR,2026-09-24,94.63,99.84,93.46,97.39,60257
AEHR,2026-09-25,97.255,105.55,95.465,104.26,111285
AEHR,2026-09-28,101.755,102.155,94.38,98.6,80904
AEHR,2026-09-29,101,108.33,98.18,100.795,75396
AEHR,2026-09-30,101.86,103.17,98.27,99.53,51035
