rank,ticker,crash_date,crash_pct_source,catalyst,announcement,crash_close_iex,close_position_in_day_range_iex,relative_volume_vs_prior20_median_iex,day1_rebound_from_crash_close_pct,day3_rebound_from_crash_close_pct,day5_rebound_from_crash_close_pct,day10_rebound_from_crash_close_pct,day20_rebound_from_crash_close_pct,day30_rebound_from_crash_close_pct,max_additional_downside_5d_pct,max_additional_downside_10d_pct,max_additional_downside_20d_pct,max_additional_downside_30d_pct,outcome_status,market_data_source
1,CMPX,2026-04-27,-64.41,Clinical Trial Results,Compass Therapeutics to Announce Topline Secondary Endpoints from the Phase 2/3 COMPANION-002 Study of Tovecimig in Patients with Biliary Tract Cancer,1.7800,0.1954,21.60,2.25,0.00,8.43,2.81,24.16,16.01,-7.87,-7.87,-7.87,-7.87,D30_COMPLETE,Alpaca IEX daily bars
2,REPL,2026-04-13,-64.29,Clinical Trial Results,Replimune Receives Complete Response Letter from the FDA for RP1 Biologics License Application for the Treatment of Advanced Melanoma,1.6950,0.3333,21.64,14.16,29.79,20.94,58.11,119.47,171.98,-1.47,-1.47,-1.47,-1.47,D30_COMPLETE,Alpaca IEX daily bars
3,YDDL,2026-04-10,-62.90,Offering / Dilution,One and One Green Technologies Announces Lock-Up Extension by Key Shareholders,5.1700,0.0000,6.70,-5.22,-17.02,-14.60,-11.22,-16.73,-31.72,-17.31,-17.31,-17.99,-31.72,D30_COMPLETE,Alpaca IEX daily bars
4,OIO,2026-04-24,-58.44,,"OIO Group Completes De Tomaso Business Combination, Establishing New Control and Strategic Platform for Growth",3.0000,0.0000,1.91,-24.00,-44.00,-33.67,-35.67,-37.33,-36.00,-44.00,-44.00,-44.00,-44.00,D30_COMPLETE,Alpaca IEX daily bars
5,ASGN,2026-04-23,-51.69,Earnings,ASGN Incorporated Reports First Quarter 2026 Results,19.3950,0.0093,12.13,,,,,,,,,,,INCOMPLETE,Alpaca IEX daily bars
6,CAR,2026-04-23,-48.38,Earnings,"Avis Budget Group to Announce First Quarter 2026 Results on April 29, 2026",228.6400,0.1063,4.02,-10.73,-20.28,-21.01,-32.65,-31.08,-22.52,-30.90,-32.65,-38.21,-38.21,D30_COMPLETE,Alpaca IEX daily bars
7,ERAS,2026-04-28,-48.30,Clinical Trial Results,Erasca Announces Positive Preliminary Phase 1 Dose Escalation Data for Potentially Best-in-Class Pan-RAS Molecular Glue ERAS-0015 in KRAS-Mutant Solid Tumors,9.8950,0.6388,8.65,-8.24,1.06,1.01,4.90,25.87,35.22,-9.35,-9.35,-9.35,-9.35,D30_COMPLETE,Alpaca IEX daily bars
8,POET,2026-04-27,-47.35,Contract / Partnership,POET Technologies Provides Purchase Order Update,7.9450,0.1529,10.63,1.01,-10.32,-10.38,74.58,67.65,35.81,-19.82,-19.82,-19.82,-19.82,D30_COMPLETE,Alpaca IEX daily bars
9,GRCE,2026-04-23,-45.48,Clinical Trial Results,Grace Therapeutics Provides Regulatory Update on New Drug Application for GTx-104,2.3300,0.1957,6.93,-1.72,-9.87,-3.00,-3.22,-3.86,-1.29,-12.45,-12.45,-12.45,-12.45,D30_COMPLETE,Alpaca IEX daily bars
10,MAPS,2026-04-08,-43.22,Uplisting / Compliance,"WM Technology, Inc. Announces Voluntary Delisting From Nasdaq",0.3997,0.7583,24.91,0.18,-6.73,-3.80,-1.58,-9.56,-9.56,-12.43,-19.61,-19.61,-19.61,D30_COMPLETE,Alpaca IEX daily bars
11,ORIC,2026-04-01,-41.00,Clinical Trial Results,ORIC® Pharmaceuticals Reports Selection of Rinzimetostat RP3D in Combination with Darolutamide for Himalayas-1 Phase 3 Global Study with Dose Optimization Data Supporting Its Potential Best-in-Disease Profile,7.4750,0.0283,11.28,18.93,18.66,38.80,36.72,32.04,11.97,-3.14,-3.14,-3.14,-3.14,D30_COMPLETE,Alpaca IEX daily bars
12,GLND,2026-04-28,-40.85,Offering / Dilution,Greenland Energy Announces Pricing of $70 Million Public Offering,3.2750,0.4545,14.73,3.05,-11.60,-12.06,-8.09,-5.65,-15.73,-17.25,-17.25,-21.68,-21.68,D30_COMPLETE,Alpaca IEX daily bars
13,DOO,2026-04-15,-35.08,Other Announcement,BRP Suspends FY27 Guidance Due to Changes to U.S. Tariff Environment,50.8650,0.3086,21.10,7.95,17.13,11.08,5.49,7.95,15.29,1.46,1.46,1.46,1.46,D30_COMPLETE,Alpaca IEX daily bars
14,INO,2026-04-02,-35.06,Offering / Dilution,INOVIO Announces Proposed Public Offering,1.1250,0.2037,9.51,0.00,-3.11,-5.33,6.22,-2.22,16.00,-8.00,-8.00,-8.00,-8.00,D30_COMPLETE,Alpaca IEX daily bars
15,HOTH,2026-04-01,-34.86,Offering / Dilution,Hoth Therapeutics Announces $2.0 Million Registered Direct Offering,0.5434,0.1053,17.68,4.32,3.57,-0.35,35.15,37.14,21.48,-1.75,-8.70,-8.70,-8.70,D30_COMPLETE,Alpaca IEX daily bars
16,PROP,2026-04-09,-34.29,Contract / Partnership,Prairie Operating Co. Announces Agreement with Series F Convertible Preferred Holder,1.3800,0.0577,4.67,5.07,-7.97,-4.71,-13.04,-30.63,-36.88,-11.59,-17.75,-32.62,-43.21,D30_COMPLETE,Alpaca IEX daily bars
17,SGMO,2026-04-29,-33.93,Other Announcement,Sangamo Therapeutics Announces Transition to Trading on OTCQB Venture Market,0.1328,0.5498,6.72,-9.64,33.21,33.21,33.21,33.21,33.21,-12.35,-12.35,-12.35,-12.35,D30_COMPLETE,Alpaca IEX daily bars
18,MX,2026-04-29,-31.83,Earnings,Magnachip Reports Results for First Quarter 2026,3.3100,0.0861,7.63,2.27,7.55,19.34,23.26,104.53,88.82,-8.91,-8.91,-8.91,-8.91,D30_COMPLETE,Alpaca IEX daily bars
19,BNAI,2026-04-16,-31.17,Other Announcement,"Brand Engagement Network Files 2025 Form 10-K, Highlights Strong Balance Sheet and Operational Progress",39.2700,0.4215,4.93,-5.13,-16.53,-20.50,-27.88,-40.49,-62.30,-23.02,-32.85,-45.89,-62.69,D30_COMPLETE,Alpaca IEX daily bars
20,BYRN,2026-04-09,-31.03,Earnings,Byrna Technologies Reports Fiscal First Quarter 2026 Results,6.3400,0.0028,7.26,-10.33,-5.21,-0.95,-3.63,-12.62,-15.30,-12.15,-12.15,-17.35,-23.50,D30_COMPLETE,Alpaca IEX daily bars
21,SOWG,2026-04-21,-30.30,M&A / Acquisition,"Sow Good Announces Transformative Acquisition of the Nachu Graphite Project, Positioning the Company as a Critical Minerals and Battery Anode Developer",0.1659,1.0000,580.83,-27.73,-34.66,918.69,764.98,972.94,834.30,-39.12,-39.12,-39.12,-39.12,D30_COMPLETE,Alpaca IEX daily bars
22,SAFX,2026-04-16,-29.77,Other Announcement,XCF Global and DevvStream Combine Capabilities to Bring Transferable 45Z Clean Fuel Credits to Market with Potential Value of up to ~$.60 per Gallon for Qualifying SAF Production,0.4427,0.2033,3.29,-4.50,-9.65,-16.67,-13.35,-1.67,12.47,-24.44,-24.44,-24.44,-24.44,D30_COMPLETE,Alpaca IEX daily bars
23,ANVS,2026-04-09,-29.57,Offering / Dilution,Annovis Announces $10 Million Underwritten Offering of Common Stock and Accompanying Warrants,1.6100,0.0000,15.20,-1.86,6.83,10.87,12.42,40.37,34.16,-4.04,-4.04,-4.04,-4.04,D30_COMPLETE,Alpaca IEX daily bars
24,MIND,2026-04-16,-28.53,Earnings,"MIND TECHNOLOGY, INC. REPORTS FISCAL 2026 FOURTH QUARTER AND YEAR-END RESULTS",6.2250,0.0632,14.79,1.61,-5.06,-1.20,0.24,10.68,8.43,-5.70,-5.70,-5.70,-5.70,D30_COMPLETE,Alpaca IEX daily bars
25,CAST,2026-04-23,-28.51,M&A / Acquisition,FreeCast Reaches National Agreement with DIRECTV Multifamily to Sell DIRECTV Services,1.7600,0.2500,2.97,23.30,40.34,21.02,1.70,-26.99,-61.65,13.64,0.00,-26.99,-62.22,D30_COMPLETE,Alpaca IEX daily bars
26,PLCE,2026-04-13,-28.46,Earnings,The Children’s Place Reports Fourth Quarter and Full Year 2025 Results,2.8450,0.0000,7.00,4.92,22.50,31.81,17.05,11.42,21.27,-2.64,-2.64,-2.64,-2.64,D30_COMPLETE,Alpaca IEX daily bars
27,NCSM,2026-04-30,-28.07,Earnings,"NCS Multistage Holdings, Inc. Announces First Quarter 2026 Results",54.3900,0.2132,6.32,-9.41,-23.42,-26.62,-20.74,-18.40,0.48,-26.62,-26.62,-26.62,-26.62,D30_COMPLETE,Alpaca IEX daily bars
28,QDEL,2026-04-16,-27.47,,QuidelOrtho Announces Preliminary Revenue for the First Quarter 2026 and Provides Update on Full-Year 2026 Guidance,12.6950,0.4573,4.83,-0.08,-5.28,-11.54,-3.19,-10.20,2.44,-14.38,-14.38,-21.78,-21.78,D30_COMPLETE,Alpaca IEX daily bars
29,SPRB,2026-04-21,-26.05,Offering / Dilution,Spruce Biosciences Announces Proposed Public Offering of Common Stock and Pre-Funded Warrants,52.3300,0.1129,32.92,0.05,5.48,4.92,13.77,-5.13,-3.11,-0.11,-0.11,-5.20,-6.46,D30_COMPLETE,Alpaca IEX daily bars
30,CHTR,2026-04-24,-25.50,Earnings,Charter Announces First Quarter 2026 Results,180.1250,0.0383,7.98,-3.05,-12.02,-4.55,-14.09,-19.46,-26.59,-12.04,-14.11,-24.07,-29.64,D30_COMPLETE,Alpaca IEX daily bars
31,ALLO,2026-04-14,-25.49,Offering / Dilution,Allogene Therapeutics Announces Proposed Public Offering of $175 Million of Common Stock,2.2700,0.0303,6.31,-4.41,4.41,1.98,-3.74,2.20,-1.10,-18.50,-18.50,-18.50,-18.94,D30_COMPLETE,Alpaca IEX daily bars
32,MRLN,2026-04-29,-25.43,Offering / Dilution,"Merlin, Inc. Announces $80 Million PIPE Investment to Accelerate Program Execution and Unlock New Growth Opportunities",8.5900,0.1009,2.18,5.30,11.99,8.38,-9.31,-1.51,-18.28,0.47,-11.29,-32.36,-32.36,D30_COMPLETE,Alpaca IEX daily bars
33,PPSI,2026-04-09,-25.37,Earnings,Pioneer Power Announces Financial Results for Fourth Quarter and Full Year 2025,2.4750,0.0000,2.24,-3.43,0.61,3.03,21.21,61.62,98.79,-5.05,-5.05,-5.05,-5.05,D30_COMPLETE,Alpaca IEX daily bars
34,GNS,2026-04-15,-25.02,Offering / Dilution,Genius Group Announces Pricing of $8 Million Registered Direct Offering,0.3200,0.2137,18.33,8.31,3.91,-0.50,-15.63,-22.00,-16.22,-4.41,-16.12,-25.00,-33.13,D30_COMPLETE,Alpaca IEX daily bars
35,REAX,2026-04-27,-24.63,M&A / Acquisition,"Real to Acquire REMAX, Creating a Leading Technology-Enabled Global Real Estate Platform",2.0200,0.3846,19.28,9.90,3.96,2.23,-6.44,-12.13,-17.33,1.73,-6.44,-18.81,-21.53,D30_COMPLETE,Alpaca IEX daily bars
36,NNOX,2026-04-20,-24.39,Earnings,Nanox Announces Fourth Quarter of 2025 Financial Results and Provides Business Updates,2.1550,0.0833,6.16,0.70,-20.65,-13.23,-12.99,-21.11,-10.44,-20.88,-22.74,-25.99,-25.99,D30_COMPLETE,Alpaca IEX daily bars
37,OPCH,2026-04-30,-24.34,Earnings,"Option Care Health Announces Financial Results for the First Quarter Ended March 31, 2026",20.2850,0.9155,11.13,-1.33,4.98,2.29,-1.60,2.86,2.37,-2.66,-4.56,-4.56,-4.56,D30_COMPLETE,Alpaca IEX daily bars
38,BMI,2026-04-17,-24.13,Earnings,Badger Meter Reports First Quarter 2026 Financial Results,115.6900,0.0388,10.05,-2.04,6.62,5.14,5.39,-1.34,5.96,-3.06,-3.06,-3.06,-3.06,D30_COMPLETE,Alpaca IEX daily bars
39,ANGX,2026-04-10,-24.04,Offering / Dilution,Angel Announces Pricing of $30 Million Public Offering of Common Stock,2.1650,0.4706,20.36,0.69,11.09,21.02,15.47,54.27,30.72,-2.77,-2.77,-2.77,-2.77,D30_COMPLETE,Alpaca IEX daily bars
40,DGNX,2026-04-30,-23.85,M&A / Acquisition,"Diginex Issues Corporate Update Highlighting Strategic AI Transformation, $1.5 Billion Resulticks Acquisition with Strong EBITDA Profile of US$46–50 Million, and Disciplined Funded Growth Strategy",1.8100,0.0084,1.05,8.01,0.28,-19.34,-47.51,-19.34,-50.23,-25.14,-47.51,-50.27,-50.97,D30_COMPLETE,Alpaca IEX daily bars
41,MEDP,2026-04-23,-22.63,Earnings,"Medpace Holdings, Inc. Reports First Quarter 2026 Results",393.0900,0.5636,7.37,4.41,4.13,6.58,9.17,9.33,15.59,-0.09,-0.09,-0.09,-0.09,D30_COMPLETE,Alpaca IEX daily bars
42,TDTH,2026-04-08,-22.59,Other Announcement,Trident Announces Plan to Implement ADS Ratio Change,0.1296,0.2864,6.11,-6.64,-20.45,-23.69,-40.90,1396.91,1049.69,-30.17,-51.00,-53.63,-53.63,D30_COMPLETE,Alpaca IEX daily bars
43,NMG,2026-04-10,-22.13,Offering / Dilution,"NMG Announces US$297 Million Equity Financing Package including US$213 Million Private Placement and US$84 Million Bought Deal Public Offering, Advancing Phase-2 Matawinie Mine toward FID",1.8200,0.0000,8.62,-1.37,7.14,20.60,13.74,12.64,6.59,-2.47,-2.47,-2.47,-2.47,D30_COMPLETE,Alpaca IEX daily bars
44,IIIN,2026-04-16,-22.10,Earnings,Insteel Industries Reports Second Quarter 2026 Results,28.5500,0.0102,7.13,-7.92,-13.42,-9.75,-8.35,-6.51,-3.82,-14.69,-14.69,-14.69,-14.69,D30_COMPLETE,Alpaca IEX daily bars
45,BETR,2026-04-08,-21.93,Offering / Dilution,Better Home & Finance Holding Company Announces Pricing of Public Offering of Class A Common Stock,35.0150,0.5111,12.41,-8.64,0.04,8.70,29.99,21.63,-30.60,-8.70,-8.70,-8.70,-31.17,D30_COMPLETE,Alpaca IEX daily bars
46,FSLY,2026-04-10,-21.69,Earnings,Fastly to Announce First Quarter 2026 Financial Results,23.0750,0.0606,4.35,5.55,1.32,6.46,3.06,-11.12,-29.32,-10.36,-10.36,-19.70,-31.94,D30_COMPLETE,Alpaca IEX daily bars
47,SAFX,2026-04-09,-21.58,Other Announcement,XCF Global Provides Update on New Rise Reno Plant Conversion,0.5681,0.0436,1.18,47.88,57.88,-22.07,-35.06,-28.43,-22.69,-29.38,-41.12,-41.12,-41.12,D30_COMPLETE,Alpaca IEX daily bars
48,CLMB,2026-04-30,-21.58,Earnings,Climb Global Solutions Reports First Quarter 2026 Results,16.6500,0.3596,5.71,13.48,18.56,21.38,17.99,30.03,36.04,1.83,1.83,1.83,1.83,D30_COMPLETE,Alpaca IEX daily bars
49,RMBS,2026-04-28,-21.26,Earnings,Rambus Reports First Quarter 2026 Financial Results,111.2600,0.5257,2.28,0.54,0.56,6.06,17.20,33.59,24.03,-2.31,-2.31,-2.31,-2.31,D30_COMPLETE,Alpaca IEX daily bars
50,TBN,2026-04-08,-21.15,Offering / Dilution,Tamboran Resources Corporation Registered Direct Institutional Entitlement Offering of Common Stock,35.8000,0.4171,27.98,-1.31,4.46,-0.10,0.25,-1.80,0.61,-2.49,-3.07,-5.14,-5.14,D30_COMPLETE,Alpaca IEX daily bars
51,CHKP,2026-04-30,-19.64,Earnings,Check Point Software Reports 2026 First Quarter Financial Results,112.5900,0.0204,7.82,1.73,4.46,2.58,6.84,19.98,10.21,0.16,0.02,0.02,0.02,D30_COMPLETE,Alpaca IEX daily bars
52,TER,2026-04-29,-19.41,Earnings,Teradyne Reports First Quarter 2026 Results,306.1600,0.1205,6.10,12.29,10.18,24.90,18.69,24.98,24.55,6.85,6.85,1.39,1.39,D30_COMPLETE,Alpaca IEX daily bars
53,LASE,2026-04-27,-19.38,Offering / Dilution,Laser Photonics Announces Exercise of Warrants for $4 Million Gross Proceeds,0.7819,0.7837,4.70,-8.56,-8.72,-8.33,8.62,13.84,222.29,-13.75,-13.75,-13.75,-13.75,D30_COMPLETE,Alpaca IEX daily bars
54,RH,2026-04-01,-19.29,Earnings,RH Reports Fourth Quarter and Fiscal Year 2025 Results,112.9000,0.8124,6.49,0.43,1.33,9.74,14.69,17.05,13.22,-3.89,-3.89,-3.89,-3.89,D30_COMPLETE,Alpaca IEX daily bars
55,SIDU,2026-04-20,-18.88,Offering / Dilution,Sidus Space Announces Pricing of $58.5 Million Registered Direct Offering of Class A Common Stock,4.3300,0.3500,2.64,-13.16,-14.43,-22.52,-28.52,-9.24,13.28,-27.25,-33.72,-33.72,-33.72,D30_COMPLETE,Alpaca IEX daily bars
56,ANIK,2026-04-29,-18.81,Earnings,Anika Reports First Quarter 2026 Financial Results,12.3400,0.0346,1.81,0.65,17.99,22.41,19.69,20.75,19.04,-1.78,-1.78,-1.78,-1.78,D30_COMPLETE,Alpaca IEX daily bars
57,AIOS,2026-04-22,-18.61,Other Announcement,AIOS Tech Inc. Announces 20-for-1 Share Consolidation and Increase of Authorized Share Capital,0.4431,0.0000,,-7.47,-5.21,-5.21,3786.26,3237.85,3262.67,-9.39,-9.39,-9.39,-9.39,D30_COMPLETE,Alpaca IEX daily bars
58,SMPL,2026-04-09,-18.11,Earnings,The Simply Good Foods Company Reports Fiscal Second Quarter 2026 Financial Results and Updates Fiscal Year 2026 Outlook,11.8000,0.6906,5.78,-11.44,-3.43,-1.53,5.17,5.34,-1.61,-12.03,-12.03,-12.03,-12.03,D30_COMPLETE,Alpaca IEX daily bars
59,KRUS,2026-04-08,-17.78,Leadership Change,Kura Sushi USA Announces Departure of Chief Financial Officer,60.0200,0.0419,5.97,-3.11,-7.18,-0.15,-0.57,-6.88,-7.95,-10.51,-10.51,-10.91,-19.98,D30_COMPLETE,Alpaca IEX daily bars
60,NOW,2026-04-23,-17.75,Earnings,ServiceNow Reports First Quarter 2026 Financial Results,84.9400,0.2118,3.55,6.17,6.57,3.96,10.17,17.35,32.38,0.05,0.05,0.05,0.05,D30_COMPLETE,Alpaca IEX daily bars
61,FRMI,2026-04-20,-17.56,Leadership Change,"Fermi Inc. Announces ""Fermi 2.0"" Strategic Evolution, New Board Chairman, Leadership Transitions, and New Office Locations",5.3900,0.4965,2.98,-6.31,9.65,1.48,-6.12,21.43,22.36,-6.49,-10.20,-12.43,-12.43,D30_COMPLETE,Alpaca IEX daily bars
62,GLND,2026-04-13,-17.45,Other Announcement,Greenland Energy Company (NASDAQ: GLND) Exploring Development in Promising Land Basin Location,6.3200,0.1605,2.89,-11.39,28.72,-18.67,-13.77,-53.88,-47.63,-18.67,-24.60,-57.12,-59.41,D30_COMPLETE,Alpaca IEX daily bars
63,RCKY,2026-04-29,-17.40,Earnings,"Rocky Brands, Inc. Announces First Quarter 2026 Results",36.1950,0.2152,6.57,2.39,0.21,0.21,-8.27,6.58,10.24,-0.43,-11.26,-11.26,-11.26,D30_COMPLETE,Alpaca IEX daily bars
64,STI,2026-04-20,-17.29,Contract / Partnership,Solidion Technology Enters into Binding Strategic Patent Monetization Agreement with Hilco Global,5.9700,0.0784,4.33,-1.68,-38.86,-23.12,-21.94,-22.11,-18.93,-39.53,-39.53,-39.53,-39.53,D30_COMPLETE,Alpaca IEX daily bars
65,SBC,2026-04-20,-17.15,Offering / Dilution,SBC Medical Announces Pricing of Secondary Public Offering of 3.1 Million Shares of Common Stock,3.7200,0.9057,47.49,-2.28,-9.01,-9.41,-11.83,-22.85,-13.98,-10.75,-13.98,-22.85,-23.39,D30_COMPLETE,Alpaca IEX daily bars
66,UP,2026-04-29,-17.05,Other Announcement,Wheels Up Completes Major Fleet Modernization Milestone 18 Months Ahead of Schedule,5.1350,0.0000,1.04,4.28,-1.36,18.40,5.16,74.29,43.91,-7.79,-8.18,-8.18,-8.18,D30_COMPLETE,Alpaca IEX daily bars
67,WASH,2026-04-21,-16.90,Earnings,Washington Trust Reports First Quarter 2026 Results,30.0300,0.0205,3.51,0.82,2.83,6.66,5.86,4.63,5.13,0.03,0.03,0.03,0.03,D30_COMPLETE,Alpaca IEX daily bars
68,TDTH,2026-04-21,-16.89,Other Announcement,Trident Announces Plan to Implement ADS Ratio Change,0.0737,0.2768,5.11,3.93,2362.69,2885.07,2505.16,2233.79,4255.50,-18.45,-18.45,-18.45,-18.45,D30_COMPLETE,Alpaca IEX daily bars
69,LUCD,2026-04-23,-16.79,Offering / Dilution,Lucid Diagnostics Announces $18 Million Underwritten Offering of Common Stock,1.1000,0.0000,3.42,-2.73,-4.09,-2.73,-4.55,-8.64,-12.40,-6.82,-6.82,-14.17,-14.17,D30_COMPLETE,Alpaca IEX daily bars
70,ALT,2026-04-23,-16.71,Offering / Dilution,Altimmune Announces Proposed Underwritten Public Offering of Securities,2.8850,0.2361,13.39,-1.39,-5.55,-10.57,5.72,1.56,-6.24,-10.75,-11.09,-11.09,-11.09,D30_COMPLETE,Alpaca IEX daily bars
71,VTIX,2026-04-23,-16.35,Other Announcement,"Virtuix to Host Virtual Investor Webinar on Friday, May 8, 2026 at 11:00 a.m. Eastern Time",4.4000,0.1685,9.18,-9.77,-18.75,-21.36,-8.18,-26.02,-23.41,-28.30,-28.30,-29.20,-31.82,D30_COMPLETE,Alpaca IEX daily bars
72,WEX,2026-04-23,-16.31,,"WEX Issues Letter to Shareholders Highlighting Strong Performance, Accelerating Momentum and Improved 2026 Outlook",154.7750,0.1980,5.06,-2.69,-1.40,-2.86,-6.92,-3.64,-4.23,-4.52,-8.29,-14.46,-14.46,D30_COMPLETE,Alpaca IEX daily bars
73,SON,2026-04-22,-16.22,Earnings,Sonoco Reports First Quarter 2026 Results,47.5000,0.1798,6.62,3.68,5.85,3.54,10.13,1.05,0.72,1.03,1.03,-3.35,-3.35,D30_COMPLETE,Alpaca IEX daily bars
74,USLM,2026-04-30,-16.04,Buyback / Dividend,United States Lime & Minerals Reports First Quarter 2026 Results and Declares Regular Quarterly Cash Dividend,107.6800,0.3247,5.30,2.00,0.59,1.58,-0.40,5.58,0.65,-2.71,-2.71,-5.85,-5.85,D30_COMPLETE,Alpaca IEX daily bars
75,STNE,2026-04-24,-16.01,Other Announcement,"StoneCo Files Its Annual Report on Form 20-F for the Fiscal Year Ended December 31, 2025",12.2200,0.8288,1.75,-1.88,-11.29,-9.33,-11.87,-9.90,-13.58,-11.50,-12.11,-22.46,-22.46,D30_COMPLETE,Alpaca IEX daily bars
76,IDCC,2026-04-30,-15.91,Earnings,InterDigital Announces Financial Results for First Quarter 2026,297.0150,0.0986,3.25,-2.22,-3.36,-6.14,-9.41,-15.22,-4.40,-10.30,-11.63,-15.78,-15.89,D30_COMPLETE,Alpaca IEX daily bars
77,MGTX,2026-04-16,-15.73,Offering / Dilution,MeiraGTx Announces Pricing of $100 Million Offering of Ordinary Shares,9.4700,0.6566,15.87,6.86,7.29,-1.53,-2.75,5.02,12.51,-2.85,-7.50,-7.50,-7.50,D30_COMPLETE,Alpaca IEX daily bars
78,TPL,2026-04-09,-15.68,Other Announcement,TPL Announces the Passing of Murray Stahl,378.5600,0.1143,3.55,8.30,8.81,12.61,16.17,5.40,4.93,2.30,2.30,2.30,-0.75,D30_COMPLETE,Alpaca IEX daily bars
79,OPTX,2026-04-29,-15.61,Offering / Dilution,Syntec Optics (Nasdaq: OPTX) Announces Pricing of $20 Million Underwritten Public Offering of Common Stock,6.9200,0.1220,2.87,10.84,16.76,10.12,-2.46,60.55,103.97,-0.87,-3.90,-8.53,-8.53,D30_COMPLETE,Alpaca IEX daily bars
80,CHH,2026-04-30,-15.58,Earnings,Choice Hotels International Reports First Quarter 2026 Results,99.5250,0.0749,5.12,1.08,3.15,7.39,6.44,9.47,9.97,-2.59,-2.59,-2.59,-2.59,D30_COMPLETE,Alpaca IEX daily bars
81,OI,2026-04-29,-15.53,Earnings,O-I Glass Reports First Quarter 2026 Results,8.6600,0.5042,6.93,5.14,4.62,4.97,3.52,5.14,4.56,-1.50,-1.50,-5.89,-10.33,D30_COMPLETE,Alpaca IEX daily bars
82,NKE,2026-04-01,-15.51,Earnings,"NIKE, Inc. Reports Fiscal 2026 Third Quarter Results",44.6250,0.0290,6.07,-0.99,-4.31,-1.42,2.34,-0.57,-5.80,-5.06,-5.59,-5.59,-6.55,D30_COMPLETE,Alpaca IEX daily bars
83,SOFI,2026-04-29,-15.44,Earnings,"SoFi Reports First Quarter 2026 with Record Net Revenue of $1.1 Billion, Record Member and Product Growth, Net Income of $167 Million",15.5250,0.0235,3.53,3.64,4.38,4.90,-1.45,9.37,7.38,0.10,-1.96,-3.83,-3.83,D30_COMPLETE,Alpaca IEX daily bars
84,SHIM,2026-04-28,-15.44,Leadership Change,Shimmick Corporation Appoints Sarah Tacker as Executive Vice President and Chief Operating Officer,5.5900,0.1779,5.23,-3.31,-4.20,-5.72,-18.07,-35.87,-37.03,-10.38,-25.94,-37.03,-38.82,D30_COMPLETE,Alpaca IEX daily bars
85,WAY,2026-04-30,-15.41,Earnings,Waystar Reports First Quarter 2026 Results,21.3950,0.3260,4.06,-2.17,-3.60,-1.75,-12.01,-6.99,-12.50,-7.50,-14.89,-16.38,-16.38,D30_COMPLETE,Alpaca IEX daily bars
86,SITE,2026-04-29,-15.37,Earnings,SiteOne Landscape Supply Announces First Quarter 2026 Earnings,121.0000,0.1110,8.75,4.25,3.69,1.03,-2.34,-7.59,-11.65,-0.02,-3.33,-9.45,-16.79,D30_COMPLETE,Alpaca IEX daily bars
87,CLB,2026-04-30,-15.32,Earnings,CORE LAB REPORTS FIRST QUARTER 2026 RESULTS,14.6650,0.2382,4.79,-3.95,-3.03,-8.35,-8.22,-6.78,-10.33,-10.67,-12.31,-12.31,-12.72,D30_COMPLETE,Alpaca IEX daily bars
88,KMX,2026-04-14,-15.12,Earnings,CarMax Reports Fourth Quarter and Fiscal Year 2026 Results,41.6700,0.3343,5.05,-2.84,-1.92,-6.36,-7.32,-8.29,1.48,-6.60,-9.89,-12.17,-15.00,D30_COMPLETE,Alpaca IEX daily bars
89,AIIO,2026-04-01,-15.10,Offering / Dilution,A Letter to Investors from the CEO of Robo.ai: Optimizing Capital Structure and Advancing Core Businesses with Operational Resilience,0.0908,0.9558,1.29,-22.91,859.91,765.09,667.95,571.81,6061.89,-23.68,-23.68,-23.68,-23.68,D30_COMPLETE,Alpaca IEX daily bars
90,ALGS,2026-04-15,-15.10,Clinical Trial Results,Aligos Therapeutics Announces First Interim Analysis Results from the Phase 2 B-SUPREME Study of Pevifoscorvir Sodium in Participants with Chronic Hepatitis B Virus Infection and Grant of FDA Fast Track Designation,7.3850,0.1121,2.92,3.32,-12.39,-11.37,-19.16,-8.60,-21.60,-14.42,-19.16,-19.30,-29.59,D30_COMPLETE,Alpaca IEX daily bars
91,MAX,2026-04-30,-14.90,Earnings,MediaAlpha Announces First Quarter 2026 Financial Results,8.5100,0.1912,6.27,6.70,11.28,9.05,-5.41,4.23,11.28,2.17,-5.46,-6.58,-6.58,D30_COMPLETE,Alpaca IEX daily bars
92,SAFX,2026-04-14,-14.87,,"XCF Global, Southern Energy Renewables and DevvStream Sign Definitive Business Combination Agreement with Respect to Previously Announced Proposed Three-Party Merger to Create Next-Generation Energy Platform",0.8969,0.3406,2.35,-30.91,-52.86,-55.40,-58.56,-54.34,-51.47,-57.97,-62.70,-62.70,-62.70,D30_COMPLETE,Alpaca IEX daily bars
93,ARMP,2026-04-27,-14.86,Leadership Change,"Armata Pharmaceuticals Announces Appointment of Biopharmaceutical Commercial Executive Daniel B. Gilmer, Ph.D. to its Board of Directors",11.0200,0.4221,5.93,-12.66,-9.98,-6.72,-18.65,-26.45,-28.54,-18.38,-23.19,-35.16,-37.39,D30_COMPLETE,Alpaca IEX daily bars
94,LMND,2026-04-29,-14.85,Earnings,Lemonade Announces First Quarter 2026 Financial Results,55.9550,0.0026,3.45,1.35,-1.64,-5.48,-5.51,3.60,2.12,-5.48,-6.59,-9.09,-9.95,D30_COMPLETE,Alpaca IEX daily bars
95,TTGT,2026-04-09,-14.85,Other Announcement,Omdia: Global PC Shipments Grew 3% in 1Q26 as Supply Chain Impacts Emerged,3.6650,0.1020,2.04,0.27,10.23,15.14,43.11,76.81,25.65,-1.64,-1.64,-1.64,-1.64,D30_COMPLETE,Alpaca IEX daily bars
96,FTLF,2026-04-01,-14.79,Earnings,FitLife Brands Announces Fourth Quarter and Full-Year 2025 Results,12.2150,0.0000,2.42,-16.33,-19.93,-19.07,-23.86,-22.96,-13.88,-20.63,-26.69,-26.69,-26.69,D30_COMPLETE,Alpaca IEX daily bars
97,KULR,2026-04-01,-14.77,Earnings,KULR Reports Fourth Quarter Revenue and Full-Year 2025 Financial Results,2.0150,0.2128,3.06,4.47,6.45,4.71,24.81,28.04,89.58,-2.73,-2.73,-2.73,-2.73,D30_COMPLETE,Alpaca IEX daily bars
98,SDA,2026-04-29,-14.49,Earnings,SunCar Technology Reports Financial Results for Full Year 2025,1.2200,0.2857,1.07,2.46,-1.23,-10.66,-27.87,-35.88,-34.52,-13.52,-28.66,-61.19,-61.19,D30_COMPLETE,Alpaca IEX daily bars
99,MNTS,2026-04-29,-14.45,Contract / Partnership,"Fully Booked Momentus Mission Advances Through Preliminary Design Review, Driving Toward 2027 Launch Under NASA Contracts",4.3800,0.3830,0.59,5.71,2.74,8.90,34.47,343.95,271.58,-4.11,-4.11,-4.11,-4.11,D30_COMPLETE,Alpaca IEX daily bars
100,CLS,2026-04-28,-14.37,Earnings,Celestica Announces First Quarter 2026 Financial Results,361.6600,0.2653,2.33,4.18,15.87,15.38,3.46,-1.13,0.40,-0.70,-0.77,-10.13,-10.13,D30_COMPLETE,Alpaca IEX daily bars
