rank,ticker,crash_date,crash_pct,catalyst,day1_vs_preclose,day5_vs_preclose,best5_vs_preclose,source
1,SION,2026-08-10,-91.18,Clinical Trial Results,-90.01,-88.42,-87.19,"StockTitan Aug 2026 losers final board"
2,TENX,2026-08-10,-89.77,Clinical Trial Results,-87.95,-87.28,-86.38,"StockTitan Aug 2026 losers final board"
3,EYPT,2026-08-17,-66.98,Clinical Trial Results,-62.92,-66.98,-57.29,"StockTitan Aug 2026 losers final board"
4,PDSB,2026-08-11,-64.87,Contract / Partnership,-66.90,-71.55,-66.90,"StockTitan Aug 2026 losers final board"
5,PN,2026-08-07,-61.28,Offering / Dilution,-62.00,-68.15,-62.00,"StockTitan Aug 2026 losers final board"
6,CVRX,2026-08-07,-59.76,Earnings,-60.10,-48.15,-48.15,"StockTitan Aug 2026 losers final board"
7,INV,2026-08-14,-55.14,Earnings,-61.53,-58.06,-57.22,"StockTitan Aug 2026 losers final board"
8,ZONE,2026-08-11,-54.79,Offering / Dilution,-58.45,-54.13,-54.13,"StockTitan Aug 2026 losers final board"
9,TDUP,2026-08-06,-50.48,Earnings,-48.89,-49.52,-48.57,"StockTitan Aug 2026 losers final board"
10,ACH,2026-08-10,-50.00,Earnings,-55.00,-61.79,-55.00,"StockTitan Aug 2026 losers final board"
11,BZAI,2026-08-14,-49.31,Earnings,-55.50,-59.09,-52.29,"StockTitan Aug 2026 losers final board"
12,GRML,2026-08-26,-48.09,Offering / Dilution,-45.83,-49.85,-45.83,"StockTitan Aug 2026 losers final board"
13,KLC,2026-08-14,-46.27,Earnings,-47.00,-43.06,-39.75,"StockTitan Aug 2026 losers final board"
14,SUJA,2026-08-05,-46.18,Earnings,-44.30,-48.51,-42.46,"StockTitan Aug 2026 losers final board"
15,AIRS,2026-08-10,-45.11,Earnings,-35.83,-38.42,-31.54,"StockTitan Aug 2026 losers final board"
16,GLND,2026-08-12,-44.28,Other Announcement,-37.81,-29.85,-29.85,"StockTitan Aug 2026 losers final board"
17,NCMI,2026-08-12,-41.56,M&A / Acquisition,-29.29,-30.34,-24.54,"StockTitan Aug 2026 losers final board"
18,VATE,2026-08-10,-41.12,M&A / Acquisition,-38.15,-37.57,-34.27,"StockTitan Aug 2026 losers final board"
19,MVIS,2026-08-14,-40.85,Offering / Dilution,-43.24,-55.97,-43.24,"StockTitan Aug 2026 losers final board"
20,QTRX,2026-08-10,-39.95,Earnings,-34.86,-27.54,-27.30,"StockTitan Aug 2026 losers final board"
21,BLLN,2026-08-06,-38.89,Earnings,-37.73,-37.29,-34.22,"StockTitan Aug 2026 losers final board"
22,BODI,2026-08-11,-38.11,Earnings,-37.38,-40.02,-31.21,"StockTitan Aug 2026 losers final board"
23,AHCO,2026-08-04,-38.04,Earnings,-40.03,-47.83,-40.03,"StockTitan Aug 2026 losers final board"
24,TYGO,2026-08-05,-36.76,Earnings,-37.25,-40.20,-37.25,"StockTitan Aug 2026 losers final board"
25,BETR,2026-08-04,-36.74,Leadership Change,-35.02,-43.11,-33.88,"StockTitan Aug 2026 losers final board"
26,CDNL,2026-08-11,-36.22,M&A / Acquisition,-40.05,-24.77,-24.77,"StockTitan Aug 2026 losers final board"
27,NABL,2026-08-10,-35.67,Earnings,-36.87,-34.47,-26.25,"StockTitan Aug 2026 losers final board"
28,LMB,2026-08-05,-35.51,Earnings,-37.84,-41.71,-36.84,"StockTitan Aug 2026 losers final board"
29,SNSC,2026-08-19,-35.47,Other Announcement,-27.59,-17.24,-12.81,"StockTitan Aug 2026 losers final board"
30,GAIA,2026-08-11,-35.26,Earnings,-36.32,-23.16,-20.53,"StockTitan Aug 2026 losers final board"
