rank,ticker,crash_date,classification,confidence,pre_rebound_reason,evidence_source
1,SION,2026-08-10,Uncertain,Medium,Contemporaneous headline/catalyst was not sufficient by itself to distinguish a genuine fundamental reset from a temporary market overreaction without deeper company-specific review; held Uncertain rather than guess.,StockTitan August 2026 board + contemporaneous announcement title; no post-crash outcome used
2,TENX,2026-08-10,Uncertain,Medium,Contemporaneous headline/catalyst was not sufficient by itself to distinguish a genuine fundamental reset from a temporary market overreaction without deeper company-specific review; held Uncertain rather than guess.,StockTitan August 2026 board + contemporaneous announcement title; no post-crash outcome used
3,EYPT,2026-08-17,Uncertain,Medium,Contemporaneous headline/catalyst was not sufficient by itself to distinguish a genuine fundamental reset from a temporary market overreaction without deeper company-specific review; held Uncertain rather than guess.,StockTitan August 2026 board + contemporaneous announcement title; no post-crash outcome used
4,PDSB,2026-08-11,Uncertain,Medium,Contemporaneous headline/catalyst was not sufficient by itself to distinguish a genuine fundamental reset from a temporary market overreaction without deeper company-specific review; held Uncertain rather than guess.,StockTitan August 2026 board + contemporaneous announcement title; no post-crash outcome used
5,PN,2026-08-07,Justified,High,Offering / dilution catalyst created direct capital-structure dilution or supply overhang.,StockTitan August 2026 board + contemporaneous announcement title; no post-crash outcome used
6,CVRX,2026-08-07,Uncertain,Medium,Contemporaneous headline/catalyst was not sufficient by itself to distinguish a genuine fundamental reset from a temporary market overreaction without deeper company-specific review; held Uncertain rather than guess.,StockTitan August 2026 board + contemporaneous announcement title; no post-crash outcome used
7,INV,2026-08-14,Uncertain,Medium,Contemporaneous headline/catalyst was not sufficient by itself to distinguish a genuine fundamental reset from a temporary market overreaction without deeper company-specific review; held Uncertain rather than guess.,StockTitan August 2026 board + contemporaneous announcement title; no post-crash outcome used
8,ZONE,2026-08-11,Justified,High,Offering / dilution catalyst created direct capital-structure dilution or supply overhang.,StockTitan August 2026 board + contemporaneous announcement title; no post-crash outcome used
9,TDUP,2026-08-06,Uncertain,Medium,Contemporaneous headline/catalyst was not sufficient by itself to distinguish a genuine fundamental reset from a temporary market overreaction without deeper company-specific review; held Uncertain rather than guess.,StockTitan August 2026 board + contemporaneous announcement title; no post-crash outcome used
10,ACH,2026-08-10,Uncertain,Medium,Contemporaneous headline/catalyst was not sufficient by itself to distinguish a genuine fundamental reset from a temporary market overreaction without deeper company-specific review; held Uncertain rather than guess.,StockTitan August 2026 board + contemporaneous announcement title; no post-crash outcome used
11,BZAI,2026-08-14,Uncertain,Medium,Contemporaneous headline/catalyst was not sufficient by itself to distinguish a genuine fundamental reset from a temporary market overreaction without deeper company-specific review; held Uncertain rather than guess.,StockTitan August 2026 board + contemporaneous announcement title; no post-crash outcome used
12,GRML,2026-08-26,Justified,High,Offering / dilution catalyst created direct capital-structure dilution or supply overhang.,StockTitan August 2026 board + contemporaneous announcement title; no post-crash outcome used
13,KLC,2026-08-14,Uncertain,Medium,Contemporaneous headline/catalyst was not sufficient by itself to distinguish a genuine fundamental reset from a temporary market overreaction without deeper company-specific review; held Uncertain rather than guess.,StockTitan August 2026 board + contemporaneous announcement title; no post-crash outcome used
14,SUJA,2026-08-05,Uncertain,Medium,Contemporaneous headline/catalyst was not sufficient by itself to distinguish a genuine fundamental reset from a temporary market overreaction without deeper company-specific review; held Uncertain rather than guess.,StockTitan August 2026 board + contemporaneous announcement title; no post-crash outcome used
15,AIRS,2026-08-10,Uncertain,Medium,Contemporaneous headline/catalyst was not sufficient by itself to distinguish a genuine fundamental reset from a temporary market overreaction without deeper company-specific review; held Uncertain rather than guess.,StockTitan August 2026 board + contemporaneous announcement title; no post-crash outcome used
16,GLND,2026-08-12,Uncertain,Medium,Contemporaneous headline/catalyst was not sufficient by itself to distinguish a genuine fundamental reset from a temporary market overreaction without deeper company-specific review; held Uncertain rather than guess.,StockTitan August 2026 board + contemporaneous announcement title; no post-crash outcome used
17,NCMI,2026-08-12,Probable Overreaction,High,Acquisition announcement created a larger premium video/digital-out-of-home platform; no direct impairment in the disclosed catalyst.,StockTitan August 2026 board + contemporaneous announcement title; no post-crash outcome used
18,VATE,2026-08-10,Probable Overreaction,High,Company announced a $650M asset sale; disclosed catalyst was monetization rather than a new operating impairment.,StockTitan August 2026 board + contemporaneous announcement title; no post-crash outcome used
19,MVIS,2026-08-14,Justified,High,Offering / dilution catalyst created direct capital-structure dilution or supply overhang.,StockTitan August 2026 board + contemporaneous announcement title; no post-crash outcome used
20,QTRX,2026-08-10,Uncertain,Medium,Contemporaneous headline/catalyst was not sufficient by itself to distinguish a genuine fundamental reset from a temporary market overreaction without deeper company-specific review; held Uncertain rather than guess.,StockTitan August 2026 board + contemporaneous announcement title; no post-crash outcome used
21,BLLN,2026-08-06,Uncertain,Medium,Contemporaneous headline/catalyst was not sufficient by itself to distinguish a genuine fundamental reset from a temporary market overreaction without deeper company-specific review; held Uncertain rather than guess.,StockTitan August 2026 board + contemporaneous announcement title; no post-crash outcome used
22,BODI,2026-08-11,Uncertain,Medium,Contemporaneous headline/catalyst was not sufficient by itself to distinguish a genuine fundamental reset from a temporary market overreaction without deeper company-specific review; held Uncertain rather than guess.,StockTitan August 2026 board + contemporaneous announcement title; no post-crash outcome used
23,AHCO,2026-08-04,Uncertain,Medium,Contemporaneous headline/catalyst was not sufficient by itself to distinguish a genuine fundamental reset from a temporary market overreaction without deeper company-specific review; held Uncertain rather than guess.,StockTitan August 2026 board + contemporaneous announcement title; no post-crash outcome used
24,TYGO,2026-08-05,Uncertain,Medium,Contemporaneous headline/catalyst was not sufficient by itself to distinguish a genuine fundamental reset from a temporary market overreaction without deeper company-specific review; held Uncertain rather than guess.,StockTitan August 2026 board + contemporaneous announcement title; no post-crash outcome used
25,BETR,2026-08-04,Uncertain,Medium,Contemporaneous headline/catalyst was not sufficient by itself to distinguish a genuine fundamental reset from a temporary market overreaction without deeper company-specific review; held Uncertain rather than guess.,StockTitan August 2026 board + contemporaneous announcement title; no post-crash outcome used
26,CDNL,2026-08-11,Probable Overreaction,High,Release paired Q2 results/outlook update with acquisition of Allied Paving; catalyst was expansionary rather than a clear impairment.,StockTitan August 2026 board + contemporaneous announcement title; no post-crash outcome used
27,NABL,2026-08-10,Uncertain,Medium,Contemporaneous headline/catalyst was not sufficient by itself to distinguish a genuine fundamental reset from a temporary market overreaction without deeper company-specific review; held Uncertain rather than guess.,StockTitan August 2026 board + contemporaneous announcement title; no post-crash outcome used
28,LMB,2026-08-05,Uncertain,Medium,Contemporaneous headline/catalyst was not sufficient by itself to distinguish a genuine fundamental reset from a temporary market overreaction without deeper company-specific review; held Uncertain rather than guess.,StockTitan August 2026 board + contemporaneous announcement title; no post-crash outcome used
29,SNSC,2026-08-19,Uncertain,Medium,Contemporaneous headline/catalyst was not sufficient by itself to distinguish a genuine fundamental reset from a temporary market overreaction without deeper company-specific review; held Uncertain rather than guess.,StockTitan August 2026 board + contemporaneous announcement title; no post-crash outcome used
30,GAIA,2026-08-11,Uncertain,Medium,Contemporaneous headline/catalyst was not sufficient by itself to distinguish a genuine fundamental reset from a temporary market overreaction without deeper company-specific review; held Uncertain rather than guess.,StockTitan August 2026 board + contemporaneous announcement title; no post-crash outcome used
31,GETY,2026-08-11,Uncertain,Medium,Contemporaneous headline/catalyst was not sufficient by itself to distinguish a genuine fundamental reset from a temporary market overreaction without deeper company-specific review; held Uncertain rather than guess.,StockTitan August 2026 board + contemporaneous announcement title; no post-crash outcome used
32,UWMC,2026-08-06,Probable Overreaction,High,"Announcement disclosed a $2.05B strategic capital partnership, not an operating deterioration.",StockTitan August 2026 board + contemporaneous announcement title; no post-crash outcome used
33,UTI,2026-08-06,Uncertain,Medium,Contemporaneous headline/catalyst was not sufficient by itself to distinguish a genuine fundamental reset from a temporary market overreaction without deeper company-specific review; held Uncertain rather than guess.,StockTitan August 2026 board + contemporaneous announcement title; no post-crash outcome used
34,USNA,2026-08-05,Uncertain,Medium,Contemporaneous headline/catalyst was not sufficient by itself to distinguish a genuine fundamental reset from a temporary market overreaction without deeper company-specific review; held Uncertain rather than guess.,StockTitan August 2026 board + contemporaneous announcement title; no post-crash outcome used
35,SEZL,2026-08-07,Uncertain,Medium,Contemporaneous headline/catalyst was not sufficient by itself to distinguish a genuine fundamental reset from a temporary market overreaction without deeper company-specific review; held Uncertain rather than guess.,StockTitan August 2026 board + contemporaneous announcement title; no post-crash outcome used
36,EVTL,2026-08-10,Uncertain,Medium,Contemporaneous headline/catalyst was not sufficient by itself to distinguish a genuine fundamental reset from a temporary market overreaction without deeper company-specific review; held Uncertain rather than guess.,StockTitan August 2026 board + contemporaneous announcement title; no post-crash outcome used
37,SLE,2026-08-14,Probable Overreaction,High,Release explicitly highlighted improving margins and operating performance.,StockTitan August 2026 board + contemporaneous announcement title; no post-crash outcome used
38,ONT,2026-08-06,Uncertain,Medium,Contemporaneous headline/catalyst was not sufficient by itself to distinguish a genuine fundamental reset from a temporary market overreaction without deeper company-specific review; held Uncertain rather than guess.,StockTitan August 2026 board + contemporaneous announcement title; no post-crash outcome used
39,AMPG,2026-08-14,Probable Overreaction,High,Release explicitly reported Q2 revenue up 50.9% sequentially and gross profit up 161.2% year over year.,StockTitan August 2026 board + contemporaneous announcement title; no post-crash outcome used
40,DCGO,2026-08-18,Uncertain,Medium,Contemporaneous headline/catalyst was not sufficient by itself to distinguish a genuine fundamental reset from a temporary market overreaction without deeper company-specific review; held Uncertain rather than guess.,StockTitan August 2026 board + contemporaneous announcement title; no post-crash outcome used
41,CMRC,2026-08-06,Uncertain,Medium,Contemporaneous headline/catalyst was not sufficient by itself to distinguish a genuine fundamental reset from a temporary market overreaction without deeper company-specific review; held Uncertain rather than guess.,StockTitan August 2026 board + contemporaneous announcement title; no post-crash outcome used
42,HRTX,2026-08-10,Uncertain,Medium,Contemporaneous headline/catalyst was not sufficient by itself to distinguish a genuine fundamental reset from a temporary market overreaction without deeper company-specific review; held Uncertain rather than guess.,StockTitan August 2026 board + contemporaneous announcement title; no post-crash outcome used
43,KLXE,2026-08-11,Justified,High,Offering / dilution catalyst created direct capital-structure dilution or supply overhang.,StockTitan August 2026 board + contemporaneous announcement title; no post-crash outcome used
44,DKS,2026-08-25,Uncertain,Medium,Contemporaneous headline/catalyst was not sufficient by itself to distinguish a genuine fundamental reset from a temporary market overreaction without deeper company-specific review; held Uncertain rather than guess.,StockTitan August 2026 board + contemporaneous announcement title; no post-crash outcome used
45,AIOT,2026-08-10,Uncertain,Medium,Contemporaneous headline/catalyst was not sufficient by itself to distinguish a genuine fundamental reset from a temporary market overreaction without deeper company-specific review; held Uncertain rather than guess.,StockTitan August 2026 board + contemporaneous announcement title; no post-crash outcome used
46,SEDG,2026-08-05,Uncertain,Medium,Contemporaneous headline/catalyst was not sufficient by itself to distinguish a genuine fundamental reset from a temporary market overreaction without deeper company-specific review; held Uncertain rather than guess.,StockTitan August 2026 board + contemporaneous announcement title; no post-crash outcome used
47,THRY,2026-08-04,Uncertain,Medium,Contemporaneous headline/catalyst was not sufficient by itself to distinguish a genuine fundamental reset from a temporary market overreaction without deeper company-specific review; held Uncertain rather than guess.,StockTitan August 2026 board + contemporaneous announcement title; no post-crash outcome used
48,FBDT,2026-08-25,Uncertain,Medium,Contemporaneous headline/catalyst was not sufficient by itself to distinguish a genuine fundamental reset from a temporary market overreaction without deeper company-specific review; held Uncertain rather than guess.,StockTitan August 2026 board + contemporaneous announcement title; no post-crash outcome used
49,DWSN,2026-08-14,Uncertain,Medium,Contemporaneous headline/catalyst was not sufficient by itself to distinguish a genuine fundamental reset from a temporary market overreaction without deeper company-specific review; held Uncertain rather than guess.,StockTitan August 2026 board + contemporaneous announcement title; no post-crash outcome used
50,LZ,2026-08-06,Uncertain,Medium,Contemporaneous headline/catalyst was not sufficient by itself to distinguish a genuine fundamental reset from a temporary market overreaction without deeper company-specific review; held Uncertain rather than guess.,StockTitan August 2026 board + contemporaneous announcement title; no post-crash outcome used
51,PAL,2026-08-11,Uncertain,Medium,Contemporaneous headline/catalyst was not sufficient by itself to distinguish a genuine fundamental reset from a temporary market overreaction without deeper company-specific review; held Uncertain rather than guess.,StockTitan August 2026 board + contemporaneous announcement title; no post-crash outcome used
52,EBS,2026-08-06,Uncertain,Medium,Contemporaneous headline/catalyst was not sufficient by itself to distinguish a genuine fundamental reset from a temporary market overreaction without deeper company-specific review; held Uncertain rather than guess.,StockTitan August 2026 board + contemporaneous announcement title; no post-crash outcome used
53,SHMD,2026-08-25,Uncertain,Medium,Contemporaneous headline/catalyst was not sufficient by itself to distinguish a genuine fundamental reset from a temporary market overreaction without deeper company-specific review; held Uncertain rather than guess.,StockTitan August 2026 board + contemporaneous announcement title; no post-crash outcome used
54,SLQT,2026-08-25,Uncertain,Medium,Contemporaneous headline/catalyst was not sufficient by itself to distinguish a genuine fundamental reset from a temporary market overreaction without deeper company-specific review; held Uncertain rather than guess.,StockTitan August 2026 board + contemporaneous announcement title; no post-crash outcome used
55,CLBT,2026-08-13,Uncertain,Medium,Contemporaneous headline/catalyst was not sufficient by itself to distinguish a genuine fundamental reset from a temporary market overreaction without deeper company-specific review; held Uncertain rather than guess.,StockTitan August 2026 board + contemporaneous announcement title; no post-crash outcome used
56,PROP,2026-08-17,Uncertain,Medium,Contemporaneous headline/catalyst was not sufficient by itself to distinguish a genuine fundamental reset from a temporary market overreaction without deeper company-specific review; held Uncertain rather than guess.,StockTitan August 2026 board + contemporaneous announcement title; no post-crash outcome used
57,INSG,2026-08-06,Uncertain,Medium,Contemporaneous headline/catalyst was not sufficient by itself to distinguish a genuine fundamental reset from a temporary market overreaction without deeper company-specific review; held Uncertain rather than guess.,StockTitan August 2026 board + contemporaneous announcement title; no post-crash outcome used
58,XTNT,2026-08-11,Uncertain,Medium,Contemporaneous headline/catalyst was not sufficient by itself to distinguish a genuine fundamental reset from a temporary market overreaction without deeper company-specific review; held Uncertain rather than guess.,StockTitan August 2026 board + contemporaneous announcement title; no post-crash outcome used
59,SECZ,2026-08-13,Uncertain,Medium,Contemporaneous headline/catalyst was not sufficient by itself to distinguish a genuine fundamental reset from a temporary market overreaction without deeper company-specific review; held Uncertain rather than guess.,StockTitan August 2026 board + contemporaneous announcement title; no post-crash outcome used
60,TBLA,2026-08-05,Probable Overreaction,High,Release explicitly described strong Q2 results and raised full-year ex-TAC gross profit and adjusted EBITDA guidance.,StockTitan August 2026 board + contemporaneous announcement title; no post-crash outcome used
61,AREN,2026-08-11,Uncertain,Medium,Contemporaneous headline/catalyst was not sufficient by itself to distinguish a genuine fundamental reset from a temporary market overreaction without deeper company-specific review; held Uncertain rather than guess.,StockTitan August 2026 board + contemporaneous announcement title; no post-crash outcome used
62,CNTX,2026-08-06,Uncertain,Medium,Contemporaneous headline/catalyst was not sufficient by itself to distinguish a genuine fundamental reset from a temporary market overreaction without deeper company-specific review; held Uncertain rather than guess.,StockTitan August 2026 board + contemporaneous announcement title; no post-crash outcome used
63,BBW,2026-08-27,Uncertain,Medium,Contemporaneous headline/catalyst was not sufficient by itself to distinguish a genuine fundamental reset from a temporary market overreaction without deeper company-specific review; held Uncertain rather than guess.,StockTitan August 2026 board + contemporaneous announcement title; no post-crash outcome used
64,VPG,2026-08-05,Probable Overreaction,High,"Release highlighted continued order strength, with $96M of orders.",StockTitan August 2026 board + contemporaneous announcement title; no post-crash outcome used
65,ATS,2026-08-06,Uncertain,Medium,Contemporaneous headline/catalyst was not sufficient by itself to distinguish a genuine fundamental reset from a temporary market overreaction without deeper company-specific review; held Uncertain rather than guess.,StockTitan August 2026 board + contemporaneous announcement title; no post-crash outcome used
66,TTEC,2026-08-11,Uncertain,Medium,Contemporaneous headline/catalyst was not sufficient by itself to distinguish a genuine fundamental reset from a temporary market overreaction without deeper company-specific review; held Uncertain rather than guess.,StockTitan August 2026 board + contemporaneous announcement title; no post-crash outcome used
67,BALY,2026-08-17,Uncertain,Medium,Contemporaneous headline/catalyst was not sufficient by itself to distinguish a genuine fundamental reset from a temporary market overreaction without deeper company-specific review; held Uncertain rather than guess.,StockTitan August 2026 board + contemporaneous announcement title; no post-crash outcome used
68,AKBA,2026-08-06,Uncertain,Medium,Contemporaneous headline/catalyst was not sufficient by itself to distinguish a genuine fundamental reset from a temporary market overreaction without deeper company-specific review; held Uncertain rather than guess.,StockTitan August 2026 board + contemporaneous announcement title; no post-crash outcome used
69,LASR,2026-08-07,Uncertain,Medium,Contemporaneous headline/catalyst was not sufficient by itself to distinguish a genuine fundamental reset from a temporary market overreaction without deeper company-specific review; held Uncertain rather than guess.,StockTitan August 2026 board + contemporaneous announcement title; no post-crash outcome used
70,TRIP,2026-08-06,Uncertain,Medium,Contemporaneous headline/catalyst was not sufficient by itself to distinguish a genuine fundamental reset from a temporary market overreaction without deeper company-specific review; held Uncertain rather than guess.,StockTitan August 2026 board + contemporaneous announcement title; no post-crash outcome used
71,BAER,2026-08-07,Uncertain,Medium,Contemporaneous headline/catalyst was not sufficient by itself to distinguish a genuine fundamental reset from a temporary market overreaction without deeper company-specific review; held Uncertain rather than guess.,StockTitan August 2026 board + contemporaneous announcement title; no post-crash outcome used
72,LMAT,2026-08-05,Uncertain,Medium,Contemporaneous headline/catalyst was not sufficient by itself to distinguish a genuine fundamental reset from a temporary market overreaction without deeper company-specific review; held Uncertain rather than guess.,StockTitan August 2026 board + contemporaneous announcement title; no post-crash outcome used
73,SSTI,2026-08-14,Uncertain,Medium,Contemporaneous headline/catalyst was not sufficient by itself to distinguish a genuine fundamental reset from a temporary market overreaction without deeper company-specific review; held Uncertain rather than guess.,StockTitan August 2026 board + contemporaneous announcement title; no post-crash outcome used
74,IDN,2026-08-14,Uncertain,Medium,Contemporaneous headline/catalyst was not sufficient by itself to distinguish a genuine fundamental reset from a temporary market overreaction without deeper company-specific review; held Uncertain rather than guess.,StockTitan August 2026 board + contemporaneous announcement title; no post-crash outcome used
75,HCAT,2026-08-07,Uncertain,Medium,Contemporaneous headline/catalyst was not sufficient by itself to distinguish a genuine fundamental reset from a temporary market overreaction without deeper company-specific review; held Uncertain rather than guess.,StockTitan August 2026 board + contemporaneous announcement title; no post-crash outcome used
76,OPFI,2026-08-11,Uncertain,Medium,Contemporaneous headline/catalyst was not sufficient by itself to distinguish a genuine fundamental reset from a temporary market overreaction without deeper company-specific review; held Uncertain rather than guess.,StockTitan August 2026 board + contemporaneous announcement title; no post-crash outcome used
77,LINC,2026-08-10,Probable Overreaction,High,Release explicitly described strong Q2 results and reiterated full-year guidance.,StockTitan August 2026 board + contemporaneous announcement title; no post-crash outcome used
78,RGNX,2026-08-24,Uncertain,Medium,Contemporaneous headline/catalyst was not sufficient by itself to distinguish a genuine fundamental reset from a temporary market overreaction without deeper company-specific review; held Uncertain rather than guess.,StockTitan August 2026 board + contemporaneous announcement title; no post-crash outcome used
79,LIF,2026-08-11,Probable Overreaction,High,Release explicitly described record Q2 2026 results.,StockTitan August 2026 board + contemporaneous announcement title; no post-crash outcome used
80,QDEL,2026-08-07,Uncertain,Medium,Contemporaneous headline/catalyst was not sufficient by itself to distinguish a genuine fundamental reset from a temporary market overreaction without deeper company-specific review; held Uncertain rather than guess.,StockTitan August 2026 board + contemporaneous announcement title; no post-crash outcome used
81,QTEX,2026-08-20,Justified,High,Offering / dilution catalyst created direct capital-structure dilution or supply overhang.,StockTitan August 2026 board + contemporaneous announcement title; no post-crash outcome used
82,SMJF,2026-08-28,Uncertain,Medium,Contemporaneous headline/catalyst was not sufficient by itself to distinguish a genuine fundamental reset from a temporary market overreaction without deeper company-specific review; held Uncertain rather than guess.,StockTitan August 2026 board + contemporaneous announcement title; no post-crash outcome used
83,AAP,2026-08-20,Uncertain,Medium,Contemporaneous headline/catalyst was not sufficient by itself to distinguish a genuine fundamental reset from a temporary market overreaction without deeper company-specific review; held Uncertain rather than guess.,StockTitan August 2026 board + contemporaneous announcement title; no post-crash outcome used
84,UAMY,2026-08-12,Uncertain,Medium,Contemporaneous headline/catalyst was not sufficient by itself to distinguish a genuine fundamental reset from a temporary market overreaction without deeper company-specific review; held Uncertain rather than guess.,StockTitan August 2026 board + contemporaneous announcement title; no post-crash outcome used
85,CRTO,2026-08-05,Uncertain,Medium,Contemporaneous headline/catalyst was not sufficient by itself to distinguish a genuine fundamental reset from a temporary market overreaction without deeper company-specific review; held Uncertain rather than guess.,StockTitan August 2026 board + contemporaneous announcement title; no post-crash outcome used
86,TDC,2026-08-05,Uncertain,Medium,Contemporaneous headline/catalyst was not sufficient by itself to distinguish a genuine fundamental reset from a temporary market overreaction without deeper company-specific review; held Uncertain rather than guess.,StockTitan August 2026 board + contemporaneous announcement title; no post-crash outcome used
87,DVLT,2026-08-19,Uncertain,Medium,Contemporaneous headline/catalyst was not sufficient by itself to distinguish a genuine fundamental reset from a temporary market overreaction without deeper company-specific review; held Uncertain rather than guess.,StockTitan August 2026 board + contemporaneous announcement title; no post-crash outcome used
88,EIX,2026-08-31,Uncertain,Medium,Contemporaneous headline/catalyst was not sufficient by itself to distinguish a genuine fundamental reset from a temporary market overreaction without deeper company-specific review; held Uncertain rather than guess.,StockTitan August 2026 board + contemporaneous announcement title; no post-crash outcome used
89,ANGI,2026-08-05,Uncertain,Medium,Contemporaneous headline/catalyst was not sufficient by itself to distinguish a genuine fundamental reset from a temporary market overreaction without deeper company-specific review; held Uncertain rather than guess.,StockTitan August 2026 board + contemporaneous announcement title; no post-crash outcome used
90,ORGO,2026-08-07,Uncertain,Medium,Contemporaneous headline/catalyst was not sufficient by itself to distinguish a genuine fundamental reset from a temporary market overreaction without deeper company-specific review; held Uncertain rather than guess.,StockTitan August 2026 board + contemporaneous announcement title; no post-crash outcome used
91,VERI,2026-08-14,Uncertain,Medium,Contemporaneous headline/catalyst was not sufficient by itself to distinguish a genuine fundamental reset from a temporary market overreaction without deeper company-specific review; held Uncertain rather than guess.,StockTitan August 2026 board + contemporaneous announcement title; no post-crash outcome used
92,KLAR,2026-08-18,Uncertain,Medium,Contemporaneous headline/catalyst was not sufficient by itself to distinguish a genuine fundamental reset from a temporary market overreaction without deeper company-specific review; held Uncertain rather than guess.,StockTitan August 2026 board + contemporaneous announcement title; no post-crash outcome used
93,CTM,2026-08-07,Uncertain,Medium,Contemporaneous headline/catalyst was not sufficient by itself to distinguish a genuine fundamental reset from a temporary market overreaction without deeper company-specific review; held Uncertain rather than guess.,StockTitan August 2026 board + contemporaneous announcement title; no post-crash outcome used
94,VTIX,2026-08-20,Probable Overreaction,High,Release stated Omni One orders increased 150% following Meta launch.,StockTitan August 2026 board + contemporaneous announcement title; no post-crash outcome used
95,SIF,2026-08-10,Uncertain,Medium,Contemporaneous headline/catalyst was not sufficient by itself to distinguish a genuine fundamental reset from a temporary market overreaction without deeper company-specific review; held Uncertain rather than guess.,StockTitan August 2026 board + contemporaneous announcement title; no post-crash outcome used
96,ARKO,2026-08-07,Uncertain,Medium,Contemporaneous headline/catalyst was not sufficient by itself to distinguish a genuine fundamental reset from a temporary market overreaction without deeper company-specific review; held Uncertain rather than guess.,StockTitan August 2026 board + contemporaneous announcement title; no post-crash outcome used
97,TTD,2026-08-07,Uncertain,Medium,Contemporaneous headline/catalyst was not sufficient by itself to distinguish a genuine fundamental reset from a temporary market overreaction without deeper company-specific review; held Uncertain rather than guess.,StockTitan August 2026 board + contemporaneous announcement title; no post-crash outcome used
98,SLND,2026-08-13,Uncertain,Medium,Contemporaneous headline/catalyst was not sufficient by itself to distinguish a genuine fundamental reset from a temporary market overreaction without deeper company-specific review; held Uncertain rather than guess.,StockTitan August 2026 board + contemporaneous announcement title; no post-crash outcome used
99,ENHA,2026-08-14,Uncertain,Medium,Contemporaneous headline/catalyst was not sufficient by itself to distinguish a genuine fundamental reset from a temporary market overreaction without deeper company-specific review; held Uncertain rather than guess.,StockTitan August 2026 board + contemporaneous announcement title; no post-crash outcome used
100,BRKR,2026-08-04,Uncertain,Medium,Contemporaneous headline/catalyst was not sufficient by itself to distinguish a genuine fundamental reset from a temporary market overreaction without deeper company-specific review; held Uncertain rather than guess.,StockTitan August 2026 board + contemporaneous announcement title; no post-crash outcome used
