rank,ticker,crash_date,crash_pct_source,catalyst,crash_close_iex,close_position_in_day_range_iex,relative_volume_vs_prior20_median_iex,day1_rebound_from_crash_close_pct,day3_rebound_from_crash_close_pct,day5_rebound_from_crash_close_pct,max_additional_downside_5d_pct,stocktitan_day1_vs_preclose,stocktitan_day5_vs_preclose,stocktitan_best5_vs_preclose,observed_post_sessions,outcome_status,market_data_source,day10_rebound_from_crash_close_pct,day20_rebound_from_crash_close_pct,day30_rebound_from_crash_close_pct,max_additional_downside_10d_pct,max_additional_downside_20d_pct,max_additional_downside_30d_pct,extended_horizon_status
1,SION,2026-08-10,-91.18,Clinical Trial Results,4.5100,0.5077,20.87,13.08,44.90,30.60,0.44,-90.01,-88.42,-87.19,5,COMPLETE,Alpaca IEX daily bars,23.95,62.20,33.70,0.44,0.44,0.44,D30_COMPLETE
2,TENX,2026-08-10,-89.77,Clinical Trial Results,1.3750,0.1158,8.93,17.09,33.09,24.36,4.73,-87.95,-87.28,-86.38,5,COMPLETE,Alpaca IEX daily bars,34.18,44.36,41.09,4.73,4.73,4.73,D30_COMPLETE
3,EYPT,2026-08-17,-66.98,Clinical Trial Results,4.8650,0.9622,17.76,12.44,11.00,0.10,-2.57,-62.92,-66.98,-57.29,5,COMPLETE,Alpaca IEX daily bars,-7.81,-25.08,-29.60,-10.38,-25.28,-32.89,D30_COMPLETE
4,PDSB,2026-08-11,-64.87,Contract / Partnership,0.2551,0.0547,80.31,-5.92,-10.07,-17.64,-17.64,-66.90,-71.55,-66.90,5,COMPLETE,Alpaca IEX daily bars,-13.01,14.74,222.97,-21.95,-22.34,-22.34,D30_COMPLETE
5,PN,2026-08-07,-61.28,Offering / Dilution,3.2400,0.6135,30.89,-3.55,-9.57,-17.90,-18.21,-62.00,-68.15,-62.00,5,COMPLETE,Alpaca IEX daily bars,-16.98,-25.31,-12.96,-18.21,-25.31,-38.89,D30_COMPLETE
6,CVRX,2026-08-07,-59.76,Earnings,2.3800,0.1046,26.57,-1.05,14.50,30.67,-7.56,-60.10,-48.15,-48.15,5,COMPLETE,Alpaca IEX daily bars,19.54,27.10,24.79,-7.56,-7.56,-7.56,D30_COMPLETE
7,INV,2026-08-14,-55.14,Earnings,1.6150,0.1527,11.56,-13.93,-4.33,-6.19,-21.98,-61.53,-58.06,-57.22,5,COMPLETE,Alpaca IEX daily bars,-21.67,-47.49,-57.37,-21.98,-48.61,-63.18,D30_COMPLETE
8,ZONE,2026-08-11,-54.79,Offering / Dilution,0.1558,0.1441,58.36,-7.00,3.40,3.53,-17.20,-58.45,-54.13,-54.13,5,COMPLETE,Alpaca IEX daily bars,-4.75,-1.35,-7.25,-17.20,-17.20,-21.63,D30_COMPLETE
9,TDUP,2026-08-06,-50.48,Earnings,3.0700,0.0380,7.77,4.56,2.77,3.26,-1.30,-48.89,-49.52,-48.57,5,COMPLETE,Alpaca IEX daily bars,-10.42,-13.36,-19.87,-12.38,-19.06,-22.80,D30_COMPLETE
10,ACH,2026-08-10,-50.00,Earnings,1.3950,0.3226,13.27,-11.11,-21.86,-23.66,-33.06,-55.00,-61.79,-55.00,5,COMPLETE,Alpaca IEX daily bars,-16.85,-21.86,-38.52,-33.06,-33.06,-38.93,D30_COMPLETE
11,BZAI,2026-08-14,-49.31,Earnings,0.5916,0.1599,12.04,-11.97,-13.78,-17.83,-28.77,-55.50,-59.09,-52.29,5,COMPLETE,Alpaca IEX daily bars,-10.41,-2.23,-16.04,-28.77,-28.77,-28.77,D30_COMPLETE
12,GRML,2026-08-26,-48.09,Offering / Dilution,5.0600,0.0000,4.01,4.35,-3.56,-4.35,-10.08,-45.83,-49.85,-45.83,5,COMPLETE,Alpaca IEX daily bars,-24.41,194.27,,-24.41,-43.97,,D20_COMPLETE
13,KLC,2026-08-14,-46.27,Earnings,2.6100,0.0415,9.58,-2.30,11.49,5.75,-5.36,-47.00,-43.06,-39.75,5,COMPLETE,Alpaca IEX daily bars,-0.57,-8.05,-22.80,-5.36,-10.73,-22.99,D30_COMPLETE
14,SUJA,2026-08-05,-46.18,Earnings,6.1700,0.0028,12.79,2.27,5.83,-4.38,-9.08,-44.30,-48.51,-42.46,5,COMPLETE,Alpaca IEX daily bars,20.42,67.10,39.22,-9.08,-9.08,-9.08,D30_COMPLETE
15,AIRS,2026-08-10,-45.11,Earnings,2.7350,0.4167,8.10,17.37,24.13,12.80,4.94,-35.83,-38.42,-31.54,5,COMPLETE,Alpaca IEX daily bars,-3.11,-1.28,-7.13,-5.48,-12.25,-24.68,D30_COMPLETE
16,GLND,2026-08-12,-44.28,Other Announcement,1.1150,0.0159,9.02,12.11,13.90,26.46,1.35,-37.81,-29.85,-29.85,5,COMPLETE,Alpaca IEX daily bars,25.11,9.42,377.58,1.35,-1.35,-1.35,D30_COMPLETE
17,NCMI,2026-08-12,-41.56,M&A / Acquisition,2.2200,0.0952,12.70,20.72,23.87,19.14,2.25,-29.29,-30.34,-24.54,5,COMPLETE,Alpaca IEX daily bars,18.47,10.36,-0.90,2.25,2.25,-4.73,D30_COMPLETE
18,VATE,2026-08-10,-41.12,M&A / Acquisition,7.2600,0.2485,34.66,2.55,4.68,3.99,-0.41,-38.15,-37.57,-34.27,5,COMPLETE,Alpaca IEX daily bars,4.34,-2.48,11.71,-0.41,-3.51,-7.99,D30_COMPLETE
19,MVIS,2026-08-14,-40.85,Offering / Dilution,2.2300,0.6667,7.18,-4.71,-20.85,-25.34,-26.23,-43.24,-55.97,-43.24,5,COMPLETE,Alpaca IEX daily bars,-16.14,-26.68,-33.63,-26.23,-32.74,-36.55,D30_COMPLETE
20,QTRX,2026-08-10,-39.95,Earnings,2.4100,0.5730,3.86,8.71,18.88,21.16,-2.07,-34.86,-27.54,-27.30,5,COMPLETE,Alpaca IEX daily bars,16.18,12.86,31.95,-2.07,-2.07,-2.07,D30_COMPLETE
21,BLLN,2026-08-06,-38.89,Earnings,91.6250,0.0926,5.86,1.71,6.83,2.78,-2.66,-37.73,-37.29,-34.22,5,COMPLETE,Alpaca IEX daily bars,3.97,8.57,15.66,-3.75,-3.75,-3.75,D30_COMPLETE
22,BODI,2026-08-11,-38.11,Earnings,6.2700,0.0125,10.57,1.52,10.61,-3.51,-3.51,-37.38,-40.02,-31.21,5,COMPLETE,Alpaca IEX daily bars,-1.44,-9.57,-20.26,-3.51,-11.16,-21.53,D30_COMPLETE
23,AHCO,2026-08-04,-38.04,Earnings,6.7050,0.6532,13.75,-3.13,-15.29,-15.81,-22.30,-40.03,-47.83,-40.03,5,COMPLETE,Alpaca IEX daily bars,-13.12,-17.67,-11.56,-22.30,-22.30,-22.30,D30_COMPLETE
24,TYGO,2026-08-05,-36.76,Earnings,1.2900,0.9855,5.58,-0.78,-7.36,-5.43,-12.79,-37.25,-40.20,-37.25,5,COMPLETE,Alpaca IEX daily bars,-12.40,-16.67,-23.57,-12.79,-19.77,-23.83,D30_COMPLETE
25,BETR,2026-08-04,-36.74,Leadership Change,17.1400,0.1573,15.52,3.50,-9.48,-9.45,-14.26,-35.02,-43.11,-33.88,5,COMPLETE,Alpaca IEX daily bars,-23.98,-28.76,-27.65,-24.45,-34.36,-34.36,D30_COMPLETE
26,CDNL,2026-08-11,-36.22,M&A / Acquisition,38.3900,0.0169,6.17,-6.30,2.79,17.67,-9.95,-40.05,-24.77,-24.77,5,COMPLETE,Alpaca IEX daily bars,12.74,-10.13,-25.54,-9.95,-10.37,-25.54,D30_COMPLETE
27,NABL,2026-08-10,-35.67,Earnings,3.2050,0.2568,3.40,-1.72,15.44,2.34,-7.02,-36.87,-34.47,-26.25,5,COMPLETE,Alpaca IEX daily bars,12.32,19.66,28.24,-7.02,-7.02,-7.02,D30_COMPLETE
28,LMB,2026-08-05,-35.51,Earnings,49.3600,0.0181,9.93,-3.14,-6.16,-8.87,-9.36,-37.84,-41.71,-36.84,5,COMPLETE,Alpaca IEX daily bars,-11.39,-1.36,1.45,-13.30,-17.46,-17.46,D30_COMPLETE
29,SNSC,2026-08-19,-35.47,Other Announcement,1.2950,0.0889,0.50,12.74,34.36,27.41,3.47,-27.59,-17.24,-12.81,5,COMPLETE,Alpaca IEX daily bars,-1.93,0.39,,-1.93,-16.22,,D20_COMPLETE
30,GAIA,2026-08-11,-35.26,Earnings,1.2350,0.0000,9.08,-1.21,18.22,16.60,-1.21,-36.32,-23.16,-20.53,5,COMPLETE,Alpaca IEX daily bars,25.51,23.89,1.21,-1.21,-1.21,-2.83,D30_COMPLETE
31,GETY,2026-08-11,-34.90,Earnings,0.2895,0.1349,3.53,2.73,7.18,-6.49,-6.74,-33.39,-39.06,-28.70,5,COMPLETE,Alpaca IEX daily bars,-9.26,-10.19,-24.11,-12.19,-21.38,-24.35,D30_COMPLETE
32,UWMC,2026-08-06,-34.78,Contract / Partnership,1.1850,0.7725,5.87,7.17,29.54,36.71,-0.84,-30.43,-11.41,-11.41,5,COMPLETE,Alpaca IEX daily bars,20.68,23.21,5.49,-0.84,-0.84,-0.84,D30_COMPLETE
33,UTI,2026-08-06,-34.22,Earnings,27.8600,0.3020,8.56,4.36,-8.26,-7.21,-9.31,-31.67,-39.01,-31.67,5,COMPLETE,Alpaca IEX daily bars,-17.73,-22.47,-22.94,-20.53,-26.88,-29.88,D30_COMPLETE
34,USNA,2026-08-05,-34.20,Earnings,15.0450,0.1955,14.12,-1.23,-5.28,-10.00,-10.00,-34.64,-40.56,-32.09,5,COMPLETE,Alpaca IEX daily bars,-12.26,-2.43,-4.55,-16.25,-16.25,-16.25,D30_COMPLETE
35,SEZL,2026-08-07,-33.89,Earnings,118.4200,0.2341,6.69,-0.33,5.89,8.85,-1.56,-33.90,-27.77,-27.26,5,COMPLETE,Alpaca IEX daily bars,0.90,1.97,-1.42,-2.72,-4.12,-4.45,D30_COMPLETE
36,EVTL,2026-08-10,-33.82,Other Announcement,0.9062,0.7335,17.03,-1.99,-6.50,-11.58,-16.59,-34.81,-41.04,-34.81,5,COMPLETE,Alpaca IEX daily bars,-13.96,-35.36,-18.72,-18.32,-36.44,-42.85,D30_COMPLETE
37,SLE,2026-08-14,-32.44,Earnings,2.2400,0.0780,26.35,33.93,81.47,80.13,25.45,-10.12,19.94,63.69,5,COMPLETE,Alpaca IEX daily bars,70.09,104.02,102.01,25.45,25.45,25.45,D30_COMPLETE
38,ONT,2026-08-06,-33.32,Earnings,15.1200,0.7295,7.43,9.33,8.73,15.41,-4.10,-27.04,-22.67,-22.67,5,COMPLETE,Alpaca IEX daily bars,-2.78,16.60,19.71,-4.10,-4.10,-4.10,D30_COMPLETE
39,AMPG,2026-08-14,-33.31,Earnings,4.0000,0.1566,4.26,-7.37,-10.62,-13.62,-15.75,-38.23,-42.24,-38.23,5,COMPLETE,Alpaca IEX daily bars,-15.87,-15.25,-21.00,-16.00,-20.00,-22.00,D30_COMPLETE
40,DCGO,2026-08-18,-33.08,Earnings,0.4751,0.0517,15.25,-11.49,-8.40,-17.83,-25.95,-40.78,-46.15,-38.81,5,COMPLETE,Alpaca IEX daily bars,-18.42,-19.53,-18.92,-25.95,-26.31,-34.58,D30_COMPLETE
41,CMRC,2026-08-06,-31.96,Earnings,2.3100,0.8750,4.99,-4.11,-1.30,-3.46,-11.47,-34.90,-34.90,-34.02,5,COMPLETE,Alpaca IEX daily bars,-2.60,9.09,43.94,-11.47,-11.47,-11.47,D30_COMPLETE
42,HRTX,2026-08-10,-31.74,Earnings,0.3302,0.0658,10.91,-1.73,1.00,-3.33,-8.15,-34.03,-34.80,-30.54,5,COMPLETE,Alpaca IEX daily bars,-4.39,6.09,-9.18,-9.66,-9.66,-20.87,D30_COMPLETE
43,KLXE,2026-08-11,-30.80,Offering / Dilution,1.5500,0.7027,23.13,6.45,7.10,2.26,-1.29,-26.34,-29.46,-24.55,5,COMPLETE,Alpaca IEX daily bars,-4.84,-0.65,-4.52,-5.16,-5.16,-5.48,D30_COMPLETE
44,DKS,2026-08-25,-30.68,Earnings,124.3400,0.0150,13.72,4.27,8.65,6.86,-3.14,-27.70,-25.86,-24.66,5,COMPLETE,Alpaca IEX daily bars,7.24,6.50,,-3.14,-3.31,,D20_COMPLETE
45,AIOT,2026-08-10,-30.61,Earnings,3.0550,0.4516,20.03,-7.20,3.11,-5.56,-8.35,-35.60,-34.69,-28.80,5,COMPLETE,Alpaca IEX daily bars,-1.64,-3.27,-2.29,-8.35,-8.35,-8.35,D30_COMPLETE
46,SEDG,2026-08-05,-30.48,Earnings,33.8700,0.0127,5.63,-3.53,-4.96,-5.37,-7.44,-33.00,-34.33,-31.69,5,COMPLETE,Alpaca IEX daily bars,-3.76,0.09,6.47,-12.80,-12.80,-12.80,D30_COMPLETE
47,THRY,2026-08-04,-30.28,Earnings,2.9650,0.6573,4.17,-17.54,-17.54,-27.82,-29.51,-42.61,-49.77,-42.25,5,COMPLETE,Alpaca IEX daily bars,-33.90,-39.63,-33.56,-36.93,-39.97,-40.30,D30_COMPLETE
48,FBDT,2026-08-25,-30.24,Other Announcement,1.4450,0.2500,8.54,-16.96,-51.39,-48.79,-54.23,-41.46,-63.69,-41.46,5,COMPLETE,Alpaca IEX daily bars,-48.75,-37.02,,-54.23,-56.84,,D20_COMPLETE
49,DWSN,2026-08-14,-30.15,Earnings,3.1900,0.0679,3.80,-9.87,-10.97,8.46,-20.06,-37.28,-25.22,-25.22,5,COMPLETE,Alpaca IEX daily bars,3.92,1.41,-8.93,-20.06,-20.06,-20.06,D30_COMPLETE
50,LZ,2026-08-06,-30.06,Earnings,5.6650,0.3056,4.90,1.85,-3.97,2.29,-7.33,-28.77,-28.40,-28.40,5,COMPLETE,Alpaca IEX daily bars,3.35,12.80,4.15,-7.33,-7.33,-7.33,D30_COMPLETE
51,PAL,2026-08-11,-29.77,Earnings,5.0850,0.0276,67.88,4.03,8.36,10.42,2.06,-26.38,-22.38,-18.65,5,COMPLETE,Alpaca IEX daily bars,6.69,-1.28,-23.99,2.06,-4.23,-29.11,D30_COMPLETE
52,EBS,2026-08-06,-29.58,Earnings,5.3000,0.2637,5.55,-8.87,-16.04,-15.38,-17.64,-35.81,-40.45,-35.81,5,COMPLETE,Alpaca IEX daily bars,-8.87,17.74,27.74,-17.64,-17.64,-17.64,D30_COMPLETE
53,SHMD,2026-08-25,-29.48,Earnings,3.4100,0.0189,6.34,-7.04,-11.58,-8.50,-14.08,-34.64,-35.88,-29.90,5,COMPLETE,Alpaca IEX daily bars,0.88,8.36,,-14.08,-14.08,,D20_COMPLETE
54,SLQT,2026-08-25,-29.34,Earnings,0.5464,0.4133,9.63,-0.81,-4.81,-1.30,-10.34,-29.12,-30.90,-27.84,5,COMPLETE,Alpaca IEX daily bars,-8.16,-21.23,,-10.34,-22.33,,D20_COMPLETE
55,CLBT,2026-08-13,-29.08,Leadership Change,10.8150,0.9960,21.31,2.96,1.71,4.53,-4.48,-26.95,-25.84,-25.84,5,COMPLETE,Alpaca IEX daily bars,13.59,3.70,-0.18,-4.48,-4.48,-4.48,D30_COMPLETE
56,PROP,2026-08-17,-29.00,Earnings,0.7100,0.3130,8.21,-13.03,-17.32,-27.44,-27.96,-38.25,-48.89,-38.25,5,COMPLETE,Alpaca IEX daily bars,-28.85,-42.48,-40.39,-29.13,-43.52,-46.06,D30_COMPLETE
57,INSG,2026-08-06,-28.60,Earnings,5.3100,0.6908,7.86,4.71,-2.54,-10.73,-11.86,-25.84,-36.34,-25.84,5,COMPLETE,Alpaca IEX daily bars,-24.58,-24.29,-21.94,-25.05,-25.61,-25.80,D30_COMPLETE
58,XTNT,2026-08-11,-28.25,Earnings,0.3275,0.2222,,-5.89,-5.19,3.33,-16.03,-30.40,-25.67,-25.67,5,COMPLETE,Alpaca IEX daily bars,3.33,5.80,13.01,-16.03,-16.03,-16.03,D30_COMPLETE
59,SECZ,2026-08-13,-27.74,Earnings,5.7000,0.0229,8.65,-1.67,3.60,12.46,-9.47,-28.63,-18.58,-18.58,5,COMPLETE,Alpaca IEX daily bars,17.28,45.61,180.00,-9.47,-9.47,-9.47,D30_COMPLETE
60,TBLA,2026-08-05,-27.50,Earnings,3.8300,0.4921,3.21,5.35,8.09,1.31,0.13,-23.63,-26.65,-21.93,5,COMPLETE,Alpaca IEX daily bars,0.91,-0.13,-4.05,-1.57,-5.09,-5.09,D30_COMPLETE
61,AREN,2026-08-11,-27.27,M&A / Acquisition,1.5900,0.0000,2.87,-16.35,-27.04,-29.25,-35.85,-40.91,-54.09,-40.91,5,COMPLETE,Alpaca IEX daily bars,,,,,,,LT10
62,CNTX,2026-08-06,-27.27,Other Announcement,0.5057,0.3703,4.31,-5.04,-7.49,0.53,-13.92,-30.16,-26.93,-26.93,5,COMPLETE,Alpaca IEX daily bars,2.10,-29.17,-26.22,-13.92,-29.94,-31.24,D30_COMPLETE
63,BBW,2026-08-27,-27.24,Earnings,28.4200,0.1490,8.71,4.79,7.35,2.32,1.28,-23.66,-25.65,-22.25,5,COMPLETE,Alpaca IEX daily bars,-3.04,-9.25,,-3.59,-14.64,,D20_COMPLETE
64,VPG,2026-08-05,-27.17,Earnings,74.6700,0.6071,2.43,-8.14,-13.15,-6.07,-13.68,-32.62,-30.56,-30.56,5,COMPLETE,Alpaca IEX daily bars,-15.70,-17.81,-16.77,-16.03,-20.14,-20.14,D30_COMPLETE
65,ATS,2026-08-06,-26.55,Earnings,20.5050,0.0509,23.31,3.10,-0.80,-1.83,-4.24,-24.40,-27.98,-24.40,5,COMPLETE,Alpaca IEX daily bars,-5.88,-4.49,-5.58,-6.12,-10.17,-10.17,D30_COMPLETE
66,TTEC,2026-08-11,-26.18,Earnings,1.7200,0.3333,6.30,-8.14,-8.43,-17.44,-17.44,-32.62,-39.06,-32.19,5,COMPLETE,Alpaca IEX daily bars,-18.60,-25.87,-28.20,-21.51,-26.16,-31.10,D30_COMPLETE
67,BALY,2026-08-17,-26.05,Earnings,10.2750,0.2753,15.46,-13.19,-3.60,-9.29,-16.69,-36.31,-33.81,-26.88,5,COMPLETE,Alpaca IEX daily bars,-14.26,-3.36,36.16,-16.69,-16.69,-16.69,D30_COMPLETE
68,AKBA,2026-08-06,-26.02,Earnings,0.9503,0.6025,2.37,-4.34,-8.84,-8.36,-11.95,-29.47,-32.59,-29.47,5,COMPLETE,Alpaca IEX daily bars,-3.09,3.20,-4.78,-14.17,-14.17,-14.17,D30_COMPLETE
69,LASR,2026-08-07,-25.56,Earnings,56.1600,0.0078,4.73,-9.18,-5.58,-6.26,-12.68,-32.39,-30.28,-29.69,5,COMPLETE,Alpaca IEX daily bars,-15.58,-28.69,-28.44,-18.41,-30.61,-33.49,D30_COMPLETE
70,TRIP,2026-08-06,-25.52,Other Announcement,10.4100,0.1529,4.56,3.55,5.19,5.48,0.38,-22.94,-21.59,-21.59,5,COMPLETE,Alpaca IEX daily bars,-3.75,-10.76,-15.18,-4.27,-10.90,-19.02,D30_COMPLETE
71,BAER,2026-08-07,-25.44,Earnings,1.2650,0.5385,9.36,8.70,-4.74,-1.19,-5.53,-18.93,-26.04,-18.93,5,COMPLETE,Alpaca IEX daily bars,-2.77,-11.46,-24.89,-11.07,-16.21,-28.06,D30_COMPLETE
72,LMAT,2026-08-05,-25.32,Earnings,78.9000,0.0078,5.83,2.52,2.81,3.94,0.61,-23.60,-22.36,-21.69,5,COMPLETE,Alpaca IEX daily bars,6.43,3.57,1.01,0.61,-0.49,-0.52,D30_COMPLETE
73,SSTI,2026-08-14,-25.27,Earnings,6.1900,0.1325,25.86,-10.02,-0.65,-0.65,-10.82,-32.53,-25.39,-25.39,5,COMPLETE,Alpaca IEX daily bars,0.16,-5.74,-11.79,-10.82,-10.82,-12.52,D30_COMPLETE
74,IDN,2026-08-14,-25.20,Earnings,2.8050,0.3958,15.17,5.35,8.91,4.46,0.53,-21.33,-21.33,-18.40,5,COMPLETE,Alpaca IEX daily bars,1.07,-8.73,-16.58,0.00,-9.45,-17.47,D30_COMPLETE
75,HCAT,2026-08-07,-25.11,Earnings,1.7250,0.3158,3.40,0.29,4.06,7.25,-1.45,-25.54,-19.91,-19.91,5,COMPLETE,Alpaca IEX daily bars,-11.30,-1.45,4.06,-11.30,-11.30,-11.30,D30_COMPLETE
76,OPFI,2026-08-11,-24.97,Earnings,6.5800,0.0800,12.01,4.18,8.36,6.53,2.28,-21.78,-20.18,-18.36,5,COMPLETE,Alpaca IEX daily bars,11.17,14.44,-4.56,2.28,2.28,-5.09,D30_COMPLETE
77,LINC,2026-08-10,-24.93,Earnings,30.5200,0.0020,8.74,-0.66,-1.28,-6.00,-6.70,-25.88,-29.93,-25.88,5,COMPLETE,Alpaca IEX daily bars,-18.64,-18.58,-20.64,-19.63,-20.77,-21.59,D30_COMPLETE
78,RGNX,2026-08-24,-24.86,FDA & Regulatory,8.0500,0.3333,4.16,10.68,16.27,18.01,1.37,-16.88,-11.38,-9.89,5,COMPLETE,Alpaca IEX daily bars,8.63,1.30,,1.37,-5.09,,D20_COMPLETE
79,LIF,2026-08-11,-24.77,Earnings,48.6050,0.2835,6.01,1.11,5.30,-3.82,-4.60,-23.93,-27.66,-20.74,5,COMPLETE,Alpaca IEX daily bars,-8.18,-13.53,-16.14,-11.20,-14.35,-18.81,D30_COMPLETE
80,QDEL,2026-08-07,-24.72,Earnings,12.3150,0.5497,3.01,11.69,20.54,16.20,-1.75,-15.75,-12.38,-7.54,5,COMPLETE,Alpaca IEX daily bars,19.65,13.28,-11.73,-1.75,-1.75,-15.47,D30_COMPLETE
81,QTEX,2026-08-20,-24.04,Offering / Dilution,0.8396,0.0320,6.31,9.03,3.32,-0.55,-2.26,-18.26,-24.64,-18.26,5,COMPLETE,Alpaca IEX daily bars,-2.07,4.90,,-5.43,-5.43,,D20_COMPLETE
82,SMJF,2026-08-28,-24.49,Other Announcement,1.1100,0.4074,1.87,-3.15,-3.15,-0.45,-9.01,-27.89,-25.17,-24.49,5,COMPLETE,Alpaca IEX daily bars,-5.86,96.40,,-9.01,-9.01,,D20_COMPLETE
83,AAP,2026-08-20,-24.49,Earnings,42.4800,0.2737,8.75,0.22,2.87,2.73,-1.12,-24.21,-22.27,-21.59,5,COMPLETE,Alpaca IEX daily bars,0.56,0.19,,-2.31,-2.31,,D20_COMPLETE
84,UAMY,2026-08-12,-24.47,Earnings,4.9700,0.0940,2.92,7.44,13.08,15.29,-2.21,-18.84,-12.92,-12.92,5,COMPLETE,Alpaca IEX daily bars,1.81,-0.80,-7.85,-2.21,-7.04,-10.66,D30_COMPLETE
85,CRTO,2026-08-05,-23.88,Leadership Change,17.0100,0.2767,4.79,3.38,5.64,2.06,-0.24,-21.52,-22.50,-17.95,5,COMPLETE,Alpaca IEX daily bars,4.94,7.55,-0.56,-0.24,-0.82,-1.38,D30_COMPLETE
86,TDC,2026-08-05,-23.73,Earnings,26.1100,0.0618,2.38,3.22,6.13,2.51,-1.67,-21.63,-22.24,-19.48,5,COMPLETE,Alpaca IEX daily bars,6.84,8.22,12.06,-1.67,-1.67,-1.67,D30_COMPLETE
87,DVLT,2026-08-19,-23.40,Earnings,0.2967,0.1716,9.24,6.94,5.16,-1.42,-4.25,-18.52,-24.44,-17.61,5,COMPLETE,Alpaca IEX daily bars,-3.84,-44.39,,-7.92,-50.59,,D20_COMPLETE
88,EIX,2026-08-31,-23.09,Other Announcement,53.9300,0.2050,6.94,9.15,4.37,10.02,-2.60,-16.20,-15.45,-15.45,5,COMPLETE,Alpaca IEX daily bars,1.21,-0.69,,-2.60,-5.18,,D20_COMPLETE
89,ANGI,2026-08-05,-22.95,Other Announcement,4.7800,0.7966,2.51,3.56,-3.97,-9.62,-10.25,-20.13,-30.27,-20.13,5,COMPLETE,Alpaca IEX daily bars,0.21,3.87,10.88,-10.25,-10.25,-10.25,D30_COMPLETE
90,ORGO,2026-08-07,-22.82,Earnings,1.8500,0.9104,4.40,0.54,-1.62,-3.24,-6.49,-22.82,-25.73,-21.58,5,COMPLETE,Alpaca IEX daily bars,-2.70,-7.57,-24.32,-7.84,-13.51,-27.30,D30_COMPLETE
91,VERI,2026-08-14,-22.82,Earnings,1.1450,0.2500,3.59,-4.80,-15.64,-25.17,-29.72,-27.18,-42.32,-27.18,5,COMPLETE,Alpaca IEX daily bars,-30.26,0.00,11.35,-31.55,-33.97,-33.97,D30_COMPLETE
92,KLAR,2026-08-18,-22.81,Earnings,15.0450,0.0229,6.56,-2.13,-4.69,-5.35,-8.01,-24.50,-26.86,-24.50,5,COMPLETE,Alpaca IEX daily bars,-5.35,-6.88,-17.61,-8.01,-10.34,-18.38,D30_COMPLETE
93,CTM,2026-08-07,-22.76,Earnings,0.6151,0.0704,0.95,-0.73,2.55,5.79,-5.14,-23.38,-18.15,-17.37,5,COMPLETE,Alpaca IEX daily bars,-0.41,1.19,4.36,-5.14,-9.72,-9.72,D30_COMPLETE
94,VTIX,2026-08-20,-22.53,Earnings,1.2550,0.0000,3.14,6.37,-2.79,10.76,-5.98,-19.75,-14.81,-14.81,5,COMPLETE,Alpaca IEX daily bars,4.38,-9.96,,-5.98,-26.69,,D20_COMPLETE
95,SIF,2026-08-10,-22.39,Earnings,21.6050,0.7705,10.29,-3.40,-10.07,2.20,-10.76,-25.77,-21.50,-21.50,5,COMPLETE,Alpaca IEX daily bars,-1.57,-1.69,0.02,-10.76,-10.76,-10.76,D30_COMPLETE
96,ARKO,2026-08-07,-22.36,Earnings,5.6500,0.0500,6.85,-16.81,-20.88,-14.16,-22.83,-35.53,-33.47,-33.47,5,COMPLETE,Alpaca IEX daily bars,-15.93,-13.54,-24.96,-22.83,-23.81,-25.58,D30_COMPLETE
97,TTD,2026-08-07,-21.90,Earnings,13.7900,0.5491,6.31,-2.97,-2.39,2.39,-6.96,-24.22,-19.98,-17.60,5,COMPLETE,Alpaca IEX daily bars,-4.53,4.71,0.62,-6.96,-6.96,-6.96,D30_COMPLETE
98,SLND,2026-08-13,-24.29,Earnings,0.5494,0.1283,1.78,8.94,23.72,21.19,2.62,-16.64,-9.07,-5.37,5,COMPLETE,Alpaca IEX daily bars,17.71,6.28,20.71,2.62,2.62,2.62,D30_COMPLETE
99,ENHA,2026-08-14,-21.80,Earnings,1.9550,0.4538,11.34,-13.04,-16.62,-11.25,-22.76,-31.60,-31.20,-31.20,5,COMPLETE,Alpaca IEX daily bars,-17.14,-18.16,-21.23,-22.76,-24.30,-28.39,D30_COMPLETE
100,BRKR,2026-08-04,-21.79,Earnings,50.3000,0.0315,4.87,4.61,6.17,13.31,-2.98,-18.41,-11.34,-11.34,5,COMPLETE,Alpaca IEX daily bars,13.06,11.41,20.62,-2.98,-2.98,-2.98,D30_COMPLETE
