month,ticker,crash_date,crash_pct,crash_rv,crash_close_pos,d1_gap_pct,d1_ret_pct,d1_low_vs_crash_close_pct,d1_high_vs_crash_close_pct,d1_close_pos,d1_vol_vs_crash,d1_range_vs_crash,d1_holds_crash_low,d1_closes_above_crash_close,d1_closes_above_crash_mid,d1_close_vs_mid_pct,d1_to_d3_pct,d1_to_d5_pct,d1_to_d10_pct
01,QNCX,2026-01-29,-91.51,6.12,0.013406668958404951,-6.851851851851853,-36.88888888888889,-40.33333333333334,-5.9259259259259345,0.1001076426264801,2.827358101806667,0.031935372980405635,0,0,0,-89.89024028478195,-14.260563380281688,-14.260563380281688,36.208920187793424
01,OTLK,2026-01-02,-58.23,6.7,0.4821917808219172,1.961375980687996,-16.71695835847916,-24.140012070006023,1.961375980687996,0.2843930635838153,1.0070359403439189,1.5799086757990854,0,0,0,-16.961263632944704,6.449275362318829,5.978260869565211,-2.5181159420289867
01,ATRA,2026-01-12,-56.99,40,0.3315217391304345,0.2548853016142827,-25.74341546304163,-27.27272727272727,0.2548853016142827,0.05555555555555546,0.5255392374007565,1.7608695652173916,0,0,0,-27.649006622516552,5.491990846681927,0.5720823798626817,28.260869565217405
01,ZBIO,2026-01-05,-51.86,21.24,0.8172588832487312,-6.2761506276150625,-9.533771667662883,-17.812313209802756,-6.2761506276150625,0.7176165803108808,0.4736721878331288,0.4898477157360406,1,0,0,-2.2286821705426396,8.754542451271895,30.62438057482657,37.42979848034358
01,TIL,2026-01-06,-45.81,38.41,0.7991803278688525,6.6115702479338845,8.039068369646873,3.0803906836964767,9.99248685199099,0.7173913043478263,0.6266022593282873,0.3770491803278686,1,1,1,14.30842607313196,-0.5563282336578546,-0.6954102920723293,0
01,IMRX,2026-01-08,-43.22,13.34,0.10169491525423695,-0.8483563096500557,-1.2725344644750725,-10.498409331919412,4.347826086956519,0.621428571428572,0.21086758492015584,0.4745762711864409,0,0,0,-12.21122112211221,-11.063372717508068,-0.21482277121376292,15.145005370569287
01,VENU,2026-01-28,-40.16,14.43,0.048913043478260795,24.65886939571149,8.771929824561408,3.898635477582846,28.557504873294338,0.19762845849802377,0.8573680534770028,0.6874999999999999,1,1,0,-6.375838926174494,-7.347670250896055,4.659498207885293,-1.6129032258064502
01,AVX,2026-01-27,-39.88,51.6,0.19354838709677433,-2.3809523809523947,-2.857142857142858,-3.809523809523818,7.619047619047614,0.08333333333333348,0.20946718657425906,0.38709677419354793,1,0,0,-10.91703056768559,-21.568627450980394,-29.421568627450977,-30.156862745098035
01,PSTV,2026-01-14,-38.23,39.62,0.8302658486707571,1.1312992800822652,-4.559478916695248,-8.536167295166274,1.3027082619129216,0.40418118466898945,0.17457645693900148,0.5869120654396729,1,0,1,1.0342950462711014,2.7298850574712707,1.9037356321839116,-13.469827586206895
01,SEV,2026-01-23,-37.76,71.16,0.7446808510638296,2.3809523809523725,1.3605442176870763,-7.823129251700678,2.3809523809523725,0.9000000000000006,0.2533748795489954,0.6382978723404249,1,1,1,5.486725663716808,-5.7046979865771785,0.3355704697986628,12.751677852348987
01,BBNX,2026-01-09,-37.04,16.36,0.002666666666666136,-0.24925224327017048,-12.362911266201404,-12.786640079760703,-0.24925224327017048,0.03379721669980011,0.32635823127314156,0.6706666666666669,0,0,0,-19.817559863169908,-3.356086461888508,5.4607508532423354,-12.059158134243441
01,AQST,2026-01-09,-37.04,13.51,0.5818181818181826,-1.0230179028132946,-10.48593350383632,-10.741687979539638,-1.0230179028132946,0.026315789473683657,0.43773173980344865,0.6909090909090909,0,0,0,-9.443725743855104,0.28571428571428914,-5.857142857142861,-7.428571428571418
01,ACRV,2026-01-08,-34.58,18.65,0.05084745762711858,1.0309278350515427,-9.020618556701033,-9.278350515463918,3.0927835051546504,0.02083333333333289,0.24252111088527134,0.27118644067796616,0,0,0,-24.49197860962567,-3.682719546742208,5.382436260623247,16.713881019830048
01,PFSI,2026-01-30,-33.25,12.99,0.39692780337941613,-1.83582612175478,-6.823070381671748,-9.039067580411187,-1.83582612175478,0.30763888888888924,0.7988278188023331,0.4423963133640557,0,0,0,-8.361006567780963,3.1513394534814942,2.474902023943737,-1.1542384710366727
01,CRMD,2026-01-08,-32.77,6.43,0.1293302540415705,1.399067288474365,1.6655562958028058,1.399067288474365,8.461025982678215,0.03773584905660295,0.43021897918805135,0.2448036951501155,1,1,0,-8.155281372254,-7.273918741808649,-8.191349934469205,-4.456094364351248
01,CRDF,2026-01-27,-31.97,6.58,0.5714285714285717,1.2531328320801949,-18.796992481203013,-18.796992481203013,1.2531328320801949,0,0.7957475684234336,1.6326530612244887,0,0,0,-18.07838179519595,7.407407407407396,4.012345679012341,-4.012345679012352
01,CVLT,2026-01-27,-31.1,13.11,0.21652003910068396,3.933910306845001,1.0059570641789417,0.6856243677644036,5.434416095313033,0.06745562130177421,0.5167309021954175,0.20650048875855376,1,1,0,-5.175688509021858,-4.523451844433312,-8.907806153674958,-2.542702943303843
01,SLE,2026-01-21,-31.04,9.15,0.10260457774269983,3.2245379473063274,1.8875344081793033,0.2949272512779988,4.22729060165159,0.40499999999999947,0.2665938864628821,0.15785319652722984,1,1,0,-7.290455318006969,1139.8687765341567,1156.2717097645698,828.2130451563102
02,GOSS,2026-02-23,-80.13,12.74,0.3769589157136808,-6.679343950558591,-1.2598050867601684,-15.307820299500829,5.229379605419537,0.6840277777777778,0.2765770946340324,0.3659466327827191,1,0,0,-7.637576431350748,-3.201733269138174,3.3461723639865326,33.919114106884926
02,MAMO,2026-02-03,-59.49,223.24,0.525,-10.266159695817489,-6.844106463878319,-20.152091254752847,-6.844106463878319,1,0.12113644398643007,0.8750000000000004,0,0,0,-6.488549618320608,-11.020408163265305,-17.551020408163275,-17.959183673469404
02,AZI,2026-02-10,-56.9,73.53,0.19354838709677413,-19.933333333333326,-29.613333333333326,-31.333333333333336,-10.840000000000005,0.08392973324658443,0.11629895554578532,0.33053763440860207,0,0,0,-40.8515406162465,-13.847319568100025,-27.770411062701285,-33.94582307255162
02,KD,2026-02-09,-54.92,36.14,0.3664122137404582,0.47214353163362865,5.051935788479689,0.47214353163362865,12.889518413597735,0.3688212927756651,0.3957899512620016,1.003816793893129,1,1,1,3.3441709242916806,1.932584269662918,22.337078651685395,4.719101123595504
02,UHG,2026-02-23,-51.68,25.13,0.11538461538461624,-0.43290043290044045,0,-0.43290043290044045,0,1,0.08447649017750757,0.03846153846153932,1,0,0,-4.149377593360999,0.43290043290042934,3.0303030303030276,1.298701298701288
02,GRAL,2026-02-20,-50.55,10.7,0.2761282660332536,-3.8526462118955385,-14.526859298977257,-17.446132459537278,-3.8526462118955385,0.21475529583637679,0.5187328856780986,0.812945368171021,0,0,0,-17.611026033690663,20.30669144981414,23.68726765799256,16.868029739776947
02,ODD,2026-02-25,-49.21,15.7,0.5269360269360269,-7.232597623089976,-6.349745331069611,-11.714770797962649,-2.3089983022071325,0.5703971119133568,0.7144644818423384,0.4663299663299664,0,0,0,-5.838170023898945,-10.551124002900636,-5.7287889775199385,-9.028281363306734
02,UPB,2026-02-11,-47.18,10.97,0.27148703956343795,-2.114597544338337,-12.824010914051842,-12.994542974079126,-2.114597544338337,0.01567398119122169,0.6346269649223267,0.21759890859481568,1,0,0,-21.763085399449047,-34.74178403755869,-33.255086071987485,-38.262910798122064
02,XPOF,2026-02-27,-47.08,16.65,0.07741935483870958,-6.58823529411764,8.94117647058823,-8.47058823529412,9.058823529411764,0.993288590604027,0.37492749323639196,0.32043010752688167,0,1,0,-11.514572384137603,19.114470842332597,25.917926565874726,24.406047516198704
02,EAF,2026-02-06,-46.21,7.45,0.0037735849056605205,-12.943262411347522,5.319148936170204,-20.449172576832154,5.79196217494089,0.9819819819819824,0.4643434174605828,0.5584905660377356,0,1,0,-14.593817397555723,-14.870931537598208,-24.691358024691358,-30.02244668911336
02,JFB,2026-02-17,-43.09,10.22,0.16327100195367017,12.43386243386242,26.13168724279833,12.43386243386242,39.32980599647264,0.5092896174863385,1.8369337979094076,0.25537259279933017,1,1,0,-6.889443419767829,-11.722209275227202,-11.559077138196216,-5.383360522022828
02,MCRB,2026-02-12,-41.66,18.77,0.07289719626168238,7.1990320629159,4.113732607380527,4.113732607380527,19.54022988505748,0,0.23576552065298045,0.4766355140186919,1,1,0,-8.530427850119569,-4.009296920395123,2.149912841371271,1.685066821615333
02,CTEV,2026-02-24,-41.58,7.41,0.10244735344336944,-3.0589949016751605,8.120903131828117,-11.944646758922072,10.779315367807719,0.8830128205128205,0.5991242163626627,0.35515082527034736,0,1,0,-13.804616054579762,-9.161333782418335,14.651397777029285,11.822162344223642
02,ICLR,2026-02-12,-39.85,33.21,0.6632302405498283,1.723061555749772,15.86964664752153,1.723061555749772,20.40829067299288,0.7570998997661207,0.3285228300570367,0.7346588119783997,1,1,1,20.888425714844,4.030172413793109,7.451508620689662,16.395474137931032
02,LASE,2026-02-06,-38.41,44.24,0.22974619289340095,3.0842817087250562,23.70113805047007,-3.941942932541631,25.00412337126836,0.9549857549857549,0.08740264158025618,0.1781725888324873,1,1,0,-14.04011461318052,5.266666666666664,2.8000000000000025,5.44
02,FLGT,2026-02-27,-38.09,9.93,0.049099836333878426,-2.5122349102773223,-7.308319738988578,-8.189233278955943,-2.5122349102773223,0.15517241379310334,0.8222961924783929,0.28477905073649734,0,0,0,-14.952851369555459,-1.51355156634988,3.20309750087997,4.0478704681450095
02,PLYX,2026-02-03,-37.29,7.33,0,3.8715769593956617,3.8715769593956617,3.8715769593956617,3.8715769593956617,,0.2918238993710692,0,1,1,0,-3.4664326458973194,-65.4090909090909,-79.25,-87.04545454545455
02,ERII,2026-02-26,-35.3,11.62,0.13675213675213688,0.5769230769230749,0.19230769230769162,-3.5576923076923173,3.605769230769229,0.5234899328859061,0.27912174423569597,0.6367521367521376,0,1,0,-3.7413394919168534,-1.87140115163148,2.9750479846449185,-1.5355086372360827
02,RUN,2026-02-27,-35.11,9.01,0.13614262560777957,-3.2306536438767797,-5.935386927122465,-9.203606311044322,-1.5026296018031626,0.42439024390243835,0.30141414617293255,0.16612641815234985,0,0,0,-19.51141112182578,-2.875399361022357,-9.504792332268364,-2.9952076677316253
02,SMWB,2026-02-18,-34.62,36.76,0.39999999999999974,-3.373015873015872,1.388888888888884,-7.539682539682535,8.730158730158744,0.5487804878048781,0.3467630730287865,0.5466666666666669,1,1,0,-1.5414258188824674,-0.391389432485334,6.457925636007822,6.066536203522488
02,ARRY,2026-02-26,-33.82,7.34,0.3344827586206898,-1.9243986254295575,4.19243986254294,-5.979381443298982,5.154639175257736,0.91358024691358,0.36866968275279155,0.5586206896551726,1,1,1,0.864936793080499,-1.121372031662271,-5.804749340369398,-10.290237467018471
02,RAL,2026-02-05,-31.79,7.64,0.2548543689320396,4.247003647733183,2.983324648254282,-0.4168837936425307,5.145909327774878,0.6112412177985953,0.549673441930567,0.5182038834951446,1,1,1,0.34272658035033765,8.994307400379498,7.805186590765345,10.613535736875402
02,SHLS,2026-02-24,-30.96,6.88,0.06645569620253135,5.040175310445583,0.07304601899196239,-1.0956902848794803,8.400292184075964,0.12307692307692313,0.4355942135488101,0.41139240506329133,1,1,0,-9.030544488711827,-13.57664233576642,-13.503649635036496,-8.321167883211666
02,CRGO,2026-02-23,-30.18,5.8,0.0674157303370787,-2.2364217252396124,-0.9584664536741117,-2.2364217252396124,3.833865814696491,0.21052631578947392,0.17153758727066082,0.21348314606741564,0,0,0,-11.806543385490743,-14.193548387096778,-14.193548387096778,-20.000000000000007
05,ENGN,2026-05-07,-80.56,28.09,0.019230769230769246,1.1627906976744207,-14.24418604651162,-15.697674418604656,1.744186046511631,0.08333333333333376,1.129362451582809,0.576923076923077,0,0,0,-25.126903553299485,-2.033898305084747,22.372881355932183,17.627118644067785
05,VRRM,2026-05-27,-70.57,18.77,0.21276595744680862,0.7792207792207684,6.883116883116891,-3.3766233766233777,9.220779220779217,0.8144329896907219,0.4935270962739943,0.22931442080378248,1,1,0,-7.6836791923723915,18.347509113001202,-0.12150668286755595,13.244228432563787
05,EMBC,2026-05-05,-57.84,14.46,0,1.538461538461533,-8.846153846153836,-8.974358974358976,3.589743589743599,0.010204081632653746,0.44590051609180664,0.4206008583690987,0,0,0,-20.691578360290013,2.250351617440205,-4.500703234880454,-18.84669479606189
05,TRDA,2026-05-07,-57.27,15.51,0.5518072289156628,-9.347826086956523,-1.521739130434785,-12.028985507246382,-0.5797101449275366,0.9177215189873413,0.4623798110036642,0.38072289156626504,1,0,1,0.03680529996318738,4.635761589403975,0.44150110375276164,-7.1376011773362835
05,PRIM,2026-05-06,-50.11,17.73,0.10104861773117273,0.261625037022406,6.5653075328265365,0.261625037022406,8.998914009280279,0.7214689265536718,0.5810588480411527,0.28122020972354594,1,1,0,-5.186876894022576,6.22568093385214,4.650731888085979,-1.06540670743005
05,MDXH,2026-05-14,-49.5,13.36,0.2846924177396276,-1.0204081632653073,-8.663265306122447,-23.469387755102044,-1.0204081632653073,0.6595454545454547,0.4511564935891851,1.5736766809728178,0,0,0,-11.385011385011385,-6.233940341861244,-6.557926488660481,-17.3276728857111
05,WGS,2026-05-05,-49.2,15.17,0.41601779755283613,-0.9932344897077838,-0.3022887577371458,-6.9382467252051105,3.3539657406074452,0.6447552447552455,0.5726229991351529,0.7953281423804222,0,0,0,-1.374154503381971,17.81692174415246,13.97632110886513,21.715275772451626
05,ATYR,2026-05-12,-44.2,6.33,0.06876371616678871,-0.9899140829286446,-25.92454239820694,-26.092641016062757,-0.9899140829286446,0.006696428571428659,0.9887885366912722,0.4915874177029992,0,0,0,-39.29282106229909,26.878466969238524,23.449319213313146,20.524457892082705
05,NGEN,2026-05-22,-43.48,149.51,0.23809523809523728,6.521739130434789,2.898550724637694,-4.1062801932366995,6.521739130434789,0.6590909090909083,0.319748452809922,1.0476190476190477,0,1,1,0.23529411764705382,-2.8169014084507116,-9.859154929577462,-13.6150234741784
05,ENHA,2026-05-26,-43.47,23.05,0.32113821138211385,-2.1996615905245376,-6.598984771573613,-19.796954314720814,-1.1844331641285955,0.7090909090909088,0.48549749283417837,0.4471544715447153,0,0,0,-13.070866141732285,9.420289855072483,2.1739130434782705,43.840579710144944
05,GOSS,2026-05-18,-43.32,9.64,0.2119613016710643,5.601659751037347,3.267634854771795,1.6078838174273802,13.537344398340245,0.13913043478260895,0.6244171236202289,0.2022867194371154,1,1,0,-11.726889824872524,0.954294324460081,9.241587142139629,0.5524861878452914
05,FWRD,2026-05-08,-43.05,11.14,0.13333333333333372,2.5342118601115127,6.386213887480974,-3.345159655347185,7.349214394323367,0.9099526066350705,0.43429177578877076,0.48505747126436755,0,1,0,-1.5709261430246229,-16.96045736064792,-16.53168175321581,-16.198189614101942
05,TLSI,2026-05-13,-41.45,37.56,0.3249097472924186,2.8037383177570208,-6.355140186915886,-9.345794392523366,4.485981308411224,0.21621621621621634,0.27446684600238497,0.26714801444043335,1,0,0,-14.138817480719798,20.55888223552895,29.14171656686626,31.137724550898206
05,PSIX,2026-05-12,-39.15,8.01,0.24758064516128994,6.752665525865464,19.020666052389103,6.305120442279866,19.33658022903777,0.9757575757575763,0.5662053792277449,0.7983870967741934,1,1,1,14.310998735777508,-14.134041141340415,-19.641672196416728,-5.164786551647871
05,BRBR,2026-05-05,-38.77,8.57,0.5325670498084295,-3.9981185324553192,4.280338664158045,-8.74882408278459,5.2681091251175705,0.9295302013422828,0.4056069806506334,0.57088122605364,1,1,1,5.120910384068288,-7.08164185836716,-14.524131709517373,-19.846639603067217
05,ARAY,2026-05-07,-38.55,6.23,0.13498098859315585,6.141839158466245,28.469630132337965,1.6966406515100063,28.673227010519152,0.9924528301886794,0.5068240856549885,0.7557034220532318,1,1,1,13.659561693185223,-17.168515583729526,-24.749075541468567,-17.960908610670888
05,IDN,2026-05-13,-38.37,7.52,0.11242603550295878,1.011235955056189,2.921348314606731,-0.8988764044943864,6.966292134831442,0.485714285714286,0.39932877745081347,0.20710059171597608,1,1,0,-10.284035259549468,-6.33187772925764,-5.676855895196498,-6.0043668122270795
05,FSLY,2026-05-07,-38.23,5.13,0.22222222222222157,3.719856336582872,5.233453052847636,0.6157003591585442,8.055413032324266,0.6206896551724156,0.3827285571625551,0.335648148148148,1,1,0,-0.8699855002416611,-7.215992198927356,-13.70063383715262,-20.06338371526085
05,RGNX,2026-05-14,-37.8,7.82,0.10663507109004758,0.08006405124099114,-8.486789431545239,-8.566853482786229,3.7630104083266724,0.006493506493506351,0.4487250564636456,0.36492890995260663,0,0,0,-19.2226148409894,-1.1373578302712128,18.28521434820647,23.00962379702538
05,PLAB,2026-05-28,-36.42,11.84,0.0011723329425546195,-0.6762716847985795,-4.9985298441634685,-6.4833872390473335,-0.29403116730374323,0.23990498812351702,0.6349871124552169,0.49355216881594294,0,0,0,-10.591490833621584,2.6307644692045606,-2.36768802228412,-4.859176725472003
05,BDTX,2026-05-22,-35.77,9.28,0.05960264900662243,3.260869565217406,1.521739130434785,0.6521739130434856,7.826086956521738,0.1212121212121213,0.2931405598554731,0.21854304635761598,1,1,0,-11.301044634377963,-3.6402569593147693,-2.569593147751603,-20.770877944325473
05,ANGI,2026-05-06,-35.22,7.62,0.17114093959731544,-0.10449320794148065,9.195402298850563,-4.28422152560084,10.971786833855779,0.8835616438356164,0.39996334840121284,0.48993288590604017,1,1,0,-0.9478672985782125,-1.8181818181818188,-6.4114832535885125,-3.349282296650713
05,FTCI,2026-05-05,-33.2,13.41,0.22222222222222204,0.7256894049346929,14.949201741654573,-6.966618287372994,17.271407837445587,0.904191616766467,0.4046017454896685,1.4273504273504274,0,1,1,9.771309771309772,10.22727272727273,6.565656565656552,8.080808080808088
05,LMB,2026-05-06,-32.55,9.08,0.1931407942238263,-1.199322122278701,-3.4350149915265193,-4.002085777603959,0.45626385086692256,0.12719298245614094,0.7179063360881542,0.2057761732851986,1,0,0,-9.45483437232612,2.4907188660141744,-2.7674654066824123,-1.3162335470806696
05,ATEC,2026-05-06,-31.67,7.57,0.08571428571428537,2.4390243902439046,11.190817790530861,2.4390243902439046,13.701578192252505,0.7770700636942678,0.6339711037162633,0.6408163265306126,1,1,1,3.6442661317285188,-9.870967741935477,-2.516129032258063,6.193548387096781
05,ZS,2026-05-27,-31.52,9.13,0.049311094996374656,0.12659229369411662,2.903710736608911,-3.228103489200096,5.364348445288392,0.7136279926335185,0.3626979206150381,0.7875271936185627,0,1,0,-1.9192338147128598,19.72935568199292,3.275411348608337,-4.05582039058896
05,PLNT,2026-05-07,-31.19,10.42,0.9380888290713323,-3.386363636363643,4.2840909090908985,-5.568181818181827,5.613636363636365,0.8810975609756097,0.6299346600191563,0.6621803499327055,1,1,1,12.615044790771856,7.7912171733682145,12.17173368203117,9.948785005993255
05,CRBP,2026-05-26,-30.31,6.46,0.11221122112211218,1.454775458570512,-1.3282732447817858,-5.060088551549658,1.454775458570512,0.5728155339805827,0.8283098507817609,0.3399339933993398,0,0,0,-8.154253753311744,1.0897435897435859,-3.141025641025641,-1.2179487179487136
05,BRCB,2026-05-13,-30.26,9.52,0.018367346938775474,4.120340091563124,-6.671026814911707,-7.2596468279921496,4.120340091563124,0.05172413793103439,0.7507645989006123,0.3551020408163264,0,0,0,-19.150141643059488,-3.293622985283806,-10.79187105816397,19.481429572529784
06,ELTX,2026-06-15,-72.53,53,0.41441441441441484,-5.961070559610704,-34.06326034063261,-34.79318734793188,-5.596107055961086,0.024999999999999842,0.3917757349779165,1.081081081081081,0,0,0,-35.55291319857313,41.697416974169734,52.02952029520296,44.28044280442804
06,ADCT,2026-06-04,-57.14,9.73,0.03846153846153849,3.409090909090895,-22.348484848484862,-23.10606060606062,3.409090909090895,0.028571428571428588,0.5412487910004998,1.3461538461538465,0,0,0,-28.819444444444446,7.804878048780495,4.878048780487809,5.365853658536612
06,SOC,2026-06-30,-55.81,24.77,0.1316725978647687,27.03583061889252,43.15960912052117,26.058631921824116,44.6254071661238,0.921052631578946,0.6288505381972739,0.4056939501779361,1,1,1,22.50871080139372,-10.352673492605224,-6.484641638225241,-5.119453924914663
06,CNTX,2026-06-15,-51.14,12.83,0.06859375000000008,0.9051788099124547,-3.071672354948818,-6.02463273482714,4.62976702774891,0.27715877437325953,0.29954410400047676,0.11218749999999995,1,0,0,-31.242105263157892,-4.654011022657678,-2.3576240048989505,-15.676668707899577
06,FULC,2026-06-02,-51.09,53.28,0.6176470588235295,-0.8000000000000007,2.2399999999999975,-0.8000000000000007,4.159999999999986,0.6129032258064507,0.23319986502722023,0.45588235294117607,1,1,1,3.565640194489461,15.179968701095481,10.015649452269182,7.9812206572769995
06,NYXH,2026-06-05,-49.65,76.02,0.2631578947368418,18.439716312056742,-3.5460992907801248,-3.5460992907801248,18.439716312056742,0,1.8516469508464206,0.8157894736842103,1,0,0,-9.333333333333327,-5.147058823529416,1.4705882352941124,13.970588235294112
06,NMRA,2026-06-15,-48.62,15.55,0.30625879043600546,0.8281573498964967,68.90051214994008,0.6973956630707212,72.71439468235808,0.9470419125435015,0.7253658662374307,2.323839662447257,1,1,1,59.33388157894738,-2.903225806451626,2.580645161290329,9.677419354838701
06,HRTX,2026-06-02,-45.6,8.78,0.0025466893039048782,2.5555555555555554,-0.911111111111107,-4.800000000000004,12.222222222222223,0.22845953002610986,0.4730221729143554,0.3251273344651952,0,0,0,-21.385754583921017,-5.830903790087472,-9.307019511101156,-13.433505270239966
06,ABVX,2026-06-02,-44.1,13.56,0.19193427931292065,12.113686534216338,24.372240618101525,11.865342163355397,26.221026490066212,0.8712157616530511,0.4489503991956779,0.7770724421209858,1,1,1,17.675086482605586,12.674025181651771,13.844361861445464,8.159077042542574
06,NNOX,2026-06-25,-43.99,8.14,0.29166666666666685,-8.882521489971351,26.64756446991403,-8.882521489971351,42.12034383954153,0.696629213483146,0.5656522193315392,1.0595238095238095,1,1,1,15.104166666666668,6.7873303167420795,18.552036199095024,-4.072398190045245
06,CMTL,2026-06-15,-42.96,6.44,0.07736389684813741,2.1778584392014633,7.622504537205077,-2.3593466424682408,10.707803992740473,0.763888888888889,0.5908590751724323,0.20630372492836668,1,1,0,-15.103793843951333,-19.39291736930859,-18.88701517706577,-29.17369308600337
06,SNWV,2026-06-16,-41.99,11.01,0.1474358974358967,0.29274004683841337,7.025761124121788,-2.166276346604201,14.98829039812648,0.5358361774744029,0.5139042212059086,0.9391025641025648,1,1,1,0.5500550055005579,-1.148796498905913,-6.345733041575496,16.520787746170672
06,HTZ,2026-06-24,-40.71,14.48,0.03921568627450984,-2.842809364548504,-10.70234113712375,-15.88628762541806,-2.006688963210701,0.37349397590361394,0.6119824913174139,0.40686274509803927,0,0,0,-22.832369942196536,-13.857677902621724,-17.790262172284642,-19.10112359550561
06,EVMN,2026-06-29,-40.23,18.33,0.01519756838905743,-4.357950765136387,-11.377245508982025,-12.109115103127067,-0.9314703925482282,0.06547619047619015,0.13966079861521702,0.5106382978723405,0,0,0,-19.8796992481203,-2.77777777777779,0,-9.98498498498499
06,UNCY,2026-06-30,-39.09,6.58,0.7777777777777785,-2.3454157782516027,12.366737739872047,-4.5842217484008625,12.686567164179108,0.9814814814814808,0.6080126004604014,0.9000000000000011,1,1,1,18.693693693693696,2.182163187855801,3.2258064516129226,-4.933586337760909
06,CGTX,2026-06-24,-38.18,6.21,0.034188034188034025,4.4334975369458185,10.83743842364533,-6.4039408866995,17.733990147783274,0.7142857142857142,0.5424607180761565,0.4188034188034189,0,1,0,-12.621359223300976,-3.111111111111109,0.4444444444444251,-2.6666666666666727
06,SRXH,2026-06-18,-37.59,8.73,0.13757396449704123,4.344328238133555,-10.458567980691868,-12.952534191472232,4.344328238133555,0.14418604651162747,0.6231874310934533,0.3180473372781066,0,0,0,-25.20161290322582,-16.71159029649595,-16.71159029649595,-16.71159029649595
06,DOMO,2026-06-16,-37.12,8.69,0.1224489795918364,0.24449877750609694,-2.4449877750611138,-10.024449877750607,4.400977995110011,0.5254237288135599,0.4329238793769775,0.6020408163265301,0,0,0,-10.538116591928246,14.786967418546372,37.84461152882206,70.92731829573935
06,OCS,2026-06-01,-36.09,19.32,0.36768149882903994,-4.866346812885536,-15.59287183002056,-15.969842357779306,-4.48937628512679,0.03283582089552221,0.44449576896203713,0.7845433255269325,0,0,0,-17.196167423096316,-4.019488428745421,-12.992285830288264,-5.481120584652855
06,NVCT,2026-06-30,-35.54,39.19,0.13449367088607617,2.1869874248223287,6.232914160743586,2.1869874248223287,10.770913067249888,0.4713375796178333,0.2989896480331263,0.4968354430379748,1,1,0,-0.07714065312419938,1.2352032938754531,-3.3710756562017608,0.7720020586721388
06,INVE,2026-06-25,-32.25,7.92,0.15294117647058816,0.8000000000000007,4.400000000000004,-0.8000000000000007,6.400000000000006,0.722222222222221,0.9951851059276696,0.42352941176470643,1,1,0,-1.416430594900853,-2.6819923371647403,0.3831417624521105,12.260536398467448
06,LAB,2026-06-08,-30.16,7.05,0.025140490979000157,0.5835609634964101,10.007449714427619,-1.291283834119683,12.304444996275144,0.8310502283105026,0.5898132090685448,0.3238686779059448,0,1,0,-8.276825922666813,2.3024830699774235,-4.074492099322802,-10.86907449209933
07,CPHI,2026-07-22,-78.89,1003.77,0.16582914572864327,-5.555555555555558,3.6111111111110983,-5.555555555555558,27.499999999999993,0.27731092436974797,0.7522790189198244,0.5979899497487438,1,1,0,-12.543962485345833,-31.63538873994639,-37.533512064343164,-34.048257372654156
07,MPLT,2026-07-27,-72.91,16.79,0.0022421524663676657,-4.104104104104101,23.023023023023015,-7.907907907907918,23.07307307307307,0.9983844911147008,0.5657157032994294,0.6939461883408075,0,1,1,0.6552006552006412,14.483319772172498,2.237591537835648,-1.1391375101708623
07,KPTI,2026-07-31,-72.61,34.18,0.1825396825396825,1.305483028720622,3.6553524804177506,-6.005221932114879,6.5274151436031325,0.7708333333333336,0.15360063354552722,0.3809523809523809,1,1,0,-6.146572104018917,-3.7783375314861534,6.297229219143574,1.2594458438287104
07,CAPR,2026-07-27,-64.49,12.4,0.5805626598465472,-3.0736240171551077,-6.218727662616164,-18.513223731236593,1.7869907076483171,0.605633802816901,0.5852165570521479,0.7263427109974424,0,0,0,-4.058500914076793,-36.128048780487795,-35.97560975609756,-41.53963414634146
07,ZONE,2026-07-29,-54.01,14.57,0.037735849056603765,27.0595690747782,9.283903675538664,0.12674271229404788,38.30798479087454,0.2398340248962654,0.5802544504938234,0.39199739752765117,1,1,0,-24.644963950185712,3.7982023775007256,-9.538996810669753,-57.98782255726298
07,MYGN,2026-07-31,-46.74,7.83,0.12222222222222265,1.9197207678882888,4.88656195462478,-4.363001745200701,8.726003490401402,0.7066666666666658,0.7889153762851076,0.8333333333333338,0,1,0,-0.9884678747940773,4.991680532445919,8.319467554076532,0.8319467554076532
07,CYCU,2026-07-31,-44.84,135.23,0,22.061996139434537,3.860565459293741,0.8970137390711841,33.98433064607698,0.08956760466712427,0.587228219216614,0.4227477150732627,1,1,0,-25.351940261965982,-15.775664152181045,-33.169345140483216,-25.888269377938123
07,CCB,2026-07-30,-43.52,17.73,0.14873906330416883,1.1791269443050645,2.684395383843463,-5.0677370797792225,8.341695935775228,0.5781103835360144,0.8619724631367734,0.275090066906845,1,1,0,-12.327299989289926,7.427314927925721,7.2685072074273105,24.138773515758615
07,SPWR,2026-07-28,-40,11.19,0.06766917293233098,7.254970352284618,4.6738751307987325,-5.824904080920823,13.916986396930575,0.5318021201413422,0.37627741845453866,0.38687628161312365,0,1,0,-14.244892127446782,0.06664445184938472,2.065978007330904,-20.99300233255581
07,ELTX,2026-07-02,-37.35,5.03,0.0940170940170943,8.78274268104775,1.6949152542372836,0.46224961479197635,9.244992295839749,0.1403508771929825,0.6726167150868184,0.48717948717948745,1,1,0,-5.240488155061023,5.151515151515174,5.757575757575761,-5.757575757575761
07,INO,2026-07-30,-36.92,20.34,0.5810126582278486,-1.6545233758348488,2.5956284153005216,-5.783242258652099,3.2179720704310855,0.9308600337268111,0.3111019435276861,0.3753164556962026,1,1,1,4.628482972136229,-1.7014351235389746,-1.4351235389850503,33.70321053410268
07,CAPR,2026-07-30,-36.23,9.51,0.9839357429718879,-3.341288782816243,-8.114558472553702,-9.307875894988083,11.217183770883054,0.05813953488372122,0.20632577459388027,0.6907630522088355,1,0,1,7.317073170731712,8.441558441558428,8.701298701298699,9.610389610389603
07,FAC,2026-07-13,-35.62,23.12,0.35670103092783517,-1.6722408026755953,1.0033444816053505,-6.856187290969906,7.35785953177257,0.5529411764705882,0.06330129417997427,0.17525773195876282,1,1,0,-9.513108614232207,-7.1192052980132425,-13.245033112582782,-21.19205298013246
07,PSN,2026-07-29,-35,10.3,0.33988641328090874,1.6438356164383716,8.019925280199258,1.6438356164383716,8.244084682440844,0.9660377358490553,0.448578862832095,0.2315421581476626,1,1,1,3.304948490442436,9.718699561909162,10.156790408116212,11.298132349550393
07,BYRN,2026-07-09,-33.67,10.92,0.042016806722688926,0.2538071065989911,-1.9035532994923776,-3.2994923857867953,5.329949238578702,0.16176470588235325,0.3932590757090962,0.285714285714286,0,0,0,-13.823857302118173,-8.92626131953429,-11.513583441138431,-12.677878395860287
07,ZBAO,2026-07-08,-32.96,60.85,0.02598752598752601,10.897959183673468,19.26530612244899,-6.69387755102041,91.51020408163266,0.2643391521197008,4.582528100966279,1.2505197505197505,0,1,0,-13.087447947650203,-1.0266940451745366,-5.681040383299107,-11.943874058863802
07,CYCU,2026-07-17,-32.68,8.25,0.20888468809073732,-1.5447667087011174,-13.177805800756627,-14.501891551071877,0.5674653215636871,0.08786610878661047,0.15564477156983011,0.4517958412098299,0,0,0,-20.862068965517242,11.583151779230217,19.17211328976036,219.78939724037767
07,YSXT,2026-07-13,-30.39,75.22,0.7877906976744193,16.219941798131423,5.253484453974577,5.253484453974577,49.22652779905039,0,2.071343951559826,4.172965116279072,1,1,1,8.545253514452698,26.77532013969732,26.77532013969732,45.51804423748544
