rank,ticker,crash_date,crash_pct_source,catalyst,announcement,crash_close_iex,close_position_in_day_range_iex,relative_volume_vs_prior20_median_iex,day1_rebound_from_crash_close_pct,day3_rebound_from_crash_close_pct,day5_rebound_from_crash_close_pct,day10_rebound_from_crash_close_pct,day20_rebound_from_crash_close_pct,day30_rebound_from_crash_close_pct,max_additional_downside_5d_pct,max_additional_downside_10d_pct,max_additional_downside_20d_pct,max_additional_downside_30d_pct,outcome_status,market_data_source,spy_crash_day_pct,spy_prior5_pct,iwm_crash_day_pct,iwm_prior5_pct,rsp_crash_day_pct,rsp_prior5_pct,qqq_crash_day_pct,qqq_prior5_pct,market_regime_5d,spy_forward1_pct,excess_vs_spy_1d_pct,spy_forward3_pct,excess_vs_spy_3d_pct,spy_forward5_pct,excess_vs_spy_5d_pct,spy_forward10_pct,excess_vs_spy_10d_pct,spy_forward20_pct,excess_vs_spy_20d_pct,spy_forward30_pct,excess_vs_spy_30d_pct,iwm_forward1_pct,excess_vs_iwm_1d_pct,iwm_forward3_pct,excess_vs_iwm_3d_pct,iwm_forward5_pct,excess_vs_iwm_5d_pct,iwm_forward10_pct,excess_vs_iwm_10d_pct,iwm_forward20_pct,excess_vs_iwm_20d_pct,iwm_forward30_pct,excess_vs_iwm_30d_pct,rsp_forward1_pct,excess_vs_rsp_1d_pct,rsp_forward3_pct,excess_vs_rsp_3d_pct,rsp_forward5_pct,excess_vs_rsp_5d_pct,rsp_forward10_pct,excess_vs_rsp_10d_pct,rsp_forward20_pct,excess_vs_rsp_20d_pct,rsp_forward30_pct,excess_vs_rsp_30d_pct
1,IMMP,2026-03-13,-82.44,Clinical Trial Results,TACTI-004 Phase III Study in First Line NSCLC to be discontinued following Futility Analysis,0.4813,0.2367,126.87,-4.45,-14.71,-20.82,-25.99,-36.73,8.35,-21.80,-26.76,-38.98,-38.98,D30_COMPLETE,Alpaca IEX daily bars,-0.56,-1.51,-0.35,-1.72,0.00,-2.30,-0.62,-1.04,MILD_RISK_OFF,1.01,-5.46,-0.11,-14.60,-2.09,-18.73,-4.27,-21.72,3.58,-40.31,7.98,0.37,0.97,-5.42,-0.21,-14.50,-1.72,-19.10,-1.40,-24.59,7.49,-44.22,12.39,-4.04,0.73,-5.18,-0.05,-14.66,-1.60,-19.22,-2.61,-23.38,2.77,-39.50,4.23,4.12
2,WNW,2026-03-17,-79.97,Offering / Dilution,Meiwu Technology Co Ltd Announces $14 Million Registered Direct Offering,0.4321,0.0044,,-53.69,-68.36,-69.87,-81.79,670.65,638.26,-76.63,-83.29,-88.91,-88.91,D30_COMPLETE,Alpaca IEX daily bars,0.27,-0.94,0.45,-1.31,0.53,-0.63,0.50,-0.67,MILD_RISK_OFF,-1.37,-52.32,-3.32,-65.04,-2.62,-67.25,-3.08,-78.71,4.32,666.33,6.09,632.17,-1.61,-52.08,-3.10,-65.26,-0.51,-69.36,-0.83,-80.96,7.74,662.91,8.80,629.46,-1.29,-52.40,-2.83,-65.53,-2.07,-67.80,-2.11,-79.68,1.90,668.75,2.23,636.03
3,ALDX,2026-03-17,-70.69,Clinical Trial Results,Aldeyra Therapeutics Receives Complete Response Letter from the U.S. Food and Drug Administration for the Reproxalap New Drug Application for the Treatment of Signs and Symptoms of Dry Eye Disease,1.2400,0.3837,15.86,14.52,45.97,50.40,37.10,48.39,22.58,-4.03,-4.03,-4.03,-4.03,D30_COMPLETE,Alpaca IEX daily bars,0.27,-0.94,0.45,-1.31,0.53,-0.63,0.50,-0.67,MILD_RISK_OFF,-1.37,15.89,-3.32,49.29,-2.62,53.02,-3.08,40.18,4.32,44.07,6.09,16.49,-1.61,16.13,-3.10,49.07,-0.51,50.91,-0.83,37.93,7.74,40.65,8.80,13.78,-1.29,15.81,-2.83,48.80,-2.07,52.47,-2.11,39.21,1.90,46.49,2.23,20.35
4,PEPG,2026-03-31,-58.16,Clinical Trial Results,"PepGen Announces Topline Results from Lowest Dose (5 mg/kg) MAD Cohort in the Ongoing Phase 2 FREEDOM2 Study Demonstrating Favorable Safety, Splicing and vHOT Data",1.7450,0.5903,31.51,-0.29,3.44,-4.87,-0.86,-10.89,2.01,-7.74,-9.46,-12.61,-12.61,D30_COMPLETE,Alpaca IEX daily bars,2.86,-0.47,3.51,-0.32,2.02,-0.04,3.37,-1.17,MILD_RISK_OFF,0.78,-1.07,1.35,2.09,3.98,-8.85,7.63,-8.49,9.46,-20.35,14.18,-12.17,0.56,-0.85,1.76,1.68,5.01,-9.88,8.64,-9.50,9.71,-20.60,13.99,-11.98,0.33,-0.62,1.07,2.37,3.21,-8.08,4.09,-4.95,4.44,-15.33,5.75,-3.74
5,AARD,2026-03-02,-56.20,Clinical Trial Results,Aardvark Therapeutics Announces Voluntary Pause of Phase 3 HERO Trial in Prader-Willi Syndrome,5.4800,0.3684,21.63,-10.58,5.02,11.59,-1.82,-33.03,-15.33,-13.14,-13.14,-38.69,-38.69,D30_COMPLETE,Alpaca IEX daily bars,0.03,0.58,0.92,1.26,-0.21,1.34,0.11,1.10,MILD_RISK_ON,-0.88,-9.70,-0.72,5.74,-1.17,12.76,-2.53,0.71,-7.92,-25.11,1.17,-16.50,-1.72,-8.86,-2.65,7.67,-3.84,15.43,-5.63,3.81,-9.17,-23.86,1.86,-17.19,-1.20,-9.38,-1.91,6.93,-2.83,14.42,-4.69,2.87,-8.06,-24.97,-2.40,-12.93
6,WVE,2026-03-26,-49.59,Clinical Trial Results,"Wave Life Sciences Announces Positive Interim Phase 1 Data from INLIGHT: Further Improvements in Body Composition, with Clinically Meaningful Reductions in Visceral Fat and Waist Circumference, at Six Months Following Single Dose of WVE-007",6.2000,0.8014,15.82,2.58,16.85,17.42,15.97,15.81,15.40,-2.90,-2.90,-2.90,-2.90,D30_COMPLETE,Alpaca IEX daily bars,-1.77,-2.24,-1.76,-0.07,-0.94,-1.20,-2.40,-3.26,MILD_RISK_OFF,-1.72,4.30,0.78,16.07,1.65,15.77,5.31,10.66,10.67,5.14,14.33,1.07,-1.74,4.32,0.24,16.61,1.57,15.85,5.62,10.35,11.79,4.02,14.87,0.53,-1.32,3.90,0.44,16.41,1.08,16.34,2.95,13.02,5.78,10.03,6.86,8.54
7,ARQ,2026-03-10,-48.75,Earnings,Arq Reports Fourth Quarter and Full Year 2025 Results,1.6400,0.2128,17.93,7.32,18.29,15.24,42.68,40.24,36.59,-0.91,-0.91,-0.91,-0.91,D30_COMPLETE,Alpaca IEX daily bars,-0.17,-0.46,-0.10,-2.26,-0.76,-2.40,-0.02,0.99,MILD_RISK_OFF,-0.12,7.44,-2.19,20.48,-0.94,16.18,-3.53,46.21,-0.17,40.41,5.03,31.56,-0.21,7.53,-2.70,20.99,-1.31,16.55,-1.81,44.49,2.77,37.47,9.12,27.47,-0.33,7.65,-1.87,20.16,-0.63,15.87,-2.69,45.37,0.40,39.84,2.66,33.93
8,IXHL,2026-03-12,-48.41,Offering / Dilution,Incannex Healthcare Inc. Announces Pricing of $10 Million Registered Direct Offering Priced At-the-Market Under Nasdaq Rules,3.1150,0.0632,3.85,4.82,6.26,0.16,10.11,0.48,28.73,-7.87,-10.59,-19.90,-19.90,D30_COMPLETE,Alpaca IEX daily bars,-1.52,-2.25,-2.14,-3.65,-1.55,-3.54,-1.71,-1.91,BROAD_RISK_OFF,-0.56,5.38,0.71,5.55,-0.93,1.09,-3.14,13.25,2.00,-1.52,7.19,21.54,-0.35,5.17,1.07,5.19,0.06,0.10,-0.01,10.12,5.61,-5.13,11.79,16.94,0.00,4.82,1.27,4.99,-0.10,0.26,-1.30,11.41,1.61,-1.13,4.40,24.33
9,BUR,2026-03-27,-47.13,Other Announcement,Burford Capital Statement Re YPF Matter,4.1300,0.1314,8.65,-2.54,2.91,8.72,8.96,14.04,15.50,-5.33,-5.33,-5.33,-5.33,D30_COMPLETE,Alpaca IEX daily bars,-1.72,-2.23,-1.74,0.32,-1.32,-1.02,-1.95,-3.36,MILD_RISK_OFF,-0.32,-2.22,3.33,-0.42,3.92,4.80,8.20,0.76,12.79,1.25,16.59,-1.09,-1.45,-1.09,2.59,0.32,3.80,4.92,9.01,-0.05,13.98,0.06,17.37,-1.87,-0.23,-2.31,2.12,0.79,2.87,5.85,5.52,3.44,7.02,7.02,8.20,7.30
10,YRD,2026-03-19,-44.84,Earnings,Yiren Digital Reports Fourth Quarter and Fiscal Year 2025 Financial Results,2.0300,0.0000,3.59,-0.25,-10.34,-16.26,-19.46,6.40,-0.74,-16.26,-20.69,-20.69,-20.69,D30_COMPLETE,Alpaca IEX daily bars,-0.25,-0.93,0.62,0.06,-0.06,-0.10,-0.31,-0.72,MILD_RISK_OFF,-1.73,1.48,-1.01,-9.33,-2.24,-14.02,-0.62,-18.84,7.61,-1.21,9.19,-9.93,-2.12,1.87,0.49,-10.83,-0.07,-16.19,1.50,-20.96,11.38,-4.98,12.81,-13.55,-1.50,1.25,-0.73,-9.61,-1.20,-15.06,-0.13,-19.33,5.07,1.33,4.90,-5.64
11,KLC,2026-03-13,-42.65,Earnings,KinderCare Reports Fourth Quarter 2025 Financial Results,1.9400,0.1707,8.62,-5.67,4.12,10.31,5.67,54.64,86.60,-9.02,-9.02,-9.02,-9.02,D30_COMPLETE,Alpaca IEX daily bars,-0.56,-1.51,-0.35,-1.72,0.00,-2.30,-0.62,-1.04,MILD_RISK_OFF,1.01,-6.68,-0.11,4.23,-2.09,12.40,-4.27,9.94,3.58,51.06,7.98,78.62,0.97,-6.64,-0.21,4.33,-1.72,12.03,-1.40,7.07,7.49,47.15,12.39,74.21,0.73,-6.40,-0.05,4.17,-1.60,11.91,-2.61,8.28,2.77,51.87,4.23,82.37
12,OWLT,2026-03-06,-38.21,Earnings,Owlet Reports Fourth Quarter and Full Year 2025 Results; Initiates 2026 Guidance,7.2550,0.1632,19.43,-13.16,-17.23,-23.29,-29.01,-29.70,-19.85,-26.95,-32.18,-38.94,-39.97,D30_COMPLETE,Alpaca IEX daily bars,-1.32,-2.00,-2.31,-4.02,-1.27,-3.35,-1.49,-1.23,BROAD_RISK_OFF,0.87,-14.03,0.58,-17.81,-1.51,-21.78,-3.56,-25.45,-2.02,-27.68,5.41,-25.26,1.10,-14.26,0.79,-18.02,-1.72,-21.57,-3.41,-25.60,0.59,-30.29,10.55,-30.40,0.33,-13.49,-0.77,-16.46,-2.30,-20.99,-3.87,-25.14,-2.12,-27.58,2.85,-22.70
13,OTLK,2026-03-24,-38.06,Offering / Dilution,Outlook Therapeutics Announces Proposed Public Offering,0.2000,0.8101,47.79,3.45,2.60,0.65,21.55,47.35,15.05,-5.25,-9.75,-9.75,-9.75,D30_COMPLETE,Alpaca IEX daily bars,-0.33,-2.62,0.56,-0.51,0.13,-2.07,-0.73,-3.25,MILD_RISK_OFF,0.54,2.91,-2.93,5.53,-0.47,1.12,3.49,18.06,8.88,38.47,12.33,2.72,1.23,2.22,-2.29,4.89,-0.32,0.97,4.67,16.88,11.13,36.22,15.27,-0.22,0.47,2.98,-1.79,4.39,-0.04,0.69,3.17,18.38,5.50,41.85,6.71,8.34
14,NSRX,2026-03-16,-38.00,Clinical Trial Results,Nasus Pharma Announces Positive Top Line Data from Phase 2 Clinical Study of NS002: Achieves Significantly Superior and Faster Epinephrine Delivery Compared to EpiPen® with Accelerated Speed to Therapeutic Threshold,3.0800,0.3529,,-9.74,-16.23,-19.32,-34.09,-26.95,-5.52,-21.75,-34.09,-34.09,-34.09,D30_COMPLETE,Alpaca IEX daily bars,1.01,-1.38,0.97,-1.85,0.73,-1.91,1.16,-1.20,MILD_RISK_OFF,0.27,-10.01,-1.36,-14.87,-2.03,-17.29,-5.52,-28.57,3.80,-30.75,6.38,-11.90,0.45,-10.19,-0.55,-15.68,-0.61,-18.71,-3.76,-30.33,7.93,-34.88,10.03,-15.55,0.53,-10.27,-0.83,-15.40,-1.68,-17.64,-3.54,-30.55,2.41,-29.36,2.97,-8.49
15,VALN,2026-03-23,-37.11,Clinical Trial Results,Pfizer and Valneva Announce Lyme Disease Vaccine Candidate Demonstrates Strong Efficacy in Phase 3 VALOR Trial,6.5000,0.0000,,0.15,0.00,-2.62,-6.46,-6.69,-17.54,-2.62,-7.08,-8.38,-20.31,D30_COMPLETE,Alpaca IEX daily bars,1.06,-2.03,2.10,-0.61,0.65,-1.68,1.05,-2.04,MILD_RISK_OFF,-0.33,0.48,-1.57,1.57,-3.56,0.94,0.59,-7.05,7.41,-14.10,10.43,-27.97,0.56,-0.41,-0.01,0.01,-3.17,0.55,2.24,-8.70,10.95,-17.64,14.22,-31.76,0.13,0.02,-0.35,0.35,-1.89,-0.73,0.94,-7.40,5.68,-12.37,6.02,-23.56
16,GLND,2026-03-27,-36.85,Contract / Partnership,Greenland Energy Company (NASDAQ: GLND) Secures a Strategic Agreement for Advanced Rig Capacity to Support the Onshore Oil Exploration Program in Greenland,8.4900,0.2407,5.19,33.10,-3.30,-9.25,-25.56,-35.81,-65.67,-16.31,-27.86,-43.88,-68.08,D30_COMPLETE,Alpaca IEX daily bars,-1.72,-2.23,-1.74,0.32,-1.32,-1.02,-1.95,-3.36,MILD_RISK_OFF,-0.32,33.42,3.33,-6.63,3.92,-13.17,8.20,-33.76,12.79,-48.60,16.59,-82.26,-1.45,34.55,2.59,-5.89,3.80,-13.05,9.01,-34.57,13.98,-49.79,17.37,-83.04,-0.23,33.33,2.12,-5.42,2.87,-12.12,5.52,-31.08,7.02,-42.83,8.20,-73.87
17,SES,2026-03-05,-36.84,Earnings,SES AI Reports Fourth Quarter and Full Year 2025 Results,1.0800,0.0833,4.74,4.17,19.44,12.96,1.39,-6.94,11.57,0.46,-1.85,-15.89,-15.89,D30_COMPLETE,Alpaca IEX daily bars,-0.54,-1.15,-1.90,-3.43,-1.12,-2.00,-0.27,-0.05,MILD_RISK_OFF,-1.32,5.49,-0.63,20.07,-2.25,15.21,-3.16,4.55,-3.76,-3.18,4.21,7.36,-2.31,6.48,-1.33,20.77,-3.65,16.61,-3.59,4.98,-2.15,-4.79,7.38,4.19,-1.27,5.44,-1.70,21.14,-3.54,16.50,-3.64,5.03,-3.77,-3.17,1.24,10.33
18,AZI,2026-03-19,-36.44,Other Announcement,Autozi Internet Technology (Global) Ltd. Announces 10 for 1 Share Consolidation,0.2871,0.0622,3.98,7.84,762.07,725.50,582.69,523.48,345.84,1.15,1.15,1.15,1.15,D30_COMPLETE,Alpaca IEX daily bars,-0.25,-0.93,0.62,0.06,-0.06,-0.10,-0.31,-0.72,MILD_RISK_OFF,-1.73,9.57,-1.01,763.08,-2.24,727.74,-0.62,583.31,7.61,515.87,9.19,336.65,-2.12,9.96,0.49,761.58,-0.07,725.57,1.50,581.19,11.38,512.10,12.81,333.03,-1.50,9.34,-0.73,762.80,-1.20,726.70,-0.13,582.82,5.07,518.41,4.90,340.94
19,MAZE,2026-03-25,-35.24,Clinical Trial Results,Maze Therapeutics Announces Positive Topline Data from Phase 2 HORIZON Trial of MZE829 Demonstrating the First Clinical Proof-of-Concept in Patients with Broad APOL1-Mediated Kidney Disease,31.7950,0.1911,15.83,-0.17,-9.07,-8.89,-12.28,-18.07,-20.05,-9.48,-14.55,-19.96,-21.84,D30_COMPLETE,Alpaca IEX daily bars,0.54,-0.73,1.23,2.36,0.47,-0.32,0.66,-1.19,MILD_RISK_ON,-1.77,1.60,-3.76,-5.31,-0.24,-8.65,3.52,-15.80,7.87,-25.94,11.39,-31.44,-1.76,1.59,-4.87,-4.20,-0.97,-7.92,4.01,-16.29,9.40,-27.47,12.08,-32.13,-0.94,0.77,-2.47,-6.60,-0.17,-8.72,2.74,-15.02,4.95,-23.02,5.55,-25.60
20,AVXL,2026-03-25,-34.61,Other Announcement,Anavex Life Sciences Provides Update on Regulatory Review in the EU for Blarcamesine to Treat Early Alzheimer’s Disease,2.7400,0.2653,6.31,4.93,3.65,12.77,11.31,21.17,14.05,-2.74,-2.74,-2.74,-2.74,D30_COMPLETE,Alpaca IEX daily bars,0.54,-0.73,1.23,2.36,0.47,-0.32,0.66,-1.19,MILD_RISK_ON,-1.77,6.70,-3.76,7.41,-0.24,13.01,3.52,7.79,7.87,13.30,11.39,2.66,-1.76,6.69,-4.87,8.52,-0.97,13.74,4.01,7.30,9.40,11.77,12.08,1.97,-0.94,5.87,-2.47,6.12,-0.17,12.94,2.74,8.57,4.95,16.22,5.55,8.50
21,MVST,2026-03-17,-34.20,Earnings,Microvast Reports 2025 Financial Results,1.5100,0.0000,11.62,13.25,6.29,5.96,-0.66,27.81,19.87,2.65,-8.94,-9.27,-9.27,D30_COMPLETE,Alpaca IEX daily bars,0.27,-0.94,0.45,-1.31,0.53,-0.63,0.50,-0.67,MILD_RISK_OFF,-1.37,14.62,-3.32,9.61,-2.62,8.58,-3.08,2.42,4.32,23.49,6.09,13.78,-1.61,14.86,-3.10,9.39,-0.51,6.47,-0.83,0.17,7.74,20.07,8.80,11.07,-1.29,14.54,-2.83,9.12,-2.07,8.03,-2.11,1.45,1.90,25.91,2.23,17.64
22,HELP,2026-03-05,-33.88,Clinical Trial Results,Helus Pharma Announces Topline Results in Phase 2 Signal Detection Study for HLP004 in Patients with Generalized Anxiety Disorder,5.6700,0.2678,24.12,-7.41,1.41,-9.70,-14.99,-9.70,-2.82,-12.70,-20.11,-24.34,-24.34,D30_COMPLETE,Alpaca IEX daily bars,-0.54,-1.15,-1.90,-3.43,-1.12,-2.00,-0.27,-0.05,MILD_RISK_OFF,-1.32,-6.09,-0.63,2.04,-2.25,-7.45,-3.16,-11.83,-3.76,-5.94,4.21,-7.03,-2.31,-5.10,-1.33,2.74,-3.65,-6.05,-3.59,-11.40,-2.15,-7.55,7.38,-10.20,-1.27,-6.14,-1.70,3.11,-3.54,-6.16,-3.64,-11.35,-3.77,-5.93,1.24,-4.06
23,AGIG,2026-03-03,-33.82,Other Announcement,"Abundia Global Impact Group to Participate in Water Tower Research Fireside Chat on Wednesday, March 4, 2026",2.2600,0.0189,5.96,-8.41,-9.29,-23.45,-22.12,-37.83,-51.55,-24.34,-24.78,-40.49,-52.43,D30_COMPLETE,Alpaca IEX daily bars,-0.88,-1.03,-1.72,-1.55,-1.20,-0.66,-1.05,-1.03,MILD_RISK_OFF,0.71,-9.12,-1.15,-8.14,-0.46,-22.99,-1.40,-20.72,-4.43,-33.40,2.86,-54.41,0.97,-9.38,-3.23,-6.06,-2.26,-21.19,-3.54,-18.58,-4.34,-33.49,3.92,-55.47,0.41,-8.82,-1.97,-7.32,-2.40,-21.05,-3.02,-19.10,-5.07,-32.76,-1.18,-50.37
24,SMCI,2026-03-20,-33.32,Other Announcement,Super Micro Computer Issues Statement on Action by U.S. Attorney's Office,20.5600,0.0748,5.21,4.96,17.12,6.66,7.34,40.18,35.75,-5.25,-5.25,-5.25,-5.25,D30_COMPLETE,Alpaca IEX daily bars,-1.73,-2.09,-2.12,-1.72,-1.50,-1.60,-1.84,-1.94,MILD_RISK_OFF,1.06,3.90,1.27,15.85,-2.23,8.89,1.60,5.74,9.30,30.88,10.73,25.02,2.10,2.86,3.93,13.19,0.32,6.34,4.14,3.20,14.45,25.73,14.68,21.07,0.65,4.31,1.25,15.87,-1.02,7.68,1.82,5.52,6.99,33.19,5.87,29.88
25,LFCR,2026-03-16,-33.26,Earnings,"Lifecore Biomedical Reports Financial Results for the Fourth Quarter and Transition Period Ended December 31, 2025, and Provides Corporate Update",4.3650,0.0637,9.98,0.11,-7.22,-7.56,-13.40,18.67,17.53,-10.65,-16.38,-16.95,-16.95,D30_COMPLETE,Alpaca IEX daily bars,1.01,-1.38,0.97,-1.85,0.73,-1.91,1.16,-1.20,MILD_RISK_OFF,0.27,-0.16,-1.36,-5.86,-2.03,-5.53,-5.52,-7.88,3.80,14.87,6.38,11.15,0.45,-0.34,-0.55,-6.67,-0.61,-6.95,-3.76,-9.64,7.93,10.74,10.03,7.50,0.53,-0.42,-0.83,-6.39,-1.68,-5.88,-3.54,-9.86,2.41,16.26,2.97,14.56
26,LNSR,2026-03-17,-32.85,M&A / Acquisition,"LENSAR® Announces Termination of Merger Agreement with Alcon Research, LLC",6.8900,0.2931,23.71,-3.85,-14.37,-19.88,-13.64,-9.14,-21.48,-19.88,-21.92,-22.06,-26.05,D30_COMPLETE,Alpaca IEX daily bars,0.27,-0.94,0.45,-1.31,0.53,-0.63,0.50,-0.67,MILD_RISK_OFF,-1.37,-2.48,-3.32,-11.05,-2.62,-17.26,-3.08,-10.56,4.32,-13.46,6.09,-27.57,-1.61,-2.24,-3.10,-11.27,-0.51,-19.37,-0.83,-12.81,7.74,-16.88,8.80,-30.28,-1.29,-2.56,-2.83,-11.54,-2.07,-17.81,-2.11,-11.53,1.90,-11.04,2.23,-23.71
27,QURE,2026-03-02,-32.82,FDA & Regulatory,uniQure Provides Regulatory Update on AMT-130 for Huntington’s Disease,10.4900,0.7238,5.62,-14.01,1.24,71.31,51.95,40.61,62.87,-16.68,-16.68,-16.68,-16.68,D30_COMPLETE,Alpaca IEX daily bars,0.03,0.58,0.92,1.26,-0.21,1.34,0.11,1.10,MILD_RISK_ON,-0.88,-13.13,-0.72,1.96,-1.17,72.48,-2.53,54.48,-7.92,48.53,1.17,61.70,-1.72,-12.29,-2.65,3.89,-3.84,75.15,-5.63,57.58,-9.17,49.78,1.86,61.01,-1.20,-12.81,-1.91,3.15,-2.83,74.14,-4.69,56.64,-8.06,48.67,-2.40,65.27
28,VRDN,2026-03-30,-32.35,Clinical Trial Results,Viridian Therapeutics Announces Positive Topline Results from Elegrobart Phase 3 REVEAL‑1 Clinical Trial in Active Thyroid Eye Disease,18.5150,0.7241,11.25,5.56,1.65,-24.71,-18.04,-26.44,-8.94,-27.84,-27.84,-28.03,-28.81,D30_COMPLETE,Alpaca IEX daily bars,-0.32,-3.56,-1.45,-3.17,-0.23,-1.89,-0.75,-5.09,MILD_RISK_OFF,2.86,2.70,3.76,-2.11,4.31,-29.02,9.86,-27.90,12.60,-39.04,16.80,-25.74,3.51,2.05,4.88,-3.23,5.59,-30.30,12.15,-30.19,14.33,-40.77,17.94,-26.88,2.02,3.54,2.67,-1.02,2.88,-27.59,6.16,-24.20,6.75,-33.19,8.35,-17.29
29,AMPG,2026-03-27,-32.08,Earnings,AmpliTech Group Reports Fiscal Year 2025 Results With 165% Revenue Growth and Strategic Expansion Into 5G Infrastructure,1.7950,0.0472,5.22,-2.51,6.41,7.52,12.81,6.96,49.86,-8.36,-8.36,-8.36,-8.36,D30_COMPLETE,Alpaca IEX daily bars,-1.72,-2.23,-1.74,0.32,-1.32,-1.02,-1.95,-3.36,MILD_RISK_OFF,-0.32,-2.19,3.33,3.08,3.92,3.60,8.20,4.61,12.79,-5.83,16.59,33.27,-1.45,-1.06,2.59,3.82,3.80,3.72,9.01,3.80,13.98,-7.02,17.37,32.49,-0.23,-2.28,2.12,4.29,2.87,4.65,5.52,7.29,7.02,-0.06,8.20,41.66
30,DTCX,2026-03-27,-31.72,Offering / Dilution,Datacentrex Announces Proposed Public Offering,2.1000,0.8358,11.60,3.81,-0.95,6.67,8.10,4.05,13.81,-3.33,-3.33,-9.05,-9.05,D30_COMPLETE,Alpaca IEX daily bars,-1.72,-2.23,-1.74,0.32,-1.32,-1.02,-1.95,-3.36,MILD_RISK_OFF,-0.32,4.13,3.33,-4.28,3.92,2.75,8.20,-0.10,12.79,-8.74,16.59,-2.78,-1.45,5.26,2.59,-3.54,3.80,2.87,9.01,-0.91,13.98,-9.93,17.37,-3.56,-0.23,4.04,2.12,-3.07,2.87,3.80,5.52,2.58,7.02,-2.97,8.20,5.61
31,ROMA,2026-03-30,-31.27,Buyback / Dividend,Roma Green Finance Limited Announces US$100.0 Million Share Repurchase Program,4.3000,0.1304,1.91,-6.51,0.93,4.65,14.42,40.00,85.58,-14.77,-14.77,-14.77,-14.77,D30_COMPLETE,Alpaca IEX daily bars,-0.32,-3.56,-1.45,-3.17,-0.23,-1.89,-0.75,-5.09,MILD_RISK_OFF,2.86,-9.37,3.76,-2.83,4.31,0.34,9.86,4.56,12.60,27.40,16.80,68.78,3.51,-10.02,4.88,-3.95,5.59,-0.94,12.15,2.27,14.33,25.67,17.94,67.64,2.02,-8.53,2.67,-1.74,2.88,1.77,6.16,8.26,6.75,33.25,8.35,77.23
32,CING,2026-03-18,-31.05,Earnings,Cingulate Inc. Reports Fourth Quarter and Full Year 2025 Financial Results and Operational Highlights,8.0000,0.0326,4.80,-5.63,-13.12,-21.00,-24.38,-34.00,-36.06,-22.50,-28.94,-36.19,-46.75,D30_COMPLETE,Alpaca IEX daily bars,-1.37,-2.19,-1.61,-2.69,-1.29,-1.59,-1.44,-2.12,MILD_RISK_OFF,-0.25,-5.38,-0.93,-12.19,-0.73,-20.27,-0.96,-23.42,6.04,-40.04,8.60,-44.66,0.62,-6.25,0.56,-13.68,2.36,-23.36,1.36,-25.74,9.73,-43.73,12.96,-49.02,-0.06,-5.57,-0.91,-12.21,-0.32,-20.68,-0.49,-23.89,3.75,-37.75,5.09,-41.15
33,FUFU,2026-03-20,-30.67,Earnings,BitFuFu Announces Unaudited 2025 Full-Year Financial Results,1.6200,0.0192,6.43,24.07,24.07,16.67,17.28,40.74,36.42,14.81,-1.23,-1.23,-1.23,D30_COMPLETE,Alpaca IEX daily bars,-1.73,-2.09,-2.12,-1.72,-1.50,-1.60,-1.84,-1.94,MILD_RISK_OFF,1.06,23.01,1.27,22.80,-2.23,18.90,1.60,15.68,9.30,31.44,10.73,25.69,2.10,21.97,3.93,20.14,0.32,16.35,4.14,13.14,14.45,26.29,14.68,21.74,0.65,23.42,1.25,22.82,-1.02,17.69,1.82,15.46,6.99,33.75,5.87,30.55
34,GSIT,2026-03-18,-30.17,M&A / Acquisition,GSI Technology Concludes Strategic Alternatives Review,5.9250,0.0121,5.27,5.15,0.59,6.50,-11.05,8.19,25.74,-6.84,-21.52,-21.52,-21.52,D30_COMPLETE,Alpaca IEX daily bars,-1.37,-2.19,-1.61,-2.69,-1.29,-1.59,-1.44,-2.12,MILD_RISK_OFF,-0.25,5.40,-0.93,1.52,-0.73,7.23,-0.96,-10.09,6.04,2.15,8.60,17.14,0.62,4.53,0.56,0.03,2.36,4.14,1.36,-12.41,9.73,-1.54,12.96,12.78,-0.06,5.21,-0.91,1.50,-0.32,6.82,-0.49,-10.56,3.75,4.44,5.09,20.65
35,DERM,2026-03-26,-30.01,Earnings,Journey Medical Corporation Reports Full-Year 2025 Financial Results and Recent Corporate Highlights,4.7850,0.0130,8.37,-4.08,-1.78,3.76,8.67,7.63,5.96,-9.82,-9.82,-9.82,-9.82,D30_COMPLETE,Alpaca IEX daily bars,-1.77,-2.24,-1.76,-0.07,-0.94,-1.20,-2.40,-3.26,MILD_RISK_OFF,-1.72,-2.36,0.78,-2.56,1.65,2.11,5.31,3.36,10.67,-3.04,14.33,-8.37,-1.74,-2.34,0.24,-2.02,1.57,2.19,5.62,3.05,11.79,-4.16,14.87,-8.91,-1.32,-2.76,0.44,-2.22,1.08,2.68,2.95,5.72,5.78,1.85,6.86,-0.90
36,LMRI,2026-03-26,-29.84,Earnings,"Lumexa Imaging Announces Fourth Quarter and Full Year 2025 Results, Reiterates Full Year 2026 Guidance",7.7850,0.0626,3.24,0.00,10.60,20.23,19.85,23.51,33.98,-5.91,-5.91,-5.91,-5.91,D30_COMPLETE,Alpaca IEX daily bars,-1.77,-2.24,-1.76,-0.07,-0.94,-1.20,-2.40,-3.26,MILD_RISK_OFF,-1.72,1.72,0.78,9.82,1.65,18.58,5.31,14.54,10.67,12.84,14.33,19.65,-1.74,1.74,0.24,10.36,1.57,18.66,5.62,14.23,11.79,11.72,14.87,19.11,-1.32,1.32,0.44,10.16,1.08,19.15,2.95,16.90,5.78,17.73,6.86,27.12
37,TGEN,2026-03-18,-29.58,Earnings,Tecogen Announces Fourth Quarter and Year-End 2025 Results,2.0450,0.1091,6.68,7.09,16.14,41.56,35.94,87.29,135.21,0.98,0.98,0.98,0.98,D30_COMPLETE,Alpaca IEX daily bars,-1.37,-2.19,-1.61,-2.69,-1.29,-1.59,-1.44,-2.12,MILD_RISK_OFF,-0.25,7.34,-0.93,17.07,-0.73,42.29,-0.96,36.90,6.04,81.25,8.60,126.61,0.62,6.47,0.56,15.58,2.36,39.20,1.36,34.58,9.73,77.56,12.96,122.25,-0.06,7.15,-0.91,17.05,-0.32,41.88,-0.49,36.43,3.75,83.54,5.09,130.12
38,VERI,2026-03-27,-29.50,Earnings,"Veritone Reports Preliminary, Unaudited Q4 2025 Results and Announces Strategic Deal with Oracle",1.8450,0.0593,3.48,-8.13,-3.25,5.69,10.57,17.62,20.87,-11.38,-11.38,-11.38,-11.38,D30_COMPLETE,Alpaca IEX daily bars,-1.72,-2.23,-1.74,0.32,-1.32,-1.02,-1.95,-3.36,MILD_RISK_OFF,-0.32,-7.81,3.33,-6.58,3.92,1.77,8.20,2.37,12.79,4.83,16.59,4.28,-1.45,-6.68,2.59,-5.84,3.80,1.89,9.01,1.56,13.98,3.64,17.37,3.50,-0.23,-7.90,2.12,-5.37,2.87,2.82,5.52,5.05,7.02,10.60,8.20,12.67
39,MVIS,2026-03-05,-29.14,Earnings,MicroVision Announces Fourth Quarter and Full Year 2025 Results,0.5526,0.1747,12.61,3.78,0.80,-2.86,24.25,15.35,18.20,-6.39,-6.39,-6.39,-6.39,D30_COMPLETE,Alpaca IEX daily bars,-0.54,-1.15,-1.90,-3.43,-1.12,-2.00,-0.27,-0.05,MILD_RISK_OFF,-1.32,5.10,-0.63,1.43,-2.25,-0.61,-3.16,27.41,-3.76,19.11,4.21,13.99,-2.31,6.09,-1.33,2.13,-3.65,0.79,-3.59,27.84,-2.15,17.50,7.38,10.82,-1.27,5.05,-1.70,2.50,-3.54,0.68,-3.64,27.89,-3.77,19.12,1.24,16.96
40,PROF,2026-03-06,-29.11,Earnings,Profound Medical Reports Fourth Quarter and Full Year 2025 Financial Results,5.2800,0.0538,15.69,-1.14,6.06,3.79,-3.98,24.43,36.27,-8.90,-8.90,-8.90,-8.90,D30_COMPLETE,Alpaca IEX daily bars,-1.32,-2.00,-2.31,-4.02,-1.27,-3.35,-1.49,-1.23,BROAD_RISK_OFF,0.87,-2.01,0.58,5.48,-1.51,5.30,-3.56,-0.42,-2.02,26.45,5.41,30.86,1.10,-2.24,0.79,5.27,-1.72,5.51,-3.41,-0.57,0.59,23.84,10.55,25.72,0.33,-1.47,-0.77,6.83,-2.30,6.09,-3.87,-0.11,-2.12,26.55,2.85,33.42
41,PSIX,2026-03-03,-28.97,Earnings,Power Solutions International Announces Fourth Quarter and Record Full Year 2025 Financial Results,60.8450,0.0337,4.03,-1.34,-14.00,-13.72,-8.46,0.07,36.66,-19.94,-19.94,-19.94,-19.94,D30_COMPLETE,Alpaca IEX daily bars,-0.88,-1.03,-1.72,-1.55,-1.20,-0.66,-1.05,-1.03,MILD_RISK_OFF,0.71,-2.05,-1.15,-12.85,-0.46,-13.26,-1.40,-7.06,-4.43,4.50,2.86,33.80,0.97,-2.31,-3.23,-10.77,-2.26,-11.46,-3.54,-4.92,-4.34,4.41,3.92,32.74,0.41,-1.75,-1.97,-12.03,-2.40,-11.32,-3.02,-5.44,-5.07,5.14,-1.18,37.84
42,ZKH,2026-03-19,-28.66,Earnings,ZKH Group Limited Announces Fourth Quarter and Fiscal Year 2025 Unaudited Financial Results,2.2300,0.0109,8.19,28.25,39.91,38.57,37.44,38.57,38.12,21.52,21.52,21.52,21.52,D30_COMPLETE,Alpaca IEX daily bars,-0.25,-0.93,0.62,0.06,-0.06,-0.10,-0.31,-0.72,MILD_RISK_OFF,-1.73,29.98,-1.01,40.92,-2.24,40.81,-0.62,38.06,7.61,30.96,9.19,28.93,-2.12,30.37,0.49,39.42,-0.07,38.64,1.50,35.94,11.38,27.19,12.81,25.31,-1.50,29.75,-0.73,40.64,-1.20,39.77,-0.13,37.57,5.07,33.50,4.90,33.22
43,ACHV,2026-03-24,-28.40,Earnings,Achieve Life Sciences Reports Fourth Quarter and Full Year 2025 Financial Results and Provides Business Updates,2.9150,0.0705,4.49,-3.26,-9.09,0.86,11.84,45.45,64.84,-9.61,-9.61,-9.61,-9.61,D30_COMPLETE,Alpaca IEX daily bars,-0.33,-2.62,0.56,-0.51,0.13,-2.07,-0.73,-3.25,MILD_RISK_OFF,0.54,-3.80,-2.93,-6.16,-0.47,1.33,3.49,8.35,8.88,36.57,12.33,52.51,1.23,-4.49,-2.29,-6.80,-0.32,1.18,4.67,7.17,11.13,34.32,15.27,49.57,0.47,-3.73,-1.79,-7.30,-0.04,0.90,3.17,8.67,5.50,39.95,6.71,58.13
44,HROW,2026-03-03,-27.96,Earnings,Harrow Announces Q4 and Full-Year 2025 Financial Results and 2026 Financial Guidance,38.6050,0.0105,7.37,1.48,-5.71,-6.50,-8.77,-8.56,0.48,-12.45,-12.52,-14.34,-14.34,D30_COMPLETE,Alpaca IEX daily bars,-0.88,-1.03,-1.72,-1.55,-1.20,-0.66,-1.05,-1.03,MILD_RISK_OFF,0.71,0.77,-1.15,-4.56,-0.46,-6.04,-1.40,-7.37,-4.43,-4.13,2.86,-2.38,0.97,0.51,-3.23,-2.48,-2.26,-4.24,-3.54,-5.23,-4.34,-4.22,3.92,-3.44,0.41,1.07,-1.97,-3.74,-2.40,-4.10,-3.02,-5.75,-5.07,-3.49,-1.18,1.66
45,GO,2026-03-05,-27.87,Earnings,Grocery Outlet Holding Corp. Announces Fourth Quarter and Fiscal 2025 Financial Results,6.3400,0.1228,5.53,3.94,-0.24,-4.26,-8.20,14.04,19.56,-10.80,-10.80,-10.80,-10.80,D30_COMPLETE,Alpaca IEX daily bars,-0.54,-1.15,-1.90,-3.43,-1.12,-2.00,-0.27,-0.05,MILD_RISK_OFF,-1.32,5.26,-0.63,0.39,-2.25,-2.01,-3.16,-5.04,-3.76,17.80,4.21,15.35,-2.31,6.25,-1.33,1.09,-3.65,-0.61,-3.59,-4.61,-2.15,16.19,7.38,12.18,-1.27,5.21,-1.70,1.46,-3.54,-0.72,-3.64,-4.56,-3.77,17.81,1.24,18.32
46,NOA,2026-03-12,-27.76,Earnings,"North American Construction Group Ltd. Announces Results for the Fourth Quarter and Year Ended December 31, 2025",12.0800,0.0000,5.01,6.21,9.19,14.16,12.75,18.63,19.99,1.74,1.74,1.74,1.74,D30_COMPLETE,Alpaca IEX daily bars,-1.52,-2.25,-2.14,-3.65,-1.55,-3.54,-1.71,-1.91,BROAD_RISK_OFF,-0.56,6.77,0.71,8.48,-0.93,15.09,-3.14,15.89,2.00,16.63,7.19,12.80,-0.35,6.56,1.07,8.12,0.06,14.10,-0.01,12.76,5.61,13.02,11.79,8.20,0.00,6.21,1.27,7.92,-0.10,14.26,-1.30,14.05,1.61,17.02,4.40,15.59
47,CSTE,2026-03-04,-27.63,Earnings,Caesarstone Reports Fourth Quarter and Full Year 2025 Financial Results,0.8900,0.0000,14.49,-8.08,-8.40,-15.76,-15.60,14.61,82.02,-17.98,-37.08,-37.08,-37.08,D30_COMPLETE,Alpaca IEX daily bars,0.71,-1.15,0.97,-1.05,0.41,-0.30,1.48,-0.97,MILD_RISK_OFF,-0.54,-7.54,-1.00,-7.40,-1.28,-14.48,-3.44,-12.16,-4.37,18.98,2.39,79.63,-1.90,-6.18,-3.10,-5.30,-3.41,-12.35,-6.01,-9.59,-4.73,19.34,3.14,78.88,-1.12,-6.96,-2.05,-6.35,-3.12,-12.64,-4.66,-10.94,-5.13,19.74,-1.09,83.11
48,FTCI,2026-03-05,-27.11,Earnings,FTC Solar Announces Fourth Quarter 2025 Financial Results,5.4000,0.4091,5.85,-22.69,-8.52,-14.81,-17.96,-32.78,-13.70,-24.91,-24.91,-34.44,-35.83,D30_COMPLETE,Alpaca IEX daily bars,-0.54,-1.15,-1.90,-3.43,-1.12,-2.00,-0.27,-0.05,MILD_RISK_OFF,-1.32,-21.37,-0.63,-7.89,-2.25,-12.56,-3.16,-14.80,-3.76,-29.02,4.21,-17.91,-2.31,-20.38,-1.33,-7.19,-3.65,-11.16,-3.59,-14.37,-2.15,-30.63,7.38,-21.08,-1.27,-21.42,-1.70,-6.82,-3.54,-11.27,-3.64,-14.32,-3.77,-29.01,1.24,-14.94
49,MAIA,2026-03-03,-27.05,Offering / Dilution,MAIA Biotechnology Announces Proposed Underwritten Public Offering of Common Stock and Pre-Funded Warrants,1.4950,0.7273,6.27,5.35,2.34,1.34,0.67,-7.02,-4.68,-7.36,-7.36,-14.72,-22.41,D30_COMPLETE,Alpaca IEX daily bars,-0.88,-1.03,-1.72,-1.55,-1.20,-0.66,-1.05,-1.03,MILD_RISK_OFF,0.71,4.64,-1.15,3.49,-0.46,1.80,-1.40,2.07,-4.43,-2.59,2.86,-7.54,0.97,4.38,-3.23,5.57,-2.26,3.60,-3.54,4.21,-4.34,-2.68,3.92,-8.60,0.41,4.94,-1.97,4.31,-2.40,3.74,-3.02,3.69,-5.07,-1.95,-1.18,-3.50
50,CSIQ,2026-03-19,-26.94,Earnings,Canadian Solar Reports Fourth Quarter and Full Year 2025 Results,13.5200,0.4228,4.47,5.36,-1.92,0.81,-1.04,-2.26,23.78,-6.21,-6.21,-12.50,-12.50,D30_COMPLETE,Alpaca IEX daily bars,-0.25,-0.93,0.62,0.06,-0.06,-0.10,-0.31,-0.72,MILD_RISK_OFF,-1.73,7.09,-1.01,-0.91,-2.24,3.05,-0.62,-0.42,7.61,-9.87,9.19,14.59,-2.12,7.48,0.49,-2.41,-0.07,0.88,1.50,-2.54,11.38,-13.64,12.81,10.97,-1.50,6.86,-0.73,-1.19,-1.20,2.01,-0.13,-0.91,5.07,-7.33,4.90,18.88
51,SGHT,2026-03-05,-26.80,Earnings,Sight Sciences Reports Fourth Quarter and Full Year 2025 Financial Results and Initiates Full Year 2026 Financial Guidance,3.9450,0.0161,2.76,-6.46,1.27,-8.24,-9.63,-10.52,3.55,-9.51,-10.77,-13.31,-13.94,D30_COMPLETE,Alpaca IEX daily bars,-0.54,-1.15,-1.90,-3.43,-1.12,-2.00,-0.27,-0.05,MILD_RISK_OFF,-1.32,-5.14,-0.63,1.90,-2.25,-5.99,-3.16,-6.47,-3.76,-6.76,4.21,-0.66,-2.31,-4.15,-1.33,2.60,-3.65,-4.59,-3.59,-6.04,-2.15,-8.37,7.38,-3.83,-1.27,-5.19,-1.70,2.97,-3.54,-4.70,-3.64,-5.99,-3.77,-6.75,1.24,2.31
52,DOUG,2026-03-13,-26.72,Earnings,Douglas Elliman Inc. Reports Fourth Quarter and Full Year 2025 Financial Results,1.7000,0.0811,4.46,-0.88,-5.88,1.76,-3.53,0.29,11.18,-7.94,-7.94,-9.71,-9.71,D30_COMPLETE,Alpaca IEX daily bars,-0.56,-1.51,-0.35,-1.72,0.00,-2.30,-0.62,-1.04,MILD_RISK_OFF,1.01,-1.89,-0.11,-5.77,-2.09,3.85,-4.27,0.74,3.58,-3.29,7.98,3.20,0.97,-1.85,-0.21,-5.67,-1.72,3.48,-1.40,-2.13,7.49,-7.20,12.39,-1.21,0.73,-1.61,-0.05,-5.83,-1.60,3.36,-2.61,-0.92,2.77,-2.48,4.23,6.95
53,PHR,2026-03-31,-26.56,Earnings,Phreesia Announces Fourth Quarter Fiscal 2026 Results,8.3850,0.5149,6.32,0.18,9.00,4.53,8.05,11.63,9.60,-3.10,-6.98,-6.98,-6.98,D30_COMPLETE,Alpaca IEX daily bars,2.86,-0.47,3.51,-0.32,2.02,-0.04,3.37,-1.17,MILD_RISK_OFF,0.78,-0.60,1.35,7.65,3.98,0.55,7.63,0.42,9.46,2.17,14.18,-4.58,0.56,-0.38,1.76,7.24,5.01,-0.48,8.64,-0.59,9.71,1.92,13.99,-4.39,0.33,-0.15,1.07,7.93,3.21,1.32,4.09,3.96,4.44,7.19,5.75,3.85
54,TBPH,2026-03-03,-26.33,Clinical Trial Results,Theravance Biopharma Reports Phase 3 CYPRESS Study Did Not Meet Primary Endpoint; Board Accelerates Strategic Review and Announces Cost Reduction Actions,13.9800,0.5148,11.94,-2.11,-2.97,0.50,-0.36,16.17,18.96,-4.94,-4.94,-4.94,-4.94,D30_COMPLETE,Alpaca IEX daily bars,-0.88,-1.03,-1.72,-1.55,-1.20,-0.66,-1.05,-1.03,MILD_RISK_OFF,0.71,-2.82,-1.15,-1.82,-0.46,0.96,-1.40,1.04,-4.43,20.60,2.86,16.10,0.97,-3.08,-3.23,0.26,-2.26,2.76,-3.54,3.18,-4.34,20.51,3.92,15.04,0.41,-2.52,-1.97,-1.00,-2.40,2.90,-3.02,2.66,-5.07,21.24,-1.18,20.14
55,DSGR,2026-03-05,-26.29,Earnings,Distribution Solutions Group Announces 2025 Full Year and Fourth Quarter Results,21.8850,0.2059,2.53,0.94,-4.41,-9.76,22.94,21.45,25.06,-9.87,-12.59,-12.59,-12.59,D30_COMPLETE,Alpaca IEX daily bars,-0.54,-1.15,-1.90,-3.43,-1.12,-2.00,-0.27,-0.05,MILD_RISK_OFF,-1.32,2.26,-0.63,-3.78,-2.25,-7.51,-3.16,26.10,-3.76,25.21,4.21,20.85,-2.31,3.25,-1.33,-3.08,-3.65,-6.11,-3.59,26.53,-2.15,23.60,7.38,17.68,-1.27,2.21,-1.70,-2.71,-3.54,-6.22,-3.64,26.58,-3.77,25.22,1.24,23.82
56,HCAT,2026-03-13,-26.26,Earnings,Health Catalyst Reports Fourth Quarter and Year End 2025 Results,1.3250,0.4528,1.42,-8.68,-12.45,-7.17,-17.36,-20.75,3.77,-21.51,-21.51,-27.92,-27.92,D30_COMPLETE,Alpaca IEX daily bars,-0.56,-1.51,-0.35,-1.72,0.00,-2.30,-0.62,-1.04,MILD_RISK_OFF,1.01,-9.69,-0.11,-12.34,-2.09,-5.08,-4.27,-13.09,3.58,-24.33,7.98,-4.21,0.97,-9.65,-0.21,-12.24,-1.72,-5.45,-1.40,-15.96,7.49,-28.24,12.39,-8.62,0.73,-9.41,-0.05,-12.40,-1.60,-5.57,-2.61,-14.75,2.77,-23.52,4.23,-0.46
57,XYF,2026-03-26,-26.19,Earnings,X Financial Reports Fourth Quarter and Fiscal Year 2025 Unaudited Financial Results,3.4150,0.0071,5.07,6.30,20.06,21.82,24.74,46.71,45.83,-2.20,-2.20,-2.20,-2.20,D30_COMPLETE,Alpaca IEX daily bars,-1.77,-2.24,-1.76,-0.07,-0.94,-1.20,-2.40,-3.26,MILD_RISK_OFF,-1.72,8.02,0.78,19.28,1.65,20.17,5.31,19.43,10.67,36.04,14.33,31.50,-1.74,8.04,0.24,19.82,1.57,20.25,5.62,19.12,11.79,34.92,14.87,30.96,-1.32,7.62,0.44,19.62,1.08,20.74,2.95,21.79,5.78,40.93,6.86,38.97
58,AREN,2026-03-17,-26.17,Earnings,"The Arena Group Reports Q4 and Full Year 2025 Results, Marking First Full Year of Positive Net Income and Major Debt Reduction",2.1900,0.0667,9.99,6.62,23.74,13.24,0.00,-15.53,5.94,2.51,-1.83,-20.55,-20.55,D30_COMPLETE,Alpaca IEX daily bars,0.27,-0.94,0.45,-1.31,0.53,-0.63,0.50,-0.67,MILD_RISK_OFF,-1.37,7.99,-3.32,27.06,-2.62,15.86,-3.08,3.08,4.32,-19.85,6.09,-0.15,-1.61,8.23,-3.10,26.84,-0.51,13.75,-0.83,0.83,7.74,-23.27,8.80,-2.86,-1.29,7.91,-2.83,26.57,-2.07,15.31,-2.11,2.11,1.90,-17.43,2.23,3.71
59,CBUS,2026-03-26,-25.78,Offering / Dilution,"Cibus, Inc. Announces Proposed Public Offering of Class A Common Stock and Pre-Funded Warrants",2.1550,0.6441,4.57,-12.99,-8.12,-8.35,-30.16,-30.39,-33.18,-23.43,-41.53,-41.53,-41.53,D30_COMPLETE,Alpaca IEX daily bars,-1.77,-2.24,-1.76,-0.07,-0.94,-1.20,-2.40,-3.26,MILD_RISK_OFF,-1.72,-11.27,0.78,-8.90,1.65,-10.00,5.31,-35.47,10.67,-41.06,14.33,-47.51,-1.74,-11.25,0.24,-8.36,1.57,-9.92,5.62,-35.78,11.79,-42.18,14.87,-48.05,-1.32,-11.67,0.44,-8.56,1.08,-9.43,2.95,-33.11,5.78,-36.17,6.86,-40.04
60,GANX,2026-03-18,-25.57,Clinical Trial Results,Gain Therapeutics Presents Additional Clinical and Biomarker Data from Phase 1b Clinical Study of GT-02287 and Preclinical Data from Novel Chemical Series at AD/PD 2026,1.9650,0.1705,2.43,-3.31,-3.31,-0.25,-1.78,4.33,-3.82,-8.65,-11.45,-11.96,-12.98,D30_COMPLETE,Alpaca IEX daily bars,-1.37,-2.19,-1.61,-2.69,-1.29,-1.59,-1.44,-2.12,MILD_RISK_OFF,-0.25,-3.06,-0.93,-2.38,-0.73,0.48,-0.96,-0.82,6.04,-1.71,8.60,-12.42,0.62,-3.93,0.56,-3.87,2.36,-2.61,1.36,-3.14,9.73,-5.40,12.96,-16.78,-0.06,-3.25,-0.91,-2.40,-0.32,0.07,-0.49,-1.29,3.75,0.58,5.09,-8.91
61,SVRN,2026-03-16,-25.48,Uplisting / Compliance,OceanPal Receives Nasdaq Staff Determination Regarding Minimum Bid Price Deficiency; Intends to Request Hearing Before Independent Panel,0.2605,0.4053,1.54,0.23,6.33,-16.20,2575.62,4356.81,3074.66,-22.46,-31.71,-31.71,-31.71,D30_COMPLETE,Alpaca IEX daily bars,1.01,-1.38,0.97,-1.85,0.73,-1.91,1.16,-1.20,MILD_RISK_OFF,0.27,-0.04,-1.36,7.69,-2.03,-14.17,-5.52,2581.14,3.80,4353.01,6.38,3068.28,0.45,-0.22,-0.55,6.88,-0.61,-15.59,-3.76,2579.38,7.93,4348.88,10.03,3064.63,0.53,-0.30,-0.83,7.16,-1.68,-14.52,-3.54,2579.16,2.41,4354.40,2.97,3071.69
62,NUVB,2026-03-03,-25.34,Earnings,Nuvation Bio Reports Fourth Quarter and Full Year 2025 Financial Results and Provides Business Update,4.3550,0.2955,3.34,8.73,5.51,7.92,0.80,-1.72,10.68,-2.07,-2.07,-7.12,-7.12,D30_COMPLETE,Alpaca IEX daily bars,-0.88,-1.03,-1.72,-1.55,-1.20,-0.66,-1.05,-1.03,MILD_RISK_OFF,0.71,8.02,-1.15,6.66,-0.46,8.38,-1.40,2.20,-4.43,2.71,2.86,7.82,0.97,7.76,-3.23,8.74,-2.26,10.18,-3.54,4.34,-4.34,2.62,3.92,6.76,0.41,8.32,-1.97,7.48,-2.40,10.32,-3.02,3.82,-5.07,3.35,-1.18,11.86
63,RHLD,2026-03-12,-25.07,Earnings,Resolute Holdings Reports Fourth Quarter and Full Year 2025 Results,114.8200,0.0441,4.80,-2.80,26.05,46.46,36.79,37.87,20.24,-10.32,-10.32,-10.32,-10.32,D30_COMPLETE,Alpaca IEX daily bars,-1.52,-2.25,-2.14,-3.65,-1.55,-3.54,-1.71,-1.91,BROAD_RISK_OFF,-0.56,-2.24,0.71,25.34,-0.93,47.39,-3.14,39.93,2.00,35.87,7.19,13.05,-0.35,-2.45,1.07,24.98,0.06,46.40,-0.01,36.80,5.61,32.26,11.79,8.45,0.00,-2.80,1.27,24.78,-0.10,46.56,-1.30,38.09,1.61,36.26,4.40,15.84
64,RANI,2026-03-27,-24.94,Earnings,Rani Therapeutics Reports Fourth Quarter and Full Year 2025 Financial Results; Provides Corporate Update,0.8101,0.0000,2.09,-5.26,-0.74,2.26,-6.04,9.67,32.70,-15.59,-15.59,-15.59,-15.59,D30_COMPLETE,Alpaca IEX daily bars,-1.72,-2.23,-1.74,0.32,-1.32,-1.02,-1.95,-3.36,MILD_RISK_OFF,-0.32,-4.94,3.33,-4.07,3.92,-1.66,8.20,-14.24,12.79,-3.12,16.59,16.11,-1.45,-3.81,2.59,-3.33,3.80,-1.54,9.01,-15.05,13.98,-4.31,17.37,15.33,-0.23,-5.03,2.12,-2.86,2.87,-0.61,5.52,-11.56,7.02,2.65,8.20,24.50
65,CBUS,2026-03-18,-24.73,Earnings,Cibus Reports Fourth Quarter Financial Results and Provides Business Update,2.7500,0.0000,1.29,-3.27,0.18,4.18,-30.18,-48.00,-49.27,-10.73,-40.00,-54.18,-54.18,D30_COMPLETE,Alpaca IEX daily bars,-1.37,-2.19,-1.61,-2.69,-1.29,-1.59,-1.44,-2.12,MILD_RISK_OFF,-0.25,-3.02,-0.93,1.11,-0.73,4.91,-0.96,-29.22,6.04,-54.04,8.60,-57.87,0.62,-3.89,0.56,-0.38,2.36,1.82,1.36,-31.54,9.73,-57.73,12.96,-62.23,-0.06,-3.21,-0.91,1.09,-0.32,4.50,-0.49,-29.69,3.75,-51.75,5.09,-54.36
66,TME,2026-03-17,-24.65,Earnings,Tencent Music Entertainment Group Announces Fourth Quarter and Full-Year 2025 Unaudited Financial Results,11.3700,0.0240,5.92,-9.41,-11.08,-13.19,-18.38,-12.97,-20.62,-16.23,-19.44,-22.69,-22.69,D30_COMPLETE,Alpaca IEX daily bars,0.27,-0.94,0.45,-1.31,0.53,-0.63,0.50,-0.67,MILD_RISK_OFF,-1.37,-8.04,-3.32,-7.76,-2.62,-10.57,-3.08,-15.30,4.32,-17.29,6.09,-26.71,-1.61,-7.80,-3.10,-7.98,-0.51,-12.68,-0.83,-17.55,7.74,-20.71,8.80,-29.42,-1.29,-8.12,-2.83,-8.25,-2.07,-11.12,-2.11,-16.27,1.90,-14.87,2.23,-22.85
67,CMTL,2026-03-17,-24.54,Earnings,Comtech Announces Financial Results for Second Quarter of Fiscal 2026,3.6350,0.6975,4.48,-7.02,-0.69,-2.48,-8.39,3.16,-3.71,-10.59,-19.39,-19.39,-19.39,D30_COMPLETE,Alpaca IEX daily bars,0.27,-0.94,0.45,-1.31,0.53,-0.63,0.50,-0.67,MILD_RISK_OFF,-1.37,-5.65,-3.32,2.63,-2.62,0.14,-3.08,-5.31,4.32,-1.16,6.09,-9.80,-1.61,-5.41,-3.10,2.41,-0.51,-1.97,-0.83,-7.56,7.74,-4.58,8.80,-12.51,-1.29,-5.73,-2.83,2.14,-2.07,-0.41,-2.11,-6.28,1.90,1.26,2.23,-5.94
68,SVC,2026-03-31,-24.30,Offering / Dilution,Service Properties Trust Announces $500 Million Underwritten Public Offering of Common Shares,1.3550,0.5570,4.74,-13.65,-3.32,-5.54,2.58,10.70,21.77,-15.13,-15.13,-15.13,-15.13,D30_COMPLETE,Alpaca IEX daily bars,2.86,-0.47,3.51,-0.32,2.02,-0.04,3.37,-1.17,MILD_RISK_OFF,0.78,-14.43,1.35,-4.67,3.98,-9.52,7.63,-5.05,9.46,1.24,14.18,7.59,0.56,-14.21,1.76,-5.08,5.01,-10.55,8.64,-6.06,9.71,0.99,13.99,7.78,0.33,-13.98,1.07,-4.39,3.21,-8.75,4.09,-1.51,4.44,6.26,5.75,16.02
69,SLND,2026-03-27,-24.22,Earnings,Southland Announces Fourth Quarter & Full Year 2025 Results,1.1950,0.7306,3.88,50.63,14.23,13.81,-7.95,-13.81,5.44,-5.44,-14.64,-16.32,-19.65,D30_COMPLETE,Alpaca IEX daily bars,-1.72,-2.23,-1.74,0.32,-1.32,-1.02,-1.95,-3.36,MILD_RISK_OFF,-0.32,50.95,3.33,10.90,3.92,9.89,8.20,-16.15,12.79,-26.60,16.59,-11.15,-1.45,52.08,2.59,11.64,3.80,10.01,9.01,-16.96,13.98,-27.79,17.37,-11.93,-0.23,50.86,2.12,12.11,2.87,10.94,5.52,-13.47,7.02,-20.83,8.20,-2.76
70,GPRO,2026-03-06,-24.00,Earnings,GoPro Announces Fourth Quarter and 2025 Results,0.7702,0.0190,4.35,4.60,-0.60,-5.69,-17.62,1.29,66.84,-9.09,-22.96,-22.96,-22.96,D30_COMPLETE,Alpaca IEX daily bars,-1.32,-2.00,-2.31,-4.02,-1.27,-3.35,-1.49,-1.23,BROAD_RISK_OFF,0.87,3.73,0.58,-1.18,-1.51,-4.18,-3.56,-14.06,-2.02,3.31,5.41,61.43,1.10,3.50,0.79,-1.39,-1.72,-3.97,-3.41,-14.21,0.59,0.70,10.55,56.29,0.33,4.27,-0.77,0.17,-2.30,-3.39,-3.87,-13.75,-2.12,3.41,2.85,63.99
71,JILL,2026-03-31,-23.40,Earnings,"J.Jill, Inc. Announces Fourth Quarter and Full Year 2025 Results",11.5050,0.5815,13.06,-2.78,0.22,0.17,6.82,9.69,2.52,-9.34,-9.34,-9.34,-9.34,D30_COMPLETE,Alpaca IEX daily bars,2.86,-0.47,3.51,-0.32,2.02,-0.04,3.37,-1.17,MILD_RISK_OFF,0.78,-3.56,1.35,-1.13,3.98,-3.81,7.63,-0.81,9.46,0.23,14.18,-11.66,0.56,-3.34,1.76,-1.54,5.01,-4.84,8.64,-1.82,9.71,-0.02,13.99,-11.47,0.33,-3.11,1.07,-0.85,3.21,-3.04,4.09,2.73,4.44,5.25,5.75,-3.23
72,SKYX,2026-03-27,-23.40,Earnings,SKYX Reports Another Record Quarter with Revenue of$25 Million in Q-4 Demonstrating 8 Consecutive Quarters of Year Over Year Growth with Annual Record Revenue of $92 Million in 2025 Compared to $86 Million in 2024 as it Continues to Grow its Market Penetration,1.1950,0.0392,3.24,-8.37,-4.60,-3.77,-4.18,-14.64,0.84,-9.21,-9.21,-17.07,-17.07,D30_COMPLETE,Alpaca IEX daily bars,-1.72,-2.23,-1.74,0.32,-1.32,-1.02,-1.95,-3.36,MILD_RISK_OFF,-0.32,-8.05,3.33,-7.93,3.92,-7.69,8.20,-12.38,12.79,-27.43,16.59,-15.75,-1.45,-6.92,2.59,-7.19,3.80,-7.57,9.01,-13.19,13.98,-28.62,17.37,-16.53,-0.23,-8.14,2.12,-6.72,2.87,-6.64,5.52,-9.70,7.02,-21.66,8.20,-7.36
73,TDUP,2026-03-03,-23.35,Earnings,ThredUp Announces Fourth Quarter and Full Year 2025 Results,3.8300,0.1962,3.48,4.31,-4.70,-2.61,-8.36,-14.36,10.44,-10.18,-11.62,-19.45,-19.45,D30_COMPLETE,Alpaca IEX daily bars,-0.88,-1.03,-1.72,-1.55,-1.20,-0.66,-1.05,-1.03,MILD_RISK_OFF,0.71,3.60,-1.15,-3.55,-0.46,-2.15,-1.40,-6.96,-4.43,-9.93,2.86,7.58,0.97,3.34,-3.23,-1.47,-2.26,-0.35,-3.54,-4.82,-4.34,-10.02,3.92,6.52,0.41,3.90,-1.97,-2.73,-2.40,-0.21,-3.02,-5.34,-5.07,-9.29,-1.18,11.62
74,KLTO,2026-03-04,-23.35,M&A / Acquisition,"KLOTHO NEUROSCIENCES ACQUIRES GREENLAND MINES CORP., SECURING CONTROL OF A $68 BILLION PALLADIUM, GOLD, PLATINUM, AND CRITICAL MINERAL DEPOSIT IN THE WORLD'S MOST STRATEGICALLY VITAL EMERGING TRADE CORRIDOR",0.4217,0.1436,46.98,-0.38,13.71,23.31,,,,-12.26,,,,INCOMPLETE,Alpaca IEX daily bars,0.71,-1.15,0.97,-1.05,0.41,-0.30,1.48,-0.97,MILD_RISK_OFF,-0.54,0.16,-1.00,14.71,-1.28,24.59,-3.44,,-4.37,,2.39,,-1.90,1.52,-3.10,16.81,-3.41,26.72,-6.01,,-4.73,,3.14,,-1.12,0.74,-2.05,15.76,-3.12,26.43,-4.66,,-5.13,,-1.09,
75,HRZN,2026-03-04,-23.32,Earnings,Horizon Technology Finance Announces Fourth Quarter and Full Year 2025 Financial Results,4.6900,0.1889,5.22,-1.49,-11.09,-9.38,-7.68,-11.09,-5.12,-15.25,-15.25,-15.25,-15.25,D30_COMPLETE,Alpaca IEX daily bars,0.71,-1.15,0.97,-1.05,0.41,-0.30,1.48,-0.97,MILD_RISK_OFF,-0.54,-0.95,-1.00,-10.09,-1.28,-8.10,-3.44,-4.24,-4.37,-6.72,2.39,-7.51,-1.90,0.41,-3.10,-7.99,-3.41,-5.97,-6.01,-1.67,-4.73,-6.36,3.14,-8.26,-1.12,-0.37,-2.05,-9.04,-3.12,-6.26,-4.66,-3.02,-5.13,-5.96,-1.09,-4.03
76,SER,2026-03-24,-22.86,Other Announcement,Serina Therapeutics to Present at the 38th Annual Roth Conference,2.4600,0.1261,48.22,22.97,-7.93,-21.14,-19.51,-19.51,-26.02,-28.25,-28.25,-28.25,-28.25,D30_COMPLETE,Alpaca IEX daily bars,-0.33,-2.62,0.56,-0.51,0.13,-2.07,-0.73,-3.25,MILD_RISK_OFF,0.54,22.43,-2.93,-5.00,-0.47,-20.67,3.49,-23.00,8.88,-28.39,12.33,-38.35,1.23,21.74,-2.29,-5.64,-0.32,-20.82,4.67,-24.18,11.13,-30.64,15.27,-41.29,0.47,22.50,-1.79,-6.14,-0.04,-21.10,3.17,-22.68,5.50,-25.01,6.71,-32.73
77,SRI,2026-03-12,-22.58,Earnings,Stoneridge Reports Fourth Quarter and Full-Year 2025 Results,5.9350,0.5251,6.17,-2.53,-5.39,-7.58,-13.40,-4.80,9.94,-9.01,-14.24,-22.49,-22.49,D30_COMPLETE,Alpaca IEX daily bars,-1.52,-2.25,-2.14,-3.65,-1.55,-3.54,-1.71,-1.91,BROAD_RISK_OFF,-0.56,-1.97,0.71,-6.10,-0.93,-6.65,-3.14,-10.26,2.00,-6.80,7.19,2.75,-0.35,-2.18,1.07,-6.46,0.06,-7.64,-0.01,-13.39,5.61,-10.41,11.79,-1.85,0.00,-2.53,1.27,-6.66,-0.10,-7.48,-1.30,-12.10,1.61,-6.41,4.40,5.54
78,PICS,2026-03-19,-22.49,Earnings,PicPay Announces Fourth Quarter and Full Year 2025 Results,12.2750,0.0550,8.33,-6.31,-10.14,-7.62,-12.59,16.33,-5.95,-16.09,-19.35,-19.35,-19.35,D30_COMPLETE,Alpaca IEX daily bars,-0.25,-0.93,0.62,0.06,-0.06,-0.10,-0.31,-0.72,MILD_RISK_OFF,-1.73,-4.58,-1.01,-9.13,-2.24,-5.38,-0.62,-11.97,7.61,8.72,9.19,-15.14,-2.12,-4.19,0.49,-10.63,-0.07,-7.55,1.50,-14.09,11.38,4.95,12.81,-18.76,-1.50,-4.81,-0.73,-9.41,-1.20,-6.42,-0.13,-12.46,5.07,11.26,4.90,-10.85
79,MLKN,2026-03-26,-22.37,Earnings,"MillerKnoll, Inc. Reports Third Quarter Fiscal 2026 Results",15.0200,0.6154,7.11,0.07,-3.79,-3.60,2.50,17.11,8.66,-7.82,-7.82,-7.82,-7.82,D30_COMPLETE,Alpaca IEX daily bars,-1.77,-2.24,-1.76,-0.07,-0.94,-1.20,-2.40,-3.26,MILD_RISK_OFF,-1.72,1.79,0.78,-4.57,1.65,-5.25,5.31,-2.81,10.67,6.44,14.33,-5.67,-1.74,1.81,0.24,-4.03,1.57,-5.17,5.62,-3.12,11.79,5.32,14.87,-6.21,-1.32,1.39,0.44,-4.23,1.08,-4.68,2.95,-0.45,5.78,11.33,6.86,1.80
80,AEYE,2026-03-06,-22.36,Earnings,AudioEye Reports Record Fourth Quarter and Full Year 2025 Results,6.1100,0.0000,1.88,-4.42,-3.27,-6.55,-9.49,2.95,18.25,-9.98,-10.64,-11.95,-11.95,D30_COMPLETE,Alpaca IEX daily bars,-1.32,-2.00,-2.31,-4.02,-1.27,-3.35,-1.49,-1.23,BROAD_RISK_OFF,0.87,-5.29,0.58,-3.85,-1.51,-5.04,-3.56,-5.93,-2.02,4.97,5.41,12.84,1.10,-5.52,0.79,-4.06,-1.72,-4.83,-3.41,-6.08,0.59,2.36,10.55,7.70,0.33,-4.75,-0.77,-2.50,-2.30,-4.25,-3.87,-5.62,-2.12,5.07,2.85,15.40
81,SRFM,2026-03-13,-22.34,Earnings,Surf Air Mobility Reports Fourth Quarter and Full Year 2025 Financial Results and Announces Guidance for 2026,1.4650,0.0423,5.52,-2.73,-4.10,-10.24,-25.26,-18.43,-23.55,-11.95,-25.60,-28.67,-28.67,D30_COMPLETE,Alpaca IEX daily bars,-0.56,-1.51,-0.35,-1.72,0.00,-2.30,-0.62,-1.04,MILD_RISK_OFF,1.01,-3.74,-0.11,-3.99,-2.09,-8.15,-4.27,-20.99,3.58,-22.01,7.98,-31.53,0.97,-3.70,-0.21,-3.89,-1.72,-8.52,-1.40,-23.86,7.49,-25.92,12.39,-35.94,0.73,-3.46,-0.05,-4.05,-1.60,-8.64,-2.61,-22.65,2.77,-21.20,4.23,-27.78
82,MDB,2026-03-03,-22.24,Earnings,"MongoDB, Inc. Announces Fourth Quarter Fiscal 2026 Financial Results",252.6000,0.6744,4.36,-1.82,7.10,7.17,7.80,-3.12,-3.40,-2.71,-2.71,-8.92,-14.35,D30_COMPLETE,Alpaca IEX daily bars,-0.88,-1.03,-1.72,-1.55,-1.20,-0.66,-1.05,-1.03,MILD_RISK_OFF,0.71,-2.53,-1.15,8.25,-0.46,7.63,-1.40,9.20,-4.43,1.31,2.86,-6.26,0.97,-2.79,-3.23,10.33,-2.26,9.43,-3.54,11.34,-4.34,1.22,3.92,-7.32,0.41,-2.23,-1.97,9.07,-2.40,9.57,-3.02,10.82,-5.07,1.95,-1.18,-2.22
83,ZEPP,2026-03-16,-22.13,Earnings,Zepp Health Corporation Reports Fourth Quarter and Full Year 2025 Unaudited Financial Results,15.9900,0.0370,7.02,-4.41,-11.91,-12.10,-32.15,-11.07,6.13,-17.32,-32.46,-32.46,-32.46,D30_COMPLETE,Alpaca IEX daily bars,1.01,-1.38,0.97,-1.85,0.73,-1.91,1.16,-1.20,MILD_RISK_OFF,0.27,-4.68,-1.36,-10.55,-2.03,-10.07,-5.52,-26.63,3.80,-14.87,6.38,-0.25,0.45,-4.86,-0.55,-11.36,-0.61,-11.49,-3.76,-28.39,7.93,-19.00,10.03,-3.90,0.53,-4.94,-0.83,-11.08,-1.68,-10.42,-3.54,-28.61,2.41,-13.48,2.97,3.16
84,QRHC,2026-03-13,-22.07,Earnings,Quest Resource Holding Corporation Reports Fourth Quarter and Fiscal Year 2025 Financial Results,1.1650,0.3000,3.13,-9.44,-25.32,-15.18,-0.43,0.43,-3.43,-29.18,-29.18,-29.18,-29.18,D30_COMPLETE,Alpaca IEX daily bars,-0.56,-1.51,-0.35,-1.72,0.00,-2.30,-0.62,-1.04,MILD_RISK_OFF,1.01,-10.45,-0.11,-25.21,-2.09,-13.09,-4.27,3.84,3.58,-3.15,7.98,-11.41,0.97,-10.41,-0.21,-25.11,-1.72,-13.46,-1.40,0.97,7.49,-7.06,12.39,-15.82,0.73,-10.17,-0.05,-25.27,-1.60,-13.58,-2.61,2.18,2.77,-2.34,4.23,-7.66
85,TE,2026-03-31,-21.89,Earnings,T1 Energy Reports Fourth Quarter and Full-Year 2025 Results,4.3900,0.3028,2.60,1.94,-7.74,-5.01,21.64,11.50,27.56,-14.81,-14.81,-14.81,-14.81,D30_COMPLETE,Alpaca IEX daily bars,2.86,-0.47,3.51,-0.32,2.02,-0.04,3.37,-1.17,MILD_RISK_OFF,0.78,1.16,1.35,-9.09,3.98,-8.99,7.63,14.01,9.46,2.04,14.18,13.38,0.56,1.38,1.76,-9.50,5.01,-10.02,8.64,13.00,9.71,1.79,13.99,13.57,0.33,1.61,1.07,-8.81,3.21,-8.22,4.09,17.55,4.44,7.06,5.75,21.81
86,RPID,2026-03-12,-21.80,Earnings,Rapid Micro Biosystems Reports Record Fourth Quarter and Full Year 2025 Financial Results and Provides 2026 Guidance,3.4250,0.2155,1.28,-17.08,-15.18,-27.74,-33.28,-37.96,-33.14,-28.32,-34.60,-41.31,-41.31,D30_COMPLETE,Alpaca IEX daily bars,-1.52,-2.25,-2.14,-3.65,-1.55,-3.54,-1.71,-1.91,BROAD_RISK_OFF,-0.56,-16.52,0.71,-15.89,-0.93,-26.81,-3.14,-30.14,2.00,-39.96,7.19,-40.33,-0.35,-16.73,1.07,-16.25,0.06,-27.80,-0.01,-33.27,5.61,-43.57,11.79,-44.93,0.00,-17.08,1.27,-16.45,-0.10,-27.64,-1.30,-31.98,1.61,-39.57,4.40,-37.54
87,DPRO,2026-03-25,-21.80,Earnings,Draganfly Reports Record Q4 and Year End Results,4.9400,0.1244,2.18,-4.25,-10.53,-1.21,2.73,24.80,5.97,-11.94,-11.94,-11.94,-11.94,D30_COMPLETE,Alpaca IEX daily bars,0.54,-0.73,1.23,2.36,0.47,-0.32,0.66,-1.19,MILD_RISK_ON,-1.77,-2.48,-3.76,-6.77,-0.24,-0.97,3.52,-0.79,7.87,16.93,11.39,-5.42,-1.76,-2.49,-4.87,-5.66,-0.97,-0.24,4.01,-1.28,9.40,15.40,12.08,-6.11,-0.94,-3.31,-2.47,-8.06,-0.17,-1.04,2.74,-0.01,4.95,19.85,5.55,0.42
88,DGXX,2026-03-13,-21.55,Other Announcement,Hans Vestberg Co-Founds Next Phase of US Data Centers Inc. with Digi Power X to Deploy Modular AI Infrastructure at Scale,2.2300,0.0120,2.41,11.43,8.52,4.48,-7.17,13.45,49.33,0.45,-8.97,-16.59,-16.59,D30_COMPLETE,Alpaca IEX daily bars,-0.56,-1.51,-0.35,-1.72,0.00,-2.30,-0.62,-1.04,MILD_RISK_OFF,1.01,10.42,-0.11,8.63,-2.09,6.57,-4.27,-2.90,3.58,9.87,7.98,41.35,0.97,10.46,-0.21,8.73,-1.72,6.20,-1.40,-5.77,7.49,5.96,12.39,36.94,0.73,10.70,-0.05,8.57,-1.60,6.08,-2.61,-4.56,2.77,10.68,4.23,45.10
89,VELO,2026-03-25,-21.38,Earnings,Velo3D Announces Fourth Quarter and Full-Year 2025 Financial Results; Unveils Long-Term Capacity Plan Envisioning up to Approximately 400 Production Systems,10.6000,0.3687,3.47,-5.94,-18.07,-8.96,3.25,58.21,15.42,-21.08,-21.08,-21.08,-21.08,D30_COMPLETE,Alpaca IEX daily bars,0.54,-0.73,1.23,2.36,0.47,-0.32,0.66,-1.19,MILD_RISK_ON,-1.77,-4.17,-3.76,-14.31,-0.24,-8.72,3.52,-0.27,7.87,50.34,11.39,4.03,-1.76,-4.18,-4.87,-13.20,-0.97,-7.99,4.01,-0.76,9.40,48.81,12.08,3.34,-0.94,-5.00,-2.47,-15.60,-0.17,-8.79,2.74,0.51,4.95,53.26,5.55,9.87
90,ZNTL,2026-03-27,-21.35,Earnings,Zentalis Pharmaceuticals Reports Full Year 2025 Financial Results and Operational Updates,2.1000,0.0118,2.83,2.38,22.38,28.10,165.48,100.95,96.19,-1.43,-1.43,-1.43,-1.43,D30_COMPLETE,Alpaca IEX daily bars,-1.72,-2.23,-1.74,0.32,-1.32,-1.02,-1.95,-3.36,MILD_RISK_OFF,-0.32,2.70,3.33,19.05,3.92,24.18,8.20,157.28,12.79,88.16,16.59,79.60,-1.45,3.83,2.59,19.79,3.80,24.30,9.01,156.47,13.98,86.97,17.37,78.82,-0.23,2.61,2.12,20.26,2.87,25.23,5.52,159.96,7.02,93.93,8.20,87.99
91,NTSK,2026-03-12,-21.27,Earnings,Netskope Announces Strong Fourth Quarter and Fiscal Year 2026 Financial Results,9.5450,0.7807,8.11,2.04,-0.79,-0.52,-11.05,-9.22,0.84,-2.78,-12.83,-19.70,-19.70,D30_COMPLETE,Alpaca IEX daily bars,-1.52,-2.25,-2.14,-3.65,-1.55,-3.54,-1.71,-1.91,BROAD_RISK_OFF,-0.56,2.60,0.71,-1.50,-0.93,0.41,-3.14,-7.91,2.00,-11.22,7.19,-6.35,-0.35,2.39,1.07,-1.86,0.06,-0.58,-0.01,-11.04,5.61,-14.83,11.79,-10.95,0.00,2.04,1.27,-2.06,-0.10,-0.42,-1.30,-9.75,1.61,-10.83,4.40,-3.56
92,RAIL,2026-03-10,-21.06,Earnings,"FreightCar America, Inc. Reports Fourth Quarter and Full Year 2025 Results",10.1100,0.4048,5.39,-5.54,-17.95,-20.72,-20.57,-15.03,-12.86,-21.51,-22.16,-23.74,-23.74,D30_COMPLETE,Alpaca IEX daily bars,-0.17,-0.46,-0.10,-2.26,-0.76,-2.40,-0.02,0.99,MILD_RISK_OFF,-0.12,-5.42,-2.19,-15.76,-0.94,-19.78,-3.53,-17.04,-0.17,-14.86,5.03,-17.89,-0.21,-5.33,-2.70,-15.25,-1.31,-19.41,-1.81,-18.76,2.77,-17.80,9.12,-21.98,-0.33,-5.21,-1.87,-16.08,-0.63,-20.09,-2.69,-17.88,0.40,-15.43,2.66,-15.52
93,TAYD,2026-03-31,-20.93,Earnings,TAYLOR DEVICES ANNOUNCES THIRD QUARTER AND NINE-MONTH RESULTS INCLUDING RECORD HIGH NINE-MONTH SALES,57.8600,0.0000,2.18,0.52,-11.23,-9.32,-6.84,-2.53,-13.00,-13.58,-14.19,-14.19,-14.19,D30_COMPLETE,Alpaca IEX daily bars,2.86,-0.47,3.51,-0.32,2.02,-0.04,3.37,-1.17,MILD_RISK_OFF,0.78,-0.26,1.35,-12.58,3.98,-13.30,7.63,-14.47,9.46,-11.99,14.18,-27.18,0.56,-0.04,1.76,-12.99,5.01,-14.33,8.64,-15.48,9.71,-12.24,13.99,-26.99,0.33,0.19,1.07,-12.30,3.21,-12.53,4.09,-10.93,4.44,-6.97,5.75,-18.75
94,TPB,2026-03-02,-20.79,Earnings,Turning Point Brands Announces Fourth Quarter and Full Year 2025 Results,108.0200,0.1897,7.07,-0.31,-14.60,-14.09,-14.61,-20.29,-24.70,-20.58,-20.58,-22.73,-38.97,D30_COMPLETE,Alpaca IEX daily bars,0.03,0.58,0.92,1.26,-0.21,1.34,0.11,1.10,MILD_RISK_ON,-0.88,0.57,-0.72,-13.88,-1.17,-12.92,-2.53,-12.08,-7.92,-12.37,1.17,-25.87,-1.72,1.41,-2.65,-11.95,-3.84,-10.25,-5.63,-8.98,-9.17,-11.12,1.86,-26.56,-1.20,0.89,-1.91,-12.69,-2.83,-11.26,-4.69,-9.92,-8.06,-12.23,-2.40,-22.30
95,PLX,2026-03-18,-20.79,Earnings,Protalix BioTherapeutics Reports Fiscal Year 2025 Financial and Business Results,2.2150,0.5870,1.11,0.45,-3.84,-2.03,-2.03,3.39,-3.39,-8.35,-8.35,-8.35,-8.35,D30_COMPLETE,Alpaca IEX daily bars,-1.37,-2.19,-1.61,-2.69,-1.29,-1.59,-1.44,-2.12,MILD_RISK_OFF,-0.25,0.70,-0.93,-2.91,-0.73,-1.30,-0.96,-1.07,6.04,-2.65,8.60,-11.99,0.62,-0.17,0.56,-4.40,2.36,-4.39,1.36,-3.39,9.73,-6.34,12.96,-16.35,-0.06,0.51,-0.91,-2.93,-0.32,-1.71,-0.49,-1.54,3.75,-0.36,5.09,-8.48
96,ACNT,2026-03-04,-20.60,Earnings,Ascent Industries Co. Announces Fourth Quarter and Full Year 2025 Results,13.8050,0.0000,7.51,-2.64,-4.09,-7.79,-10.03,-4.85,0.94,-7.93,-10.39,-12.35,-12.35,D30_COMPLETE,Alpaca IEX daily bars,0.71,-1.15,0.97,-1.05,0.41,-0.30,1.48,-0.97,MILD_RISK_OFF,-0.54,-2.10,-1.00,-3.09,-1.28,-6.51,-3.44,-6.59,-4.37,-0.48,2.39,-1.45,-1.90,-0.74,-3.10,-0.99,-3.41,-4.38,-6.01,-4.02,-4.73,-0.12,3.14,-2.20,-1.12,-1.52,-2.05,-2.04,-3.12,-4.67,-4.66,-5.37,-5.13,0.28,-1.09,2.03
97,AP,2026-03-17,-20.60,Earnings,Ampco-Pittsburgh Corporation (NYSE: AP) Announces Fourth Quarter and Full Year 2025 Results,6.5650,0.8972,3.48,-4.34,4.19,11.27,2.67,34.96,55.06,-8.30,-8.30,-8.30,-8.30,D30_COMPLETE,Alpaca IEX daily bars,0.27,-0.94,0.45,-1.31,0.53,-0.63,0.50,-0.67,MILD_RISK_OFF,-1.37,-2.97,-3.32,7.51,-2.62,13.89,-3.08,5.75,4.32,30.64,6.09,48.97,-1.61,-2.73,-3.10,7.29,-0.51,11.78,-0.83,3.50,7.74,27.22,8.80,46.26,-1.29,-3.05,-2.83,7.02,-2.07,13.34,-2.11,4.78,1.90,33.06,2.23,52.83
98,NFE,2026-03-18,-20.33,Other Announcement,New Fortress Energy Schedules Informational Call,0.9181,0.1585,6.63,-3.13,-12.83,-22.67,-35.99,-25.15,-24.65,-26.13,-39.52,-39.52,-39.52,D30_COMPLETE,Alpaca IEX daily bars,-1.37,-2.19,-1.61,-2.69,-1.29,-1.59,-1.44,-2.12,MILD_RISK_OFF,-0.25,-2.88,-0.93,-11.90,-0.73,-21.94,-0.96,-35.03,6.04,-31.19,8.60,-33.25,0.62,-3.75,0.56,-13.39,2.36,-25.03,1.36,-37.35,9.73,-34.88,12.96,-37.61,-0.06,-3.07,-0.91,-11.92,-0.32,-22.35,-0.49,-35.50,3.75,-28.90,5.09,-29.74
99,COOK,2026-03-06,-20.25,Earnings,Traeger Announces Fourth Quarter and Full Year 2025 Results,0.6114,0.0462,2.46,-14.93,0.29,6.31,4789.60,5132.25,6961.66,-19.04,-19.04,-19.04,-19.04,D30_COMPLETE,Alpaca IEX daily bars,-1.32,-2.00,-2.31,-4.02,-1.27,-3.35,-1.49,-1.23,BROAD_RISK_OFF,0.87,-15.80,0.58,-0.29,-1.51,7.82,-3.56,4793.16,-2.02,5134.27,5.41,6956.25,1.10,-16.03,0.79,-0.50,-1.72,8.03,-3.41,4793.01,0.59,5131.66,10.55,6951.11,0.33,-15.26,-0.77,1.06,-2.30,8.61,-3.87,4793.47,-2.12,5134.37,2.85,6958.81
100,BARK,2026-03-20,-20.25,Other Announcement,BARK Determines Not to Pursue Transaction Following Review of Previously Disclosed Proposals,0.6461,0.2333,14.37,-3.22,-9.80,-16.00,1423.76,1480.25,1352.56,-16.89,-22.67,-22.67,-22.67,D30_COMPLETE,Alpaca IEX daily bars,-1.73,-2.09,-2.12,-1.72,-1.50,-1.60,-1.84,-1.94,MILD_RISK_OFF,1.06,-4.28,1.27,-11.07,-2.23,-13.77,1.60,1422.16,9.30,1470.95,10.73,1341.83,2.10,-5.32,3.93,-13.73,0.32,-16.32,4.14,1419.62,14.45,1465.80,14.68,1337.88,0.65,-3.87,1.25,-11.05,-1.02,-14.98,1.82,1421.94,6.99,1473.26,5.87,1346.69
