month,rank,ticker,crash_date,crash_pct,crash_relative_volume,rsp_prior5_pct,crash_low,crash_high,crash_close,crash_midpoint,day1_date,day1_open,day1_low,day1_close,day1_gap_pct,rule_hold_crash_low,rule_close_above_midpoint,rule_gap_gt_minus5
01,3,CRGX,2025-01-30,-74.30,65.99,0.21,3.005,3.485,3.375,3.245,2025-01-31,3.375,3.375,3.375,0,true,true,true
01,8,XTIA,2025-01-08,-55.74,9.48,0.34,0.048,0.0603,0.0502,0.05415,2025-01-10,7.33,3.88,7.24,14501.59,true,true,true
01,9,SABS,2025-01-28,-52.52,88.16,-0.4,2.02,2.51,2.1,2.265,2025-01-29,2.21,2.21,2.27,5.24,true,true,true
01,15,EVTL,2025-01-23,-42.35,18.08,2.54,5.1,5.985,5.29,5.5425,2025-01-24,5.65,5.27,5.6,6.81,true,true,true
01,20,SLRN,2025-01-07,-36.96,8.16,0.42,1.925,2.36,2.21,2.1425,2025-01-08,2.155,2.01,2.15,-2.49,true,true,true
02,3,SEPN,2025-02-18,-46.99,21.27,0.93,4.19,6.875,6.855,5.5325,2025-02-19,6.99,5.35,5.58,1.97,true,true,true
02,6,TH,2025-02-24,-46.05,25.13,-0.6,4,5.33,5.085,4.665,2025-02-25,5.025,5.025,5.46,-1.18,true,true,true
02,13,ATOM,2025-02-12,-38.50,5.91,-0.9,4.555,5.49,5.31,5.0225,2025-02-13,5.33,5,6.64,0.38,true,true,true
02,21,BILL,2025-02-07,-35.52,11.05,-0.6,62.06,67.37,62.08,64.715,2025-02-10,63.26,62.2,64.965,1.9,true,true,true
02,26,OTLY,2025-02-12,-34.15,16.71,-0.9,0.3023,0.6081,0.3927,0.4552,2025-02-13,0.4471,0.4011,0.5333,13.85,true,true,true
02,29,FMC,2025-02-05,-33.53,11.32,0.27,34.04,36.89,35.92,35.465,2025-02-06,36.24,35.64,35.65,0.89,true,true,true
02,41,THRD,2025-02-11,-30.11,68.95,0.18,3.21,3.54,3.25,3.375,2025-02-12,3.38,3.355,3.54,4,true,true,true
03,32,GYRE,2025-03-18,-30.21,6.46,1.27,8.49,11.45,8.525,9.97,2025-03-19,8.84,8.84,10.28,3.7,true,true,true
05,8,SLE,2025-05-09,-53.90,104.02,0.37,0.1452,0.175,0.1525,0.1601,2025-05-12,0.163,0.1602,0.1602,6.89,true,true,true
05,11,IOVA,2025-05-09,-44.79,11.04,0.37,1.65,1.985,1.745,1.8175,2025-05-12,1.855,1.795,1.925,6.3,true,true,true
05,12,URGN,2025-05-21,-44.69,10.31,-0.57,3.5,4.165,4.165,3.8325,2025-05-22,4.08,3.885,4.055,-2.04,true,true,true
05,27,VSTS,2025-05-07,-37.54,7.15,1.25,5.205,5.855,5.43,5.53,2025-05-08,5.52,5.52,6.26,1.66,true,true,true
05,29,SYTA,2025-05-21,-36.39,32.99,-0.57,4.39,6.275,5.19,5.3325,2025-05-22,5.115,4.96,6.47,-1.45,true,true,true
05,30,DPRO,2025-05-02,-32.52,116.86,2.67,1.69,1.97,1.92,1.83,2025-05-05,1.92,1.855,1.91,0,true,true,true
05,33,SLE,2025-05-29,-31.41,24.83,0.52,0.1254,0.1583,0.1578,0.14185,2025-05-30,0.1644,0.145,0.1895,4.18,true,true,true
05,38,ONTO,2025-05-09,-30.21,5.6,0.37,85.93,100.005,88.45,92.9675,2025-05-12,93.75,91.71,93.5,5.99,true,true,true
06,1,SBET,2025-06-13,-71.69,26.07,-0.75,9.075,11.555,9.195,10.315,2025-06-16,10.84,10.58,13.35,17.89,true,true,true
06,6,ALT,2025-06-26,-53.18,10.24,1.63,2.9,3.82,3.605,3.36,2025-06-27,3.64,3.385,3.495,0.97,true,true,true
06,9,SRPT,2025-06-16,-42.12,10.52,0.2,18.305,21.52,20.94,19.9125,2025-06-17,21.105,20.72,21.52,0.79,true,true,true
06,10,UNCY,2025-06-10,-40.88,55.92,0.91,0.471,0.72,0.5238,0.5955,2025-06-11,0.61,0.6,0.63,16.46,true,true,true
06,17,CBUS,2025-06-05,-34.32,7.22,0.36,1.525,1.75,1.54,1.6375,2025-06-06,1.64,1.545,1.645,6.49,true,true,true
06,19,DPRO,2025-06-11,-33.15,174.41,0.82,2.09,2.48,2.47,2.285,2025-06-12,2.485,2.29,2.415,0.61,true,true,true
07,1,REPL,2025-07-22,-77.24,35.2,2.15,2.68,3.56,2.805,3.12,2025-07-23,2.795,2.71,3.335,-0.36,true,true,true
07,15,RXST,2025-07-09,-37.84,13.94,0.49,6.32,8.07,7.94,7.195,2025-07-10,7.76,7.75,8.47,-2.27,true,true,true
07,25,EVTL,2025-07-09,-30.22,14.03,0.49,4.655,5,4.845,4.8275,2025-07-10,5,4.955,5.035,3.2,true,true,true
08,8,VKTX,2025-08-19,-42.12,5.72,0.95,23.24,26.205,24.34,24.7225,2025-08-20,24.605,24.605,25.69,1.09,true,true,true
08,10,TZUP,2025-08-11,-38.87,8.11,-0.67,9.41,10.51,9.43,9.96,2025-08-12,9.545,9.48,10.11,1.22,true,true,true
08,15,OMI,2025-08-11,-34.70,7.39,-0.67,4.565,6.125,4.625,5.345,2025-08-12,4.645,4.645,5.47,0.43,true,true,true
08,16,JHX,2025-08-20,-34.44,13.53,-0.53,17.915,20.47,18.64,19.1925,2025-08-21,18.51,18.32,19.78,-0.7,true,true,true
08,18,FNKO,2025-08-08,-32.79,7.73,0.85,2.23,2.78,2.46,2.505,2025-08-11,2.57,2.54,2.78,4.47,true,true,true
08,23,IBTA,2025-08-14,-30.28,10.56,1.93,22.51,24.72,23.59,23.615,2025-08-15,23.74,23.7,24.12,0.64,true,true,true
09,1,MLTX,2025-09-29,-89.93,43.63,0.38,5.95,7.08,6.25,6.515,2025-09-30,6.405,6.08,7.17,2.48,true,true,true
09,5,ZONE,2025-09-02,-52.92,541.23,-0.47,2.705,3.88,3.165,3.2925,2025-09-03,3.04,2.72,3.48,-3.95,true,true,true
09,14,BYND,2025-09-29,-36.14,13.81,0.38,1.235,2.22,1.8,1.7275,2025-09-30,1.81,1.665,1.915,0.56,true,true,true
09,15,SNPS,2025-09-10,-35.84,18.48,0.35,380.905,428.125,388.27,404.515,2025-09-11,415.965,405.755,439.08,7.13,true,true,true
10,4,ARCT,2025-10-22,-50.17,12.74,0.51,9.19,11.67,11.57,10.43,2025-10-23,11.4,10.95,11.99,-1.47,true,true,true
10,15,COCH,2025-10-08,-41.50,96.5,0.43,0.8726,1,0.935,0.9363,2025-10-09,0.9483,0.9301,0.9496,1.42,true,true,true
11,5,ELDN,2025-11-07,-49.76,5.15,-0.18,1.435,2.145,2.06,1.79,2025-11-10,2.03,2,2.245,-1.46,true,true,true
11,8,VOR,2025-11-11,-47.66,33.68,1.9,9,10.2,9.83,9.6,2025-11-12,10.03,9.77,10.09,2.03,true,true,true
11,21,AVXL,2025-11-14,-35.94,8.96,-0.12,2.93,4.125,3.645,3.5275,2025-11-17,3.495,3.32,3.575,-4.12,true,true,true
12,1,MREO,2025-12-29,-87.65,20.16,0.35,0.2,0.2984,0.2856,0.2492,2025-12-30,0.3,0.2671,0.3686,5.04,true,true,true
12,2,RZLT,2025-12-11,-87.20,55.7,1.64,1.075,1.61,1.4,1.3425,2025-12-12,1.46,1.46,1.805,4.29,true,true,true
12,7,CORT,2025-12-31,-50.42,15.69,-0.81,33,38.885,34.79,35.9425,2026-01-02,35.65,35.46,38.12,2.47,true,true,true
12,10,MNTS,2025-12-15,-44.88,7.61,1.44,0.4432,0.5939,0.4663,0.51855,2025-12-16,0.5051,0.4811,0.5263,8.32,true,true,true
12,12,RARE,2025-12-29,-42.32,13.7,0.35,18.435,20.47,19.715,19.4525,2025-12-30,19.84,19.84,22.78,0.63,true,true,true
12,16,PLCE,2025-12-17,-36.87,5.13,-0.7,4.365,5.075,4.62,4.72,2025-12-18,4.725,4.6,4.795,2.27,true,true,true
