rank,ticker,crash_date,crash_pct,catalyst,announcement,source
1,MLTX,09/29/2025,-89.93,Clinical Trial Results,MoonLake Immunotherapeutics reports on week 16 results of the VELA Phase 3 hidradenitis suppurativa program with the Nanobody® sonelokimab,StockTitan 2025-09 losers final board
2,SDM,09/26/2025,-86.41,Crypto & Treasury,Smart Digital Group Announces Plan To Establish A Diversified Cryptocurrency Asset Pool,StockTitan 2025-09 losers final board
3,ATYR,09/15/2025,-83.17,Clinical Trial Results,aTyr Pharma Announces Topline Results from Phase 3 EFZO-FIT™ Study of Efzofitimod in Pulmonary Sarcoidosis,StockTitan 2025-09 losers final board
4,JZXN,09/29/2025,-60.27,Offering / Dilution,"Jiuzi Holdings, Inc. Announces Pricing of $5.5 Million Registered Direct Offering and Concurrent Private Placement",StockTitan 2025-09 losers final board
5,ZONE,09/02/2025,-52.92,Offering / Dilution,"CleanCore Solutions (NYSE: ZONE) Announces $175,000,420 Private Placement to Build the Official Dogecoin Treasury Founded by the Dogecoin Foundation and the House of Doge, Inc.",StockTitan 2025-09 losers final board
6,NFE,09/08/2025,-42.86,Earnings,New Fortress Energy Announces Second Quarter 2025 Results,StockTitan 2025-09 losers final board
7,NAKA,09/10/2025,-40.59,Other Announcement,KindlyMD Subsidiary Nakamoto Announces $30 Million Investment in Metaplanet,StockTitan 2025-09 losers final board
8,OCTO,09/10/2025,-39.98,Offering / Dilution,Eightco Holdings Inc. Closes $270 Million Private Placement as First Worldcoin (WLD) Treasury Strategy,StockTitan 2025-09 losers final board
9,REPL,09/18/2025,-39.40,FDA & Regulatory,Replimune Provides Update Following Type A Meeting with FDA,StockTitan 2025-09 losers final board
10,SWIN,09/03/2025,-37.91,M&A / Acquisition,SOLOWIN HOLDINGS Announces Intent to Acquire U.S. Licensed Bank to Accelerate Global Financial Expansion,StockTitan 2025-09 losers final board
11,KUKE,09/26/2025,-37.29,M&A / Acquisition,Kuke Music Holding Limited Announces Strategic Acquisition of Controlling Interest in Naxos Music Group,StockTitan 2025-09 losers final board
12,LASE,09/02/2025,-37.19,Other Announcement,Laser Photonics Announces Warrant Exchange,StockTitan 2025-09 losers final board
13,RENT,09/12/2025,-36.38,Earnings,"Rent the Runway, Inc. Announces Second Quarter 2025 Results",StockTitan 2025-09 losers final board
14,BYND,09/29/2025,-36.14,Other Announcement,Beyond Meat Launches Exchange Offer and Consent Solicitation Intended to Eliminate Over $800 Million of Debt with Existing Noteholder Support,StockTitan 2025-09 losers final board
15,SNPS,09/10/2025,-35.84,Earnings,Synopsys Posts Financial Results for Third Quarter Fiscal Year 2025,StockTitan 2025-09 losers final board
16,LRMR,09/29/2025,-33.66,Other Announcement,Larimar Therapeutics Announces Conference Call on the Nomlabofusp Program for the Treatment of Friedreich’s Ataxia,StockTitan 2025-09 losers final board
17,HSDT,09/22/2025,-33.61,Crypto & Treasury,"Helius (NASDAQ:HSDT) Begins Purchases of SOL, the Native Asset of Solana Blockchain",StockTitan 2025-09 losers final board
18,EVTV,09/15/2025,-32.84,Other Announcement,"Envirotech Vehicles, Inc. Unveils America’s First 1,500 Pound Lift Drone With Agricultural Spray And Fire Protection Capabilities",StockTitan 2025-09 losers final board
19,HUHU,09/22/2025,-32.76,Earnings,HUHUTECH International Group Inc. Announces First Half of Fiscal Year 2025 Financial Results,StockTitan 2025-09 losers final board
20,JZXN,09/24/2025,-32.72,Crypto & Treasury,"Following the Appointment of Dr. Doug Buerger as COO, Jiuzi Holdings, Inc.'s Board Endorses Crypto Asset Investment Policy Allowing Up to $1 Billion Deployment",StockTitan 2025-09 losers final board
21,DAVA,09/04/2025,-30.67,Clinical Trial Results,Endava Announces Fourth Quarter Fiscal Year 2025 & Fiscal Year 2025 Results,StockTitan 2025-09 losers final board
22,ATCH,09/30/2025,-29.95,Earnings,AtlasClear Holdings Announces Fourth Quarter and Full Year Fiscal 2025 Financial Results and Corporate Update,StockTitan 2025-09 losers final board
23,SIDU,09/15/2025,-28.70,Offering / Dilution,Sidus Space Announces Proposed Public Offering,StockTitan 2025-09 losers final board
24,INDP,09/05/2025,-28.35,Clinical Trial Results,Indaptus Therapeutics Provides Clinical Update,StockTitan 2025-09 losers final board
25,ASST,09/16/2025,-27.97,M&A / Acquisition,Strive Announces Acquisition of MSTR True North Inc. Appoints Jeff Walton as Chief Risk Officer & CEO of True North,StockTitan 2025-09 losers final board
26,COCH,09/22/2025,-27.90,Offering / Dilution,Envoy Medical Announces $2.5 Million Registered Direct Offering Priced At-the-Market Under Nasdaq Rules,StockTitan 2025-09 losers final board
27,FGNX,09/08/2025,-27.83,Clinical Trial Results,Fundamental Global Inc. Amends its Charter with the State of Nevada,StockTitan 2025-09 losers final board
28,ALMU,09/10/2025,-27.47,Earnings,Aeluma Announces Fourth Quarter and Full Fiscal Year 2025 Financial Results,StockTitan 2025-09 losers final board
29,ASST,09/15/2025,-26.74,M&A / Acquisition,"Strive, Inc. Announces Completion of Merger Between Asset Entities and Strive Enterprises, Inc.",StockTitan 2025-09 losers final board
30,SCYX,09/30/2025,-26.67,Clinical Trial Results,"SCYNEXIS Announces Positive Results from a Phase 1, Single Ascending Dose and Multiple Ascending Dose Study of its Second-Generation Fungerp (SCY-247)",StockTitan 2025-09 losers final board
31,CNM,09/09/2025,-25.36,Earnings,Core & Main Announces Fiscal 2025 Second Quarter Results,StockTitan 2025-09 losers final board
32,CURV,09/05/2025,-25.21,Earnings,Torrid Reports Second Quarter 2025 Results,StockTitan 2025-09 losers final board
33,SMMT,09/08/2025,-25.15,Clinical Trial Results,"Ivonescimab Plus Chemotherapy Demonstrates Consistent Global Benefit: HARMONi Data Update Shows OS HR=0.78, Nominal P=0.0332",StockTitan 2025-09 losers final board
34,HAIN,09/15/2025,-24.65,Earnings,Hain Celestial Reports Fiscal Fourth Quarter and Fiscal Year 2025 Financial Results,StockTitan 2025-09 losers final board
35,XTIA,09/12/2025,-24.63,Offering / Dilution,XTI Aerospace Announces Proposed Public Offering,StockTitan 2025-09 losers final board
36,YOUL,09/10/2025,-24.20,Other Announcement,"Youlife Group Inc. to Host Its Virtual Investor Event on September 18, 2025",StockTitan 2025-09 losers final board
37,MFH,09/04/2025,-23.18,Crypto & Treasury,"Mercurity Fintech’s Chief Strategy Officer and Director, Wilfred Daye, Discusses Digital Asset Infrastructure and Business Objectives on Bloomberg TV’s New to The Street",StockTitan 2025-09 losers final board
38,AACT,09/23/2025,-22.11,,Kodiak and Ares Acquisition Corporation II Have Raised Over $275 Million to Support Proposed Business Combination Following Redemptions,StockTitan 2025-09 losers final board
39,ELUT,09/09/2025,-21.54,M&A / Acquisition,Elutia Announces Sale of BioEnvelope Business to Boston Scientific Corporation for $88 Million,StockTitan 2025-09 losers final board
40,FARM,09/12/2025,-21.46,Earnings,Farmer Brothers Coffee Reports Fourth Quarter and Full Year Fiscal 2025 Financial Results,StockTitan 2025-09 losers final board
41,ANGX,09/18/2025,-21.34,Other Announcement,"Trinity Capital Inc. Provides $100 Million in Growth Capital to Angel, Expanding its Global Impact in Values-Driven Entertainment",StockTitan 2025-09 losers final board
42,KEQU,09/11/2025,-21.23,Earnings,Kewaunee Scientific Reports Results for First Quarter of Fiscal Year 2026,StockTitan 2025-09 losers final board
43,EVTV,09/16/2025,-21.17,Contract / Partnership,"Envirotech Vehicles, Inc. And Its Wholly Owned Subsidiary Maddox Industries Manufacture 5 Million Isolation Gowns For The U.S. Government As Part of 35 Million Gown Contract - Driving American-Made Infrastructure",StockTitan 2025-09 losers final board
44,FEIM,09/12/2025,-21.02,Earnings,"Frequency Electronics, Inc. Announces First Quarter Fiscal Year 2026 Financial Results",StockTitan 2025-09 losers final board
45,SPRB,09/15/2025,-20.97,Other Announcement,Spruce Biosciences Resumes Trading on the Nasdaq Capital Market,StockTitan 2025-09 losers final board
46,PMVP,09/10/2025,-20.63,Clinical Trial Results,PMV Pharmaceuticals Announces Promising Rezatapopt Monotherapy Interim Data From PYNNACLE Phase 2 Trial Across Multiple Solid Tumors With a TP53 Y220C Mutation,StockTitan 2025-09 losers final board
47,LWAY,09/18/2025,-20.43,Other Announcement,Lifeway Foods Issues Statement in Response to Danone,StockTitan 2025-09 losers final board
48,HYFT,09/15/2025,-20.36,Other Announcement,"MindWalk Holdings Corp.™ (formerly ImmunoPrecise Antibodies™) Reports Record $7.6 Million Quarterly Revenue, 45% Growth, Margin Expansion, Narrowed Losses, and Strengthened Balance Sheet",StockTitan 2025-09 losers final board
49,ABTC,09/04/2025,-20.27,Crypto & Treasury,American Bitcoin Expands Bitcoin Mining Operations by 2.4x from ~10 EH/s to ~24 EH/s,StockTitan 2025-09 losers final board
50,RAPP,09/10/2025,-20.09,Offering / Dilution,Rapport Announces Pricing of Public Offering of Common Stock,StockTitan 2025-09 losers final board
51,KMX,09/25/2025,-20.07,Earnings,CarMax Reports Second Quarter Fiscal Year 2026 Results,StockTitan 2025-09 losers final board
52,FIG,09/04/2025,-19.92,Earnings,Figma Announces Second Quarter 2025 Financial Results,StockTitan 2025-09 losers final board
53,LUCD,09/10/2025,-19.69,Offering / Dilution,Lucid Diagnostics Announces Proposed Public Offering of Common Stock,StockTitan 2025-09 losers final board
54,BNC,09/22/2025,-19.50,Buyback / Dividend,CEA Industries Board Authorizes $250 Million Stock Buyback Program,StockTitan 2025-09 losers final board
55,LGCY,09/26/2025,-18.91,Earnings,Legacy Education Reports Strong Fiscal 2025 Results with 40% Revenue Growth and Record Enrollment,StockTitan 2025-09 losers final board
56,NEXT,09/10/2025,-18.62,Other Announcement,NextDecade Announces Positive Final Investment Decision and Financial Close on Train 4 at Rio Grande LNG,StockTitan 2025-09 losers final board
57,LULU,09/05/2025,-18.58,Earnings,lululemon athletica inc. Announces Second Quarter Fiscal 2025 Results,StockTitan 2025-09 losers final board
58,IPA,09/02/2025,-18.57,Other Announcement,ImmunoPrecise Antibodies to Participate at H.C. Wainwright's 27th Annual Global Investment Conference in New York,StockTitan 2025-09 losers final board
59,RENB,09/25/2025,-18.54,Clinical Trial Results,"Lunai Bioworks Advances Biomarker Discovery Preclinical Program in Parkinson's Disease, Positioning for Strategic Pharma Partnerships",StockTitan 2025-09 losers final board
60,HLLY,09/10/2025,-18.53,Offering / Dilution,Holley Performance Brands Announces the Launch of a Secondary Offering by Selling Stockholder,StockTitan 2025-09 losers final board
61,DEFT,09/25/2025,-18.39,Contract / Partnership,"DeFi Technologies Announces Strategic Investment and Partnership with Canada's Stablecorp, Backer of QCAD Canadian-Dollar Stablecoin",StockTitan 2025-09 losers final board
62,IDT,09/30/2025,-18.38,Earnings,IDT Corporation Reports Fourth Quarter and Fiscal Year 2025 Results,StockTitan 2025-09 losers final board
63,TONX,09/08/2025,-18.35,Buyback / Dividend,"TON Strategy Company Publishes Chairman’s Message, Outlines Growth Strategy and Opportunity",StockTitan 2025-09 losers final board
64,HFFG,09/26/2025,-18.34,Offering / Dilution,HF Foods Group Inc. Announces $100 Million At-The-Market (ATM) Equity Offering Program,StockTitan 2025-09 losers final board
65,AOUT,09/05/2025,-18.12,Earnings,"American Outdoor Brands, Inc. Reports First Quarter Fiscal 2026 Financial Results",StockTitan 2025-09 losers final board
66,MAMO,09/30/2025,-18.12,Other Announcement,Massimo Group Introduces MVR Series with Enclosed HVAC Golf and Utility Carts,StockTitan 2025-09 losers final board
67,ZBAI,09/18/2025,-18.05,M&A / Acquisition,ATIF Holdings Limited enters into non-binding Letter of Intent to acquire Mask Global Market Co. Ltd.,StockTitan 2025-09 losers final board
68,RBRK,09/10/2025,-18.05,Earnings,Rubrik Reports Second Quarter Fiscal Year 2026 Financial Results,StockTitan 2025-09 losers final board
69,MNY,09/19/2025,-18.02,Earnings,MoneyHero Group Reports Second Quarter 2025 Results,StockTitan 2025-09 losers final board
70,EGRX,09/18/2025,-17.85,Other Announcement,Eagle Pharmaceuticals Announces Availability of Proxy Materials and Audited Financial Statements for the 2023 and 2024 Fiscal Years,StockTitan 2025-09 losers final board
71,NAKA,09/11/2025,-17.81,Other Announcement,KindlyMD Approved for Options Trading on Nasdaq,StockTitan 2025-09 losers final board
72,CIFR,09/25/2025,-17.54,Crypto & Treasury,"Cipher Mining Signs 168 MW, 10-Year AI Hosting Agreement with Fluidstack",StockTitan 2025-09 losers final board
73,WATT,09/10/2025,-17.45,Offering / Dilution,Energous Announces Registered Direct Offering and Concurrent Warrant Exercise for $5 Million in Gross Proceeds Priced At-the-Market Under Nasdaq Rules,StockTitan 2025-09 losers final board
74,CCCC,09/22/2025,-17.41,Clinical Trial Results,C4 Therapeutics Presents Cemsidomide Phase 1 Multiple Myeloma Data Supporting Potential Best-in-Class Profile at the International Myeloma Society Annual Meeting,StockTitan 2025-09 losers final board
75,PSNY,09/03/2025,-17.29,Earnings,Polestar Reports Revenue Growth of 56% in the First Half of 2025,StockTitan 2025-09 losers final board
76,CGC,09/02/2025,-17.22,Offering / Dilution,Canopy Growth Establishes New US$200 Million At-The-Market Program to Strengthen the Company’s Financial Position,StockTitan 2025-09 losers final board
77,QMCO,09/11/2025,-16.98,Earnings,Quantum Reports Fiscal First Quarter 2026 Financial Results,StockTitan 2025-09 losers final board
78,FCX,09/24/2025,-16.95,Buyback / Dividend,Freeport Provides Update on PT Freeport Indonesia Operations,StockTitan 2025-09 losers final board
79,WVE,09/03/2025,-16.84,Other Announcement,Wave Life Sciences Announces Positive Update from Ongoing RestorAATion-2 Trial of WVE-006 in Alpha-1 Antitrypsin Deficiency,StockTitan 2025-09 losers final board
80,PLAY,09/16/2025,-16.74,Earnings,Dave & Buster’s Reports Second Quarter 2025 Financial Results,StockTitan 2025-09 losers final board
81,CNTB,09/29/2025,-16.64,Other Announcement,Connect Biopharma Presents Data Supporting Rademikibart at the European Respiratory Society Congress 2025,StockTitan 2025-09 losers final board
82,CHWY,09/10/2025,-16.60,Earnings,Chewy Announces Second Quarter 2025 Financial Results,StockTitan 2025-09 losers final board
83,CYBN,09/02/2025,-16.58,Leadership Change,Cybin Announces Senior Leadership Changes,StockTitan 2025-09 losers final board
84,HRMY,09/24/2025,-16.56,Clinical Trial Results,Harmony Biosciences Provides Update From Its Phase 3 RECONNECT Study of ZYN002 in Fragile X Syndrome,StockTitan 2025-09 losers final board
85,PDEX,09/05/2025,-16.51,Earnings,"Pro-Dex, Inc. Announces Fiscal 2025 Fourth Quarter and Full-Year Results",StockTitan 2025-09 losers final board
86,SFIX,09/25/2025,-16.49,Earnings,Stitch Fix Announces Fourth Quarter and Full Fiscal Year 2025 Financial Results,StockTitan 2025-09 losers final board
87,IMRX,09/29/2025,-16.46,Clinical Trial Results,"Immuneering to Discuss Recently Announced Overall Survival Data from Phase 2a Clinical Trial of Atebimetinib + mGnP in First-Line Pancreatic Cancer Patients on Monday, September 29, 2025",StockTitan 2025-09 losers final board
88,DGNX,09/25/2025,-16.19,M&A / Acquisition,Diginex Provides Update on Acquisition Strategy,StockTitan 2025-09 losers final board
89,LGO,09/29/2025,-15.87,Other Announcement,Largo Corporate update on Sustained Operational Progress and Sales Impact of US Tariffs and Short-Term Liquidity,StockTitan 2025-09 losers final board
90,COMP,09/22/2025,-15.74,Other Announcement,Compass Announces Combination with Anywhere Real Estate in All-Stock Transaction,StockTitan 2025-09 losers final board
91,VNCE,09/12/2025,-15.61,Other Announcement,Vince Holding Corp. Announces Participation in the Sidoti Small Cap Conference,StockTitan 2025-09 losers final board
92,MBOT,09/15/2025,-15.56,Other Announcement,Microbot Medical Announces Exercise of Outstanding Preferred Investment Options for Up to $92.2 Million in Gross Proceeds,StockTitan 2025-09 losers final board
93,BRNS,09/30/2025,-15.54,Other Announcement,Barinthus Biotherapeutics to Combine with Clywedog Therapeutics to Target Metabolic and Autoimmune Diseases,StockTitan 2025-09 losers final board
94,PPIH,09/15/2025,-15.52,Earnings,"Perma-Pipe International Holdings, Inc. Announces Second Quarter 2025 Financial Results and Initiates Exploration of Strategic Alternatives to Maximize Shareholder Value",StockTitan 2025-09 losers final board
95,FLY,09/23/2025,-15.31,Uplisting / Compliance,Firefly Aerospace Announces Second Quarter 2025 Financial Results After Historic IPO,StockTitan 2025-09 losers final board
96,TNMG,09/04/2025,-15.30,Other Announcement,TNL Mediagene (NASDAQ: TNMG) Announces New AI-Powered Content Marketing Initiative in Japan,StockTitan 2025-09 losers final board
97,AMBQ,09/05/2025,-15.15,Earnings,Ambiq Reports Second Quarter 2025 Financial Results,StockTitan 2025-09 losers final board
98,AENT,09/11/2025,-15.14,Earnings,Alliance Entertainment Reports Fourth Quarter and Fiscal Year 2025 Results,StockTitan 2025-09 losers final board
99,ADTN,09/16/2025,-15.13,Offering / Dilution,"ADTRAN Holdings, Inc. Announces Proposed Convertible Senior Notes Offering",StockTitan 2025-09 losers final board
100,TNMG,09/18/2025,-15.10,Crypto & Treasury,TNL Mediagene (NASDAQ:TNMG) Announces Digital Asset Treasury Advisory Group Appointments,StockTitan 2025-09 losers final board
