rank,ticker,crash_date,crash_pct,catalyst,pre_close,crash_close,range_position,relative_volume,day1_vs_preclose,day5_vs_preclose,best5_vs_preclose,source
1,LQDA,2026-09-30,-57.29,Other Announcement,70.69,30.26,0.01,21.4,,,,"StockTitan Sep 2026 losers"
2,ALMS,2026-09-01,-56.81,Clinical Trial Results,21.81,9.47,0.31,33.9,-52.54,-55.07,-47.91,"StockTitan Sep 2026 losers"
3,PAAI,2026-09-18,-55.39,Contract / Partnership,3.34,1.50,0.11,,-62.87,-47.60,-47.31,"StockTitan Sep 2026 losers"
4,ADBT,2026-09-02,-53.26,Crypto & Treasury,3.68,1.72,0.11,,-90.66,-91.60,-90.66,"StockTitan Sep 2026 losers"
5,WYY,2026-09-25,-50.59,Other Announcement,11.07,5.47,0.17,48.7,-46.70,,-28.82,"StockTitan Sep 2026 losers"
6,SWRD,2026-09-10,-45.61,Other Announcement,4.10,2.23,0.25,364.8,-27.80,-48.05,-27.80,"StockTitan Sep 2026 losers"
7,RARE,2026-09-03,-44.03,Clinical Trial Results,26.53,14.85,0.87,14.3,-42.33,-46.10,-42.33,"StockTitan Sep 2026 losers"
8,CLLS,2026-09-14,-40.97,Other Announcement,3.10,1.83,0.12,77.1,-48.06,-51.29,-48.06,"StockTitan Sep 2026 losers"
9,QURE,2026-09-29,-37.33,Clinical Trial Results,39.11,24.51,0.58,24.9,-38.23,,-38.23,"StockTitan Sep 2026 losers"
10,TRT,2026-09-24,-36.51,Other Announcement,11.45,7.26,0.02,22.7,-45.72,,-42.18,"StockTitan Sep 2026 losers"
11,RFL,2026-09-30,-34.48,Clinical Trial Results,2.03,1.32,0.34,28.0,,,,"StockTitan Sep 2026 losers"
12,CVRX,2026-09-30,-33.46,Clinical Trial Results,2.63,1.75,0.10,7.7,,,,"StockTitan Sep 2026 losers"
13,SKIL,2026-09-10,-34.07,Earnings,6.37,4.19,0.01,10.6,-32.18,-0.63,-0.63,"StockTitan Sep 2026 losers"
14,CNTB,2026-09-15,-32.17,Clinical Trial Results,1.73,1.17,0.46,20.3,-28.12,-29.57,-23.48,"StockTitan Sep 2026 losers"
15,CMPX,2026-09-22,-31.87,FDA & Regulatory,1.82,1.24,0.31,11.0,-35.71,-39.56,-35.71,"StockTitan Sep 2026 losers"
16,JLHL,2026-09-29,-31.60,Offering / Dilution,5.92,4.03,0.47,11.9,-37.50,,-37.50,"StockTitan Sep 2026 losers"
17,BYSI,2026-09-29,-30.96,Clinical Trial Results,1.12,0.7733,0.78,66.6,-31.25,,-31.25,"StockTitan Sep 2026 losers"
18,XENE,2026-09-18,-30.74,Clinical Trial Results,57.35,39.75,0.12,30.6,-32.01,-35.59,-31.84,"StockTitan Sep 2026 losers"
19,ACET,2026-09-28,-29.60,Clinical Trial Results,9.02,6.35,0.06,18.4,-24.28,,-20.84,"StockTitan Sep 2026 losers"
20,TTAN,2026-09-09,-29.98,Leadership Change,81.58,57.12,0.11,24.2,-31.34,-28.08,-27.69,"StockTitan Sep 2026 losers"
21,PSNY,2026-09-03,-27.52,Earnings,11.99,8.69,0.22,11.0,-23.19,-34.61,-23.19,"StockTitan Sep 2026 losers"
22,XPL,2026-09-02,-25.52,Earnings,0.7660,0.5705,0.25,22.1,-19.73,-21.41,-16.59,"StockTitan Sep 2026 losers"
23,CVV,2026-09-11,-25.36,Leadership Change,6.27,4.68,0.10,11.5,-25.04,-26.95,-25.04,"StockTitan Sep 2026 losers"
24,CURR,2026-09-03,-25.19,Crypto & Treasury,4.01,3.00,0.05,28.1,-17.96,-15.71,-6.73,"StockTitan Sep 2026 losers"
25,DVLT,2026-09-04,-24.94,Other Announcement,0.2719,0.2041,0.28,12.7,-21.44,-29.42,-21.44,"StockTitan Sep 2026 losers"
26,NEOV,2026-09-24,-24.45,Earnings,3.17,2.40,0.29,4.1,-30.91,,-17.98,"StockTitan Sep 2026 losers"
27,AMBR,2026-09-01,-24.14,Other Announcement,1.16,0.8801,0.04,912.6,-12.07,-14.72,-12.07,"StockTitan Sep 2026 losers"
28,DAVA,2026-09-22,-24.37,Leadership Change,2.79,2.11,0.11,26.9,-28.32,-40.86,-28.32,"StockTitan Sep 2026 losers"
29,BBOT,2026-09-09,-23.76,Other Announcement,8.86,6.76,0.18,6.9,-37.70,-46.28,-37.70,"StockTitan Sep 2026 losers"
30,ENVA,2026-09-15,-23.47,Other Announcement,226.72,173.61,0.52,8.4,-24.07,-25.47,-21.02,"StockTitan Sep 2026 losers"
