rank,ticker,crash_date,classification,crash_close_iex,day1_rebound_pct,day3_rebound_pct,day5_rebound_pct,max_additional_downside_5d_pct,range_position,relative_volume,observed_post_sessions,status,day10_rebound_from_crash_close_pct,day20_rebound_from_crash_close_pct,day30_rebound_from_crash_close_pct,max_additional_downside_10d_pct,max_additional_downside_20d_pct,max_additional_downside_30d_pct,extended_horizon_status
1,LQDA,2026-09-30,Justified,30.1400,,,,,0.01,21.4,0,PENDING_FUTURE_SESSIONS,,,,,,,LT10
2,ALMS,2026-09-01,Uncertain,9.4150,9.72,17.79,4.09,3.82,0.31,33.9,5,COMPLETE,-15.93,-21.56,,-17.15,-27.35,,D20_COMPLETE
3,PAAI,2026-09-18,Probable Overreaction,1.4950,-17.73,0.67,17.39,-26.42,0.11,,5,COMPLETE,,,,,,,LT10
4,ADBT,2026-09-02,Justified,1.7100,-79.90,-79.87,-82.26,-84.68,0.11,,5,COMPLETE,-91.62,,,-94.55,,,D10_COMPLETE
5,WYY,2026-09-25,Uncertain,5.4150,8.77,46.81,,-3.97,0.17,48.7,3,PENDING_FUTURE_SESSIONS,,,,,,,LT10
6,SWRD,2026-09-10,Probable Overreaction,2.1300,37.56,-9.15,-1.88,-24.65,0.25,364.8,5,COMPLETE,31.92,,,-24.65,,,D10_COMPLETE
7,RARE,2026-09-03,Justified,14.8350,2.86,-3.64,-3.64,-5.22,0.87,14.3,5,COMPLETE,-2.26,,,-14.19,,,D10_COMPLETE
8,CLLS,2026-09-14,Justified,1.8250,-10.68,-18.90,-17.81,-28.77,0.12,77.1,5,COMPLETE,-21.64,,,-28.77,,,D10_COMPLETE
9,QURE,2026-09-29,Uncertain,24.5200,-1.84,,,-2.06,0.58,24.9,1,PENDING_FUTURE_SESSIONS,,,,,,,LT10
10,TRT,2026-09-24,Probable Overreaction,7.2500,-14.34,-9.10,,-17.10,0.02,22.7,4,PENDING_FUTURE_SESSIONS,,,,,,,LT10
11,RFL,2026-09-30,Uncertain,1.3350,,,,,0.34,28.0,0,PENDING_FUTURE_SESSIONS,,,,,,,LT10
12,CVRX,2026-09-30,Uncertain,1.7300,,,,,0.10,7.7,0,PENDING_FUTURE_SESSIONS,,,,,,,LT10
13,SKIL,2026-09-10,Uncertain,4.2250,2.60,30.18,50.77,-0.83,0.01,10.6,5,COMPLETE,44.62,,,-0.83,,,D10_COMPLETE
14,CNTB,2026-09-15,Uncertain,1.1650,6.44,11.16,4.72,-4.29,0.46,20.3,5,COMPLETE,-14.16,,,-15.54,,,D10_COMPLETE
15,CMPX,2026-09-22,Justified,1.2200,-4.10,-7.79,-10.66,-10.66,0.31,11.0,5,COMPLETE,,,,,,,LT10
16,JLHL,2026-09-29,Justified,3.9850,-7.15,,,-8.41,0.47,11.9,1,PENDING_FUTURE_SESSIONS,,,,,,,LT10
17,BYSI,2026-09-29,Probable Overreaction,0.7751,-1.46,,,-2.45,0.78,66.6,1,PENDING_FUTURE_SESSIONS,,,,,,,LT10
18,XENE,2026-09-18,Uncertain,39.7300,-1.84,-7.93,-7.00,-9.19,0.12,30.6,5,COMPLETE,,,,,,,LT10
19,ACET,2026-09-28,Probable Overreaction,6.2900,8.51,,,2.07,0.06,18.4,2,PENDING_FUTURE_SESSIONS,,,,,,,LT10
20,TTAN,2026-09-09,Uncertain,57.0900,-1.89,3.29,2.75,-5.70,0.11,24.2,5,COMPLETE,8.00,,,-6.76,,,D10_COMPLETE
21,PSNY,2026-09-03,Uncertain,8.6450,6.42,-8.04,-9.31,-14.00,0.22,11.0,5,COMPLETE,-8.16,,,-20.13,,,D10_COMPLETE
22,XPL,2026-09-02,Justified,0.5704,6.92,8.70,5.22,-2.91,0.25,22.1,5,COMPLETE,7.99,,,-2.91,,,D10_COMPLETE
23,CVV,2026-09-11,Justified,4.6850,1.07,-1.39,-2.56,-4.38,0.10,11.5,5,COMPLETE,-6.94,,,-7.15,,,D10_COMPLETE
24,CURR,2026-09-03,Probable Overreaction,2.9900,10.20,24.75,13.38,6.02,0.05,28.1,5,COMPLETE,7.69,,,2.01,,,D10_COMPLETE
25,DVLT,2026-09-04,Probable Overreaction,0.2041,4.65,-0.69,-5.98,-10.58,0.28,12.7,5,COMPLETE,-20.43,,,-28.17,,,D10_COMPLETE
26,NEOV,2026-09-24,Uncertain,2.3900,-7.53,6.69,,-11.30,0.29,4.1,4,PENDING_FUTURE_SESSIONS,,,,,,,LT10
27,AMBR,2026-09-01,Uncertain,0.9251,11.34,-1.95,4.82,-10.00,0.04,912.6,5,COMPLETE,36.20,97.82,,-10.00,-10.00,,D20_COMPLETE
28,DAVA,2026-09-22,Justified,2.1250,-7.76,-14.59,-23.29,-24.71,0.11,26.9,5,COMPLETE,,,,,,,LT10
29,BBOT,2026-09-09,Probable Overreaction,6.7550,-18.43,-25.31,-29.46,-29.98,0.18,6.9,5,COMPLETE,-38.49,,,-39.97,,,D10_COMPLETE
30,ENVA,2026-09-15,Uncertain,173.5100,-0.70,0.63,-2.51,-3.58,0.52,8.4,5,COMPLETE,-3.33,,,-3.88,,,D10_COMPLETE
31,CANG,2026-09-01,Justified,1.8250,5.21,21.37,5.21,1.92,0.08,2.7,5,COMPLETE,14.25,37.53,,-1.92,-1.92,,D20_COMPLETE
32,PLCE,2026-09-15,Justified,1.9000,7.37,7.37,12.89,0.00,0.12,6.7,5,COMPLETE,10.53,,,0.00,,,D10_COMPLETE
33,AIB,2026-09-30,Uncertain,1.3200,,,,,0.40,32.1,0,PENDING_FUTURE_SESSIONS,,,,,,,LT10
34,FGNX,2026-09-16,Probable Overreaction,6.3900,13.93,23.94,26.60,4.54,0.07,3.5,5,COMPLETE,,,,,,,LT10
35,FJET,2026-09-09,Probable Overreaction,2.0500,-1.95,-3.90,-7.32,-9.76,0.13,10.1,5,COMPLETE,-9.27,,,-18.05,,,D10_COMPLETE
36,SFIX,2026-09-24,Justified,2.2000,-2.27,14.55,,-4.09,0.44,8.9,4,PENDING_FUTURE_SESSIONS,,,,,,,LT10
37,NAVN,2026-09-10,Probable Overreaction,20.2700,3.65,10.51,9.13,0.91,0.35,9.8,5,COMPLETE,-4.17,,,-5.75,,,D10_COMPLETE
38,BRZE,2026-09-09,Probable Overreaction,23.7250,2.44,7.95,4.87,-1.29,0.05,4.5,5,COMPLETE,9.08,,,-1.29,,,D10_COMPLETE
39,PSQL,2026-09-02,Probable Overreaction,12.2500,-20.57,-34.61,-36.90,-39.67,0.02,,5,COMPLETE,-35.67,,,-42.86,,,D10_COMPLETE
40,VNCE,2026-09-10,Probable Overreaction,5.0500,1.78,66.53,94.06,-1.78,0.06,9.1,5,COMPLETE,119.21,,,-1.78,,,D10_COMPLETE
41,GRML,2026-09-23,Probable Overreaction,11.0050,35.30,7.59,-3.50,-12.22,0.12,89.4,5,COMPLETE,,,,,,,LT10
42,QNC,2026-09-29,Uncertain,1.7500,-15.43,,,-16.57,0.13,4.8,1,PENDING_FUTURE_SESSIONS,,,,,,,LT10
43,CRDO,2026-09-02,Probable Overreaction,165.1150,-0.55,1.63,-2.87,-3.32,0.11,7.1,5,COMPLETE,1.89,,,-9.61,,,D10_COMPLETE
44,GWRE,2026-09-04,Probable Overreaction,162.7700,-8.02,-13.97,-6.05,-15.56,0.45,4.3,5,COMPLETE,-8.23,,,-15.56,,,D10_COMPLETE
45,PYXS,2026-09-30,Justified,2.3150,,,,,0.72,12.8,0,PENDING_FUTURE_SESSIONS,,,,,,,LT10
46,MNOV,2026-09-28,Uncertain,2.0700,-8.45,,,-19.57,0.54,14.9,2,PENDING_FUTURE_SESSIONS,,,,,,,LT10
47,ALKT,2026-09-23,Probable Overreaction,14.5900,-2.88,-8.22,-6.07,-9.49,0.23,6.2,5,COMPLETE,,,,,,,LT10
48,DSP,2026-09-17,Probable Overreaction,9.9700,19.11,28.94,23.77,12.74,0.44,11.3,5,COMPLETE,,,,,,,LT10
49,GLND,2026-09-28,Uncertain,4.4600,4.93,,,-12.56,0.18,67.5,2,PENDING_FUTURE_SESSIONS,,,,,,,LT10
50,NTHI,2026-09-08,Uncertain,4.0100,-9.85,-7.61,-17.21,-20.07,0.14,2.3,5,COMPLETE,-13.97,,,-26.06,,,D10_COMPLETE
51,PLAY,2026-09-15,Justified,6.8700,-0.36,-2.11,3.57,-5.82,0.07,11.3,5,COMPLETE,-5.53,,,-6.99,,,D10_COMPLETE
52,GOAI,2026-09-17,Uncertain,2.1300,-3.29,-1.41,0.94,-17.84,0.11,1.2,5,COMPLETE,,,,,,,LT10
53,MDB,2026-09-28,Probable Overreaction,334.6600,0.73,,,-3.84,0.78,10.5,2,PENDING_FUTURE_SESSIONS,,,,,,,LT10
54,BSEM,2026-09-30,Justified,3.0900,,,,,0.11,2.7,0,PENDING_FUTURE_SESSIONS,,,,,,,LT10
55,DVLT,2026-09-15,Uncertain,0.1562,13.06,-1.41,6.66,-3.01,0.24,5.7,5,COMPLETE,-1.92,,,-7.55,,,D10_COMPLETE
56,CNXU,2026-09-01,Uncertain,5.9100,-5.08,-15.91,-24.20,-24.37,0.01,1.7,5,COMPLETE,-21.83,-39.42,,-29.10,-40.95,,D20_COMPLETE
57,EGAN,2026-09-04,Justified,5.8350,-10.71,-12.43,-11.23,-13.80,0.89,11.2,5,COMPLETE,-1.03,,,-13.80,,,D10_COMPLETE
58,XLAB,2026-09-14,Probable Overreaction,3.1500,-4.76,-5.08,-7.94,-9.21,0.14,,5,COMPLETE,-23.17,,,-31.43,,,D10_COMPLETE
59,TYRA,2026-09-09,Uncertain,22.0050,6.98,13.91,10.70,-2.93,0.92,14.3,5,COMPLETE,5.50,,,-2.93,,,D10_COMPLETE
60,AIIO,2026-09-02,Uncertain,1.6900,5.92,15.98,6.51,2.07,0.11,4.0,5,COMPLETE,-10.06,,,-11.54,,,D10_COMPLETE
61,GRML,2026-09-11,Probable Overreaction,3.1450,3.02,-4.61,-9.06,-9.86,0.02,2.1,5,COMPLETE,362.64,,,-9.86,,,D10_COMPLETE
62,INSE,2026-09-29,Uncertain,3.2700,4.74,,,2.60,0.11,8.7,1,PENDING_FUTURE_SESSIONS,,,,,,,LT10
63,LULU,2026-09-04,Justified,100.6050,2.59,-3.71,-0.28,-4.89,0.51,12.4,5,COMPLETE,0.71,,,-5.18,,,D10_COMPLETE
64,EVMN,2026-09-09,Uncertain,10.8450,-2.72,-3.83,-13.69,-14.15,0.30,11.7,5,COMPLETE,-19.13,,,-19.78,,,D10_COMPLETE
65,RZLV,2026-09-01,Uncertain,2.3950,-2.92,-7.72,-3.97,-10.23,0.34,8.1,5,COMPLETE,-7.10,-8.77,,-10.23,-11.69,,D20_COMPLETE
66,RAVE,2026-09-24,Uncertain,2.2800,-0.44,3.29,,-1.10,0.68,49.6,4,PENDING_FUTURE_SESSIONS,,,,,,,LT10
67,WW,2026-09-09,Uncertain,14.9350,-1.37,1.74,3.11,-2.31,0.05,2.2,5,COMPLETE,0.80,,,-2.31,,,D10_COMPLETE
68,SION,2026-09-15,Uncertain,6.8750,2.40,-13.75,-12.29,-17.09,0.03,1.8,5,COMPLETE,-25.09,,,-26.84,,,D10_COMPLETE
69,PATH,2026-09-04,Justified,15.2000,-7.89,-8.68,-3.55,-12.80,0.22,1.6,5,COMPLETE,-10.53,,,-12.80,,,D10_COMPLETE
70,ENOV,2026-09-01,Uncertain,20.5250,-1.75,-9.62,-7.33,-9.72,0.00,4.8,5,COMPLETE,-9.09,-11.08,,-15.52,-15.52,,D20_COMPLETE
71,PMTS,2026-09-11,Justified,22.4850,7.85,5.67,7.36,-0.16,0.56,18.5,5,COMPLETE,9.81,,,-0.16,,,D10_COMPLETE
72,VOYG,2026-09-23,Justified,31.3900,-0.86,5.69,-3.58,-3.70,0.39,11.1,5,COMPLETE,,,,,,,LT10
73,DYN,2026-09-08,Uncertain,20.3050,-5.52,-10.27,-11.75,-11.94,0.85,10.9,5,COMPLETE,-15.59,,,-17.41,,,D10_COMPLETE
74,QNC,2026-09-30,Uncertain,1.4800,,,,,0.06,1.8,0,PENDING_FUTURE_SESSIONS,,,,,,,LT10
75,NNOX,2026-09-09,Uncertain,0.7739,-5.60,-8.89,-2.79,-12.78,0.86,6.0,5,COMPLETE,-8.77,,,-12.78,,,D10_COMPLETE
76,XPOF,2026-09-09,Probable Overreaction,4.0100,0.62,-0.50,-5.99,-9.60,0.18,2.7,5,COMPLETE,-7.61,,,-11.10,,,D10_COMPLETE
77,SGML,2026-09-08,Justified,10.4250,1.44,-8.82,-12.66,-14.68,0.26,3.4,5,COMPLETE,1.49,,,-15.49,,,D10_COMPLETE
78,FCEL,2026-09-02,Uncertain,14.4000,1.77,23.37,8.37,-3.92,0.24,2.2,5,COMPLETE,23.02,,,-3.92,,,D10_COMPLETE
79,OXM,2026-09-04,Uncertain,30.8700,2.22,-0.10,-0.19,-2.28,0.79,8.2,5,COMPLETE,-9.20,,,-9.69,,,D10_COMPLETE
80,BMEA,2026-09-23,Probable Overreaction,1.4400,2.78,-10.76,-8.33,-13.19,0.24,5.1,5,COMPLETE,,,,,,,LT10
81,MEI,2026-09-03,Uncertain,15.2600,3.34,-8.29,-4.00,-11.47,0.19,3.6,5,COMPLETE,-12.98,,,-15.01,,,D10_COMPLETE
82,INNV,2026-09-23,Probable Overreaction,9.0050,-1.83,-1.39,-2.39,-6.16,0.10,32.4,5,COMPLETE,,,,,,,LT10
83,RWT,2026-09-10,Justified,3.6250,-2.62,8.14,8.97,-4.14,0.73,33.9,5,COMPLETE,1.79,,,-4.14,,,D10_COMPLETE
84,FLNC,2026-09-17,Justified,7.6500,-4.58,-5.10,-2.48,-6.99,0.78,6.1,5,COMPLETE,,,,,,,LT10
85,TRBG,2026-09-09,Uncertain,5.2850,-14.00,-17.88,-29.99,-29.99,0.36,,5,COMPLETE,-30.94,,,-31.03,,,D10_COMPLETE
86,XTIA,2026-09-01,Justified,1.1500,-16.84,-6.52,-10.00,-25.10,0.06,2.8,5,COMPLETE,-18.90,-29.68,,-25.10,-30.21,,D20_COMPLETE
87,GPCR,2026-09-08,Probable Overreaction,40.3300,2.31,-4.22,-3.45,-6.27,0.02,5.6,5,COMPLETE,-8.68,,,-14.60,,,D10_COMPLETE
88,EMAT,2026-09-21,Uncertain,3.4350,8.15,-6.99,-6.70,-13.25,0.15,2.4,5,COMPLETE,,,,,,,LT10
89,COO,2026-09-10,Uncertain,54.2000,-0.58,-1.73,-0.77,-2.60,0.71,12.0,5,COMPLETE,2.21,,,-2.60,,,D10_COMPLETE
90,DGNX,2026-09-29,Probable Overreaction,1.1950,-1.67,,,-2.51,0.07,2.5,1,PENDING_FUTURE_SESSIONS,,,,,,,LT10
91,TRBG,2026-09-16,Uncertain,3.7000,3.78,-1.49,-1.35,-1.49,0.17,,5,COMPLETE,-3.78,,,-3.78,,,D10_COMPLETE
92,BAFN,2026-09-24,Uncertain,7.4050,-7.36,-1.89,,-14.79,0.00,0.7,4,PENDING_FUTURE_SESSIONS,,,,,,,LT10
93,CASY,2026-09-09,Probable Overreaction,629.0100,-0.22,-1.15,-6.39,-6.77,0.87,8.1,5,COMPLETE,-5.05,,,-8.42,,,D10_COMPLETE
94,LFT,2026-09-21,Justified,5.6300,0.00,-7.64,-0.89,-7.64,0.10,7.2,5,COMPLETE,,,,,,,LT10
95,ALMU,2026-09-17,Probable Overreaction,11.5750,9.94,20.09,15.51,0.22,0.42,3.8,5,COMPLETE,,,,,,,LT10
96,AEO,2026-09-10,Probable Overreaction,14.5350,3.30,1.96,2.55,-0.34,0.42,6.3,5,COMPLETE,10.60,,,-0.34,,,D10_COMPLETE
97,NYXH,2026-09-29,Probable Overreaction,1.3850,-0.36,,,-1.81,0.00,2.0,1,PENDING_FUTURE_SESSIONS,,,,,,,LT10
98,XLAB,2026-09-29,Uncertain,2.0550,-11.19,,,-11.19,0.49,1.1,1,PENDING_FUTURE_SESSIONS,,,,,,,LT10
99,MDB,2026-09-02,Probable Overreaction,375.3400,2.43,-5.17,-0.43,-5.46,0.16,4.7,5,COMPLETE,4.84,,,-5.46,,,D10_COMPLETE
100,SVIA,2026-09-23,Probable Overreaction,4.0250,-1.74,-2.86,-3.73,-14.29,0.62,,5,COMPLETE,,,,,,,LT10
