month,ticker,crash_date,crash_pct,relative_volume_iex,rsp_prior5_pct,classification,confidence,pre_rebound_reason
01,ZBIO,2026-01-05,-51.86,21.24,0.42,Probable Overreaction,High,"Headline explicitly reported positive Phase 3 results."
01,IMRX,2026-01-08,-43.22,13.34,2.57,Probable Overreaction,High,"Headline explicitly reported exceptional 64% 12-month overall survival."
01,ACRV,2026-01-08,-34.58,18.65,2.57,Probable Overreaction,High,"Headline explicitly reported positive Phase 2b clinical data and expansion."
01,CRDF,2026-01-27,-31.97,6.58,1.46,Probable Overreaction,High,"Headline explicitly reported a positive clinical-trial update."
02,GRAL,2026-02-20,-50.55,10.70,1.66,Probable Overreaction,High,"Headline reported substantial reduction in Stage IV diagnoses and materially higher cancer detection."
02,ODD,2026-02-25,-49.21,15.70,0.00,Probable Overreaction,High,"Headline explicitly reported record full-year results."
02,UPB,2026-02-11,-47.18,10.97,1.59,Probable Overreaction,High,"Headline explicitly reported positive top-line Phase 2 results."
05,TRDA,2026-05-07,-57.27,15.51,0.11,Probable Overreaction,High,"Headline explicitly reported positive topline Phase 1/2 results."
05,ENHA,2026-05-26,-43.47,23.05,2.36,Probable Overreaction,High,"Headline reported sponsorship deal value surpassing $32 million."
05,TLSI,2026-05-13,-41.45,37.56,-0.93,Probable Overreaction,High,"Headline explicitly described commercial and clinical progress supporting long-term growth."
05,IDN,2026-05-13,-38.37,7.52,-0.93,Probable Overreaction,High,"Headline explicitly reported record first-quarter results."
05,FSLY,2026-05-07,-38.23,5.13,0.11,Probable Overreaction,High,"Headline explicitly reported record first-quarter financial results."
05,RGNX,2026-05-14,-37.80,7.82,0.05,Probable Overreaction,High,"Headline explicitly reported positive topline pivotal Phase III results."
05,BDTX,2026-05-22,-35.77,9.28,2.51,Probable Overreaction,High,"Headline explicitly reported positive Phase 2 results."
05,ZS,2026-05-27,-31.52,9.13,2.89,Probable Overreaction,High,"Headline explicitly reported strong third-quarter fiscal results."
05,CRBP,2026-05-26,-30.31,6.46,2.36,Probable Overreaction,High,"Headline explicitly reported updated clinical data demonstrating robust activity."
06,CNTX,2026-06-15,-51.14,12.83,2.55,Probable Overreaction,High,"Headline explicitly reported positive interim efficacy and safety results."
07,MPLT,2026-07-27,-72.91,16.79,1.31,Probable Overreaction,High,"Headline explicitly reported positive topline Phase 2 results."
07,ZONE,2026-07-29,-54.01,14.57,1.46,Probable Overreaction,High,"Headline announced a new AI colocation services agreement."
07,FAC,2026-07-13,-35.62,23.12,-0.38,Probable Overreaction,High,"Headline announced a strategic partnership after a successful flight test."
