month,rank,ticker,crash_date,crash_pct,catalyst,announcement,relative_volume_iex,rsp_prior5_pct,spy_prior5_pct,iwm_prior5_pct,qqq_prior5_pct,source
01,1,QNCX,2026-01-29,-91.51,Clinical Trial Results,Quince Therapeutics Announces Topline Results from Pivotal Phase 3 NEAT Clinical Trial of eDSP in Ataxia-Telangiectasia,6.12,-0.58,0.73,-2.36,1.38,StockTitan 2026-01 losers final board
01,3,OTLK,2026-01-02,-58.23,FDA & Regulatory,Outlook Therapeutics Provides Regulatory Update on U.S. Food and Drug Administration Review of ONS-5010/LYTENAVA™ (bevacizumab-vikg) for the Treatment of Wet AMD,6.70,-0.48,-1.01,-1.54,-1.74,StockTitan 2026-01 losers final board
01,4,ATRA,2026-01-12,-56.99,Clinical Trial Results,Atara Biotherapeutics Provides Regulatory and Business Update on EBVALLO™ (tabelecleucel),40.00,1.59,1.08,3.46,1.49,StockTitan 2026-01 losers final board
01,6,ZBIO,2026-01-05,-51.86,Clinical Trial Results,Zenas BioPharma Announces Positive Results from Phase 3 INDIGO Registrational Trial of Obexelimab in Immunoglobulin G4-Related Disease (IgG4-RD),21.24,0.42,-0.37,0.54,-0.95,StockTitan 2026-01 losers final board
01,7,TIL,2026-01-06,-45.81,Clinical Trial Results,Instil Bio’s Subsidiary Discontinues Clinical Development of AXN-2510 and Terminates License and Collaboration Agreement with ImmuneOnco,38.41,1.82,0.56,2.49,0.41,StockTitan 2026-01 losers final board
01,8,IMRX,2026-01-08,-43.22,Clinical Trial Results,Immuneering Announces Exceptional 64% Overall Survival At 12 Months in First-Line Pancreatic Cancer Patients Treated with Atebimetinib + mGnP,13.34,2.57,1.12,4.95,1.01,StockTitan 2026-01 losers final board
01,9,VENU,2026-01-28,-40.16,Offering / Dilution,Venu Holding Corporation Announces Proposed Public Offering of Common Stock,14.43,-0.51,1.47,-1.68,2.73,StockTitan 2026-01 losers final board
01,10,AVX,2026-01-27,-39.88,Crypto & Treasury,AVAX One Highlights Institutional Onchain Finance Strategy in New Investor Presentation,51.60,1.46,2.64,0.78,3.80,StockTitan 2026-01 losers final board
01,11,PSTV,2026-01-14,-38.23,Offering / Dilution,Plus Therapeutics Announces Pricing of Upsized $15 Million Public Offering,39.62,1.96,0.14,3.03,-0.73,StockTitan 2026-01 losers final board
01,12,SEV,2026-01-23,-37.76,Offering / Dilution,Aptera Motors Announces Pricing of $9 Million Public Offering,71.16,-0.40,-0.43,-0.26,0.18,StockTitan 2026-01 losers final board
01,14,BBNX,2026-01-09,-37.04,Earnings,"Beta Bionics Announces Preliminary, Unaudited Fourth Quarter 2025 Topline Financial Results and Key Metrics",16.36,2.44,1.56,4.60,2.21,StockTitan 2026-01 losers final board
01,15,AQST,2026-01-09,-37.04,Other Announcement,Aquestive Therapeutics Announces Regulatory Development for Anaphylm™ (dibutepinephrine) Sublingual Film and Provides Business Update,13.51,2.44,1.56,4.60,2.21,StockTitan 2026-01 losers final board
01,16,ACRV,2026-01-08,-34.58,Clinical Trial Results,"Acrivon Therapeutics Announces Positive ACR-368 Phase 2b Endometrial Cancer Clinical Data with EU Expansion to Accelerate Enrollment, Initial ACR-2316 Clinical Data, and ACR-6840, its Next AP3-Enabled Development Candidate, Targeting CDK11",18.65,2.57,1.12,4.95,1.01,StockTitan 2026-01 losers final board
01,17,PFSI,2026-01-30,-33.25,Earnings,PennyMac Mortgage Investment Trust Reports Fourth Quarter and Full-Year 2025 Results,12.99,-0.38,0.38,-1.95,-0.17,StockTitan 2026-01 losers final board
01,18,CRMD,2026-01-08,-32.77,Earnings,CorMedix Therapeutics Announces Preliminary Fourth Quarter and Full Year 2025 Results and Provides Business Updates,6.43,2.57,1.12,4.95,1.01,StockTitan 2026-01 losers final board
01,19,CRDF,2026-01-27,-31.97,Clinical Trial Results,Cardiff Oncology Announces Positive Update from its Randomized Phase 2 Trial of Onvansertib in First-line RAS-mutated mCRC,6.58,1.46,2.64,0.78,3.80,StockTitan 2026-01 losers final board
01,20,CVLT,2026-01-27,-31.10,Earnings,Commvault Announces Third Quarter Fiscal 2026 Financial Results,13.11,1.46,2.64,0.78,3.80,StockTitan 2026-01 losers final board
01,21,SLE,2026-01-21,-31.04,Other Announcement,"Super League Enters Next Phase of Execution, Bringing the Power of Play to Modern Marketing",9.15,0.78,-1.21,2.46,-1.59,StockTitan 2026-01 losers final board
02,1,GOSS,2026-02-23,-80.13,Clinical Trial Results,Gossamer Bio Announces Topline Results from the Phase 3 PROSERA Study Evaluating Seralutinib in Pulmonary Arterial Hypertension,12.74,-0.50,0.11,-0.92,-0.07,StockTitan 2026-02 losers final board
02,2,MAMO,2026-02-03,-59.49,M&A / Acquisition,Massimo Group Signs Letter of Intent to Acquire 100% of AI technology company FST in Drive to Accelerate Its AI-Powered Mobility and Health Technology Strategy,223.24,-0.17,-0.88,-0.70,-2.31,StockTitan 2026-02 losers final board
02,3,AZI,2026-02-10,-56.90,M&A / Acquisition,"AZI’s Groundbreaking News: Company Invests $1.1 Billion in Counter-Cyclical Acquisition of $1.87 Billion Digital Assets from Crypto Giant, Enters Strategic Partnership Talks to Lead the Global DAT Treasury and Vast Crypto Payments Market",73.53,2.25,0.39,1.27,-0.81,StockTitan 2026-02 losers final board
02,4,KD,2026-02-09,-54.92,Earnings,KYNDRYL REPORTS THIRD QUARTER FISCAL 2026 RESULTS,36.14,1.67,-0.20,1.79,-1.90,StockTitan 2026-02 losers final board
02,5,UHG,2026-02-23,-51.68,M&A / Acquisition,Stanley Martin Homes to Acquire United Homes Group,25.13,-0.50,0.11,-0.92,-0.07,StockTitan 2026-02 losers final board
02,6,GRAL,2026-02-20,-50.55,Earnings,"Landmark NHS-Galleri Trial Demonstrates a Substantial Reduction in Stage IV Cancer Diagnoses, Increased Stage I and II Detection of Deadly Cancers, and Four-Fold Higher Cancer Detection Rate",10.70,1.66,1.21,1.95,1.38,StockTitan 2026-02 losers final board
02,7,ODD,2026-02-25,-49.21,Earnings,ODDITY Tech Reports Record Full Year 2025 Results,15.70,-0.00,1.01,0.22,1.80,StockTitan 2026-02 losers final board
02,8,UPB,2026-02-11,-47.18,Clinical Trial Results,Upstream Bio Reports Positive Top-line Results from the Phase 2 VALIANT Trial of Verekitug for the Treatment of Severe Asthma,10.97,1.59,0.83,1.70,1.20,StockTitan 2026-02 losers final board
02,9,XPOF,2026-02-27,-47.08,Earnings,"Xponential Fitness, Inc. Announces Fourth Quarter and Full Year 2025 Financial Results",16.65,0.43,-0.48,-1.23,-0.25,StockTitan 2026-02 losers final board
02,11,EAF,2026-02-06,-46.21,Earnings,GrafTech Reports Fourth Quarter and Full Year 2025 Results,7.45,2.12,-0.16,2.06,-1.95,StockTitan 2026-02 losers final board
02,12,JFB,2026-02-17,-43.09,,JFB and XTEND Announce $1.5B Business Combination to Establish a Nasdaq-Listed US Leader in AI-Driven Autonomous Defense Robotics,10.22,0.08,-1.62,-1.44,-2.13,StockTitan 2026-02 losers final board
02,13,MCRB,2026-02-12,-41.66,Other Announcement,Seres Provides Program and Corporate Updates and Prioritizes Emerging Programs in Inflammatory & Immune Diseases,18.77,1.13,0.55,1.40,0.59,StockTitan 2026-02 losers final board
02,14,CTEV,2026-02-24,-41.58,Earnings,Claritev Corporation Reports Fourth Quarter and Full Year 2025 Results,7.41,0.47,0.68,0.12,1.11,StockTitan 2026-02 losers final board
02,16,ICLR,2026-02-12,-39.85,Earnings,ICON plc Provides Update on Timing of Fourth Quarter and Full Year 2025 Earnings Results and Investigation into Accounting Practices,33.21,1.13,0.55,1.40,0.59,StockTitan 2026-02 losers final board
02,19,LASE,2026-02-06,-38.41,Offering / Dilution,Laser Photonics Announces Pricing of $5 Million Public Offering,44.24,2.12,-0.16,2.06,-1.95,StockTitan 2026-02 losers final board
02,21,FLGT,2026-02-27,-38.09,Earnings,Fulgent Reports Fourth Quarter and Full Year 2025 Financial Results,9.93,0.43,-0.48,-1.23,-0.25,StockTitan 2026-02 losers final board
02,22,PLYX,2026-02-03,-37.29,Other Announcement,Polaryx to Present Late-Breaker Data Related to SOTERIA at the 22nd Annual WORLDSymposium™ as Company Prepares for SOTERIA Trial Launch,7.33,-0.17,-0.88,-0.70,-2.31,StockTitan 2026-02 losers final board
02,23,ERII,2026-02-26,-35.30,Earnings,Energy Recovery Reports its Fourth Quarter 2025 Financial Results,11.62,0.82,0.70,0.51,0.97,StockTitan 2026-02 losers final board
02,24,RUN,2026-02-27,-35.11,Earnings,Sunrun Reports Fourth Quarter and Full Year 2025 Financial Results,9.01,0.43,-0.48,-1.23,-0.25,StockTitan 2026-02 losers final board
02,26,SMWB,2026-02-18,-34.62,Earnings,Similarweb Announces Fourth Quarter and Fiscal 2025 Results,36.76,0.25,-0.86,-0.82,-0.95,StockTitan 2026-02 losers final board
02,27,ARRY,2026-02-26,-33.82,Earnings,ARRAY Technologies Reports Financial Results for the Fourth Quarter and Full Year 2025,7.34,0.82,0.70,0.51,0.97,StockTitan 2026-02 losers final board
02,30,RAL,2026-02-05,-31.79,Earnings,Ralliant Reports Fourth Quarter and Full Year 2025 Results,7.64,0.00,-2.38,-2.82,-5.13,StockTitan 2026-02 losers final board
02,32,SHLS,2026-02-24,-30.96,Earnings,"Shoals Technologies Group, Inc. Reports Financial Results for Fourth Quarter 2025",6.88,0.47,0.68,0.12,1.11,StockTitan 2026-02 losers final board
02,34,CRGO,2026-02-23,-30.18,Earnings,Freightos Reports Fourth Quarter and Full Year 2025 Results,5.80,-0.50,0.11,-0.92,-0.07,StockTitan 2026-02 losers final board
05,1,ENGN,2026-05-07,-80.56,Clinical Trial Results,enGene Announces Updated Interim Results From LEGEND Pivotal Cohort,28.09,0.11,1.83,1.57,4.09,StockTitan 2026-05 losers final board
05,2,VRRM,2026-05-27,-70.57,Other Announcement,Verra Mobility Receives Termination of Agreement Notice From Avis Budget Group,18.77,2.89,2.29,6.37,3.99,StockTitan 2026-05 losers final board
05,3,EMBC,2026-05-05,-57.84,Earnings,Embecta Corp. Reports Second Quarter Fiscal 2026 Financial Results,14.46,1.23,1.69,3.17,3.64,StockTitan 2026-05 losers final board
05,4,TRDA,2026-05-07,-57.27,Clinical Trial Results,Entrada Therapeutics Announces Positive Topline Results from Cohort 1 of Participants with Duchenne Muscular Dystrophy Treated with ENTR-601-44 in Phase 1/2 ELEVATE-44-201 Study,15.51,0.11,1.83,1.57,4.09,StockTitan 2026-05 losers final board
05,5,PRIM,2026-05-06,-50.11,Earnings,Primoris Services Corporation Reports First Quarter 2026 Results,17.73,2.22,3.12,5.41,5.14,StockTitan 2026-05 losers final board
05,6,MDXH,2026-05-14,-49.50,Earnings,Mdxhealth Reports Q1-2026 Results,13.36,0.05,2.27,0.77,3.57,StockTitan 2026-05 losers final board
05,7,WGS,2026-05-05,-49.20,Earnings,GeneDx Reports First Quarter 2026 Financial Results and Updates Full-Year Outlook,15.17,1.23,1.69,3.17,3.64,StockTitan 2026-05 losers final board
05,8,ATYR,2026-05-12,-44.20,Clinical Trial Results,aTyr Pharma Provides Regulatory and Clinical Update for Efzofitimod in Pulmonary Sarcoidosis Following FDA Type C Meeting,6.33,0.27,2.00,-0.01,3.77,StockTitan 2026-05 losers final board
05,9,NGEN,2026-05-22,-43.48,Offering / Dilution,NervGen Announces Proposed Public Offering of Securities,149.51,2.51,0.89,2.68,1.21,StockTitan 2026-05 losers final board
05,10,ENHA,2026-05-26,-43.47,Other Announcement,ENHANCED (NYSE: ENHA) SURPASSES $32 MILLION IN SPONSORSHIP DEAL VALUE FOR INAUGURAL ENHANCED GAMES,23.05,2.36,1.63,5.27,3.46,StockTitan 2026-05 losers final board
05,11,GOSS,2026-05-18,-43.32,Earnings,Gossamer Bio Announces First Quarter 2026 Financial Results and Provides Business Update,9.64,-0.59,-0.11,-3.28,-1.08,StockTitan 2026-05 losers final board
05,13,FWRD,2026-05-08,-43.05,Earnings,Forward Air Corporation Reports First Quarter 2026 Results,11.14,0.65,2.37,1.75,5.49,StockTitan 2026-05 losers final board
05,15,TLSI,2026-05-13,-41.45,Earnings,TriSalus Life Sciences Reports First Quarter 2026 Results Demonstrating Commercial and Clinical Progress for Facilitating Long-Term Growth,37.56,-0.93,1.16,-1.43,2.72,StockTitan 2026-05 losers final board
05,16,PSIX,2026-05-12,-39.15,Earnings,Power Solutions International Announces First Quarter 2026 Financial Results,8.01,0.27,2.00,-0.01,3.77,StockTitan 2026-05 losers final board
05,17,BRBR,2026-05-05,-38.77,Earnings,BellRing Brands Reports Results for the Second Quarter of Fiscal Year 2026; Updates Fiscal Year 2026 Outlook,8.57,1.23,1.69,3.17,3.64,StockTitan 2026-05 losers final board
05,18,ARAY,2026-05-07,-38.55,Earnings,Accuray Reports Fiscal 2026 Third Quarter Financial Results,6.23,0.11,1.83,1.57,4.09,StockTitan 2026-05 losers final board
05,19,IDN,2026-05-13,-38.37,Earnings,Intellicheck Announces Record First Quarter 2026 Results,7.52,-0.93,1.16,-1.43,2.72,StockTitan 2026-05 losers final board
05,21,FSLY,2026-05-07,-38.23,Earnings,Fastly Announces Record First Quarter 2026 Financial Results,5.13,0.11,1.83,1.57,4.09,StockTitan 2026-05 losers final board
05,22,RGNX,2026-05-14,-37.80,Clinical Trial Results,REGENXBIO Announces Positive Topline Results from Pivotal Phase III AFFINITY DUCHENNE® Study of RGX-202,7.82,0.05,2.27,0.77,3.57,StockTitan 2026-05 losers final board
05,23,PLAB,2026-05-28,-36.42,Earnings,Photronics Reports Second Quarter 2026 Results,11.84,2.13,1.80,4.37,3.17,StockTitan 2026-05 losers final board
05,25,BDTX,2026-05-22,-35.77,Clinical Trial Results,Black Diamond Therapeutics Announces Positive Phase 2 Results for Silevertinib in Frontline NSCLC Patients with EGFR Non-Classical Mutations,9.28,2.51,0.89,2.68,1.21,StockTitan 2026-05 losers final board
05,26,ANGI,2026-05-06,-35.22,Earnings,Angi Inc. Earnings Release and Letter to Shareholders Available on Company’s Website,7.62,2.22,3.12,5.41,5.14,StockTitan 2026-05 losers final board
05,28,FTCI,2026-05-05,-33.20,Leadership Change,FTC Solar Announces First Quarter 2026 Financial Results and Leadership Transition,13.41,1.23,1.69,3.17,3.64,StockTitan 2026-05 losers final board
05,30,LMB,2026-05-06,-32.55,Earnings,"Limbach Holdings, Inc. Reports First Quarter 2026 Results",9.08,2.22,3.12,5.41,5.14,StockTitan 2026-05 losers final board
05,33,ATEC,2026-05-06,-31.67,Earnings,ATEC Refinances Existing Debt with Inaugural Bank Facility,7.57,2.22,3.12,5.41,5.14,StockTitan 2026-05 losers final board
05,34,ZS,2026-05-27,-31.52,Earnings,Zscaler Announces Strong Third-Quarter Fiscal 2026 Results,9.13,2.89,2.29,6.37,3.99,StockTitan 2026-05 losers final board
05,35,PLNT,2026-05-07,-31.19,Earnings,"Planet Fitness, Inc. Announces First Quarter 2026 Results",10.42,0.11,1.83,1.57,4.09,StockTitan 2026-05 losers final board
05,36,CRBP,2026-05-26,-30.31,Clinical Trial Results,Corbus Pharmaceuticals Reports Updated CRB-701 Phase 1/2 Clinical Data Demonstrating Robust Activity in 2L Oropharyngeal and Cervical Cancers,6.46,2.36,1.63,5.27,3.46,StockTitan 2026-05 losers final board
05,37,BRCB,2026-05-13,-30.26,Earnings,Black Rock Coffee Bar Announces Jon Vingo as Chief Development Officer,9.52,-0.93,1.16,-1.43,2.72,StockTitan 2026-05 losers final board
06,1,ELTX,2026-06-15,-72.53,Clinical Trial Results,Elicio Therapeutics Reports Results from Phase 2 AMPLIFY-7P Study and Outlines Refined Phase 3 Development Strategy for ELI-002 7P in Adjuvant Pancreatic Cancer,53.00,2.55,2.10,3.72,3.88,StockTitan 2026-06 losers final board
06,3,ADCT,2026-06-04,-57.14,Clinical Trial Results,ADC Therapeutics Announces Results From LOTIS-5 Phase 3 Confirmatory Clinical Trial of ZYNLONTA® in Combination with Rituximab in Relapsed or Refractory Diffuse Large B-Cell Lymphoma,9.73,1.24,0.30,-0.03,0.66,StockTitan 2026-06 losers final board
06,4,SOC,2026-06-30,-55.81,Offering / Dilution,Sable Offshore Corp. Announces Proposed Offerings of Common Stock and Convertible Senior Notes,24.77,1.87,1.78,1.78,3.15,StockTitan 2026-06 losers final board
06,5,CNTX,2026-06-15,-51.14,Clinical Trial Results,Context Therapeutics Announces Positive Interim Efficacy and Safety Results from Ongoing Phase 1 Clinical Trial for CTIM-76,12.83,2.55,2.10,3.72,3.88,StockTitan 2026-06 losers final board
06,6,FULC,2026-06-02,-51.09,Clinical Trial Results,Fulcrum Therapeutics Announces Discontinuation of Pociredir Program in Sickle Cell Disease and Initiation of Strategic Review,53.28,1.19,1.20,0.39,2.19,StockTitan 2026-06 losers final board
06,7,NYXH,2026-06-05,-49.65,Offering / Dilution,Nyxoah Announces Proposed Offering of Ordinary Shares,76.02,-0.48,-2.50,-2.99,-4.45,StockTitan 2026-06 losers final board
06,8,NMRA,2026-06-15,-48.62,Clinical Trial Results,Neumora Therapeutics Reports Data from Phase 3 KOASTAL Program and Provides Business and Pipeline Update,15.55,2.55,2.10,3.72,3.88,StockTitan 2026-06 losers final board
06,9,HRTX,2026-06-02,-45.60,Other Announcement,U.S. District Court Issues Decision Regarding CINVANTI® Patents,8.78,1.19,1.20,0.39,2.19,StockTitan 2026-06 losers final board
06,10,ABVX,2026-06-02,-44.10,Clinical Trial Results,Abivax Announces Landmark Phase 3 ABTECT Maintenance Trial Results Evaluating Obefazimod in Moderately to Severely Active Ulcerative Colitis,13.56,1.19,1.20,0.39,2.19,StockTitan 2026-06 losers final board
06,11,NNOX,2026-06-25,-43.99,Earnings,Nanox Announces First Quarter 2026 Financial Results and Provides Business Updates,8.14,1.33,-1.04,3.09,-0.85,StockTitan 2026-06 losers final board
06,12,CMTL,2026-06-15,-42.96,M&A / Acquisition,Comtech Announces Definitive Agreement to Sell Most of Its Satellite and Space Communications Business to Gilat,6.44,2.55,2.10,3.72,3.88,StockTitan 2026-06 losers final board
06,13,SNWV,2026-06-16,-41.99,,Sanuwave Health Updates Second Quarter 2026 Guidance,11.01,1.46,1.83,2.53,3.11,StockTitan 2026-06 losers final board
06,14,HTZ,2026-06-24,-40.71,Offering / Dilution,Hertz Announces Proposed Offering of $100 Million of Common Stock,14.48,-0.89,-2.30,1.56,-2.64,StockTitan 2026-06 losers final board
06,15,EVMN,2026-06-29,-40.23,Clinical Trial Results,Evommune Announces Top-line Results from EVO756 Phase 2b Trial in Moderate-to-Severe Chronic Spontaneous Urticaria,18.33,1.68,-0.46,0.25,-1.92,StockTitan 2026-06 losers final board
06,16,UNCY,2026-06-30,-39.09,Clinical Trial Results,Unicycive Therapeutics Receives Complete Response Letter from FDA Regarding Resubmitted Oxylanthanum Carbonate (OLC) New Drug Application (NDA),6.58,1.87,1.78,1.78,3.15,StockTitan 2026-06 losers final board
06,17,CGTX,2026-06-24,-38.18,Clinical Trial Results,Cognition Therapeutics Aligns on Key Aspects of Pivotal Study for Zervimesine (CT1812) in DLB Psychosis Following Receipt of FDA Meeting Minutes,6.21,-0.89,-2.30,1.56,-2.64,StockTitan 2026-06 losers final board
06,18,SRXH,2026-06-18,-37.59,M&A / Acquisition,"SRx Health Solutions Closes EMJX Acquisition and Launches AI-Driven Platform Strategy Under New Name and Brand, SRX Global, Focused on Investments in High-Conviction Operating Companies and Assets",8.73,0.06,1.23,1.75,3.24,StockTitan 2026-06 losers final board
06,19,DOMO,2026-06-16,-37.12,Earnings,Domo Announces First Quarter Fiscal 2027 Financial Results and Provides Strategic Alternatives Process Update,8.69,1.46,1.83,2.53,3.11,StockTitan 2026-06 losers final board
06,21,OCS,2026-06-01,-36.09,Other Announcement,Oculis Publishes Notifications of Transactions by Persons Discharging Managerial Responsibilities,19.32,1.27,1.71,1.35,3.50,StockTitan 2026-06 losers final board
06,22,NVCT,2026-06-30,-35.54,Offering / Dilution,Nuvectis Pharma Announces Proposed Public Offering of Common Stock,39.19,1.87,1.78,1.78,3.15,StockTitan 2026-06 losers final board
06,23,INVE,2026-06-25,-32.25,M&A / Acquisition,"Identiv Announces Agreement to Sell its IoT Assets to Trackonomy, Creating a Global Physical AI and Intelligent Supply Chain Leader",7.92,1.33,-1.04,3.09,-0.85,StockTitan 2026-06 losers final board
06,25,LAB,2026-06-08,-30.16,M&A / Acquisition,Standard BioTools and Treeline Biosciences Announce Merger Agreement,7.05,-0.77,-2.53,-1.68,-3.58,StockTitan 2026-06 losers final board
07,1,CPHI,2026-07-22,-78.89,Offering / Dilution,"China Pharma Holdings, Inc. Comments on Unusual Market Activity",1003.77,-0.13,-0.96,-0.67,-1.74,StockTitan 2026-07 losers final board
07,2,MPLT,2026-07-27,-72.91,Clinical Trial Results,MapLight Therapeutics Announces Positive Topline Results from Phase 2 ZEPHYR Trial of ML-007C-MA in Schizophrenia,16.79,1.31,-0.44,0.20,-1.99,StockTitan 2026-07 losers final board
07,3,KPTI,2026-07-31,-72.61,Clinical Trial Results,Karyopharm Announces Topline Results from Phase 3 XPORT-EC-042 Trial in Endometrial Cancer,34.18,0.64,1.07,-0.00,0.52,StockTitan 2026-07 losers final board
07,4,CAPR,2026-07-27,-64.49,FDA & Regulatory,Capricor Comments on Briefing Materials Ahead of July 29 FDA Advisory Committee Meeting for Deramiocel,12.40,1.31,-0.44,0.20,-1.99,StockTitan 2026-07 losers final board
07,6,ZONE,2026-07-29,-54.01,Contract / Partnership,"CleanCore Solutions, Inc. (NYSE AMERICAN: ZONE) Signs AI Colocation Services Agreement with Cerebras Systems (NASDAQ: CBRS) for a Data Center Campus in Minnesota",14.57,1.46,-2.40,-1.76,-6.18,StockTitan 2026-07 losers final board
07,8,MYGN,2026-07-31,-46.74,Earnings,"Myriad Genetics Reports Second Quarter 2026 Financial Results; Deploying New Initiatives Focused on Driving Increased Efficiency, Productivity and Scalability",7.83,0.64,1.07,-0.00,0.52,StockTitan 2026-07 losers final board
07,9,CYCU,2026-07-31,-44.84,Offering / Dilution,Cycurion Announces a Warrant Inducement Transaction for $4.5 Million in Gross Proceeds Priced At-the-Market Under Nasdaq Rules,135.23,0.64,1.07,-0.00,0.52,StockTitan 2026-07 losers final board
07,10,CCB,2026-07-30,-43.52,Earnings,Coastal Financial Corporation Announces Second Quarter 2026 Results,17.73,1.63,0.48,0.17,-1.21,StockTitan 2026-07 losers final board
07,11,SPWR,2026-07-28,-40.00,Earnings,SunPower Reports Q2’26 Results,11.19,2.29,-0.98,-1.03,-4.71,StockTitan 2026-07 losers final board
07,12,ELTX,2026-07-02,-37.35,Offering / Dilution,Elicio Therapeutics Announces Pricing of $15 Million Registered Direct Offering,5.03,1.47,1.57,-0.45,-0.53,StockTitan 2026-07 losers final board
07,13,INO,2026-07-30,-36.92,Offering / Dilution,INOVIO Announces Proposed Public Offering,20.34,1.63,0.48,0.17,-1.21,StockTitan 2026-07 losers final board
07,14,CAPR,2026-07-30,-36.23,FDA & Regulatory,Capricor Therapeutics Provides Update on FDA Advisory Committee Meeting for Deramiocel,9.51,1.63,0.48,0.17,-1.21,StockTitan 2026-07 losers final board
07,15,FAC,2026-07-13,-35.62,Contract / Partnership,Factorial and Tulip Seal Strategic Partnership after Successful Flight Test,23.12,-0.38,-0.28,-1.80,-1.50,StockTitan 2026-07 losers final board
07,16,PSN,2026-07-29,-35.00,Earnings,Parsons Reports Second Quarter 2026 Results,10.30,1.46,-2.40,-1.76,-6.18,StockTitan 2026-07 losers final board
07,17,BYRN,2026-07-09,-33.67,Earnings,Byrna Technologies Reports Fiscal Second Quarter 2026 Results,10.92,0.07,0.79,-0.73,-0.29,StockTitan 2026-07 losers final board
07,21,ZBAO,2026-07-08,-32.96,Other Announcement,"Zhibao Technology Inc. Announces Cooperation with Tianfu Citizen's Cloud Platform, Providing Embedded Insurance Solutions to Over 20 Million New End Users",60.85,-0.27,-0.18,-2.34,-3.36,StockTitan 2026-07 losers final board
07,22,CYCU,2026-07-17,-32.68,Uplisting / Compliance,"Cycurion Receives Nasdaq Delisting Determination Letter; Appeal Underway, Trading to Continue, Focus on Shareholder Value",8.25,-0.43,-1.54,-0.62,-4.17,StockTitan 2026-07 losers final board
07,24,YSXT,2026-07-13,-30.39,Earnings,YSX TECH. CO. LTD Reports Full Year 2026 Financial Results,75.22,-0.38,-0.28,-1.80,-1.50,StockTitan 2026-07 losers final board
