month,ticker,crash_date,crash_pct,relative_volume_iex,rsp_prior5_pct,classification,confidence,pre_rebound_reason,crash_close_yahoo,day1_pct,day3_pct,day5_pct,day10_pct,max_additional_downside_10d_pct,status,outcome_source
01,ZBIO,2026-01-05,-51.86,21.24,0.42,Probable Overreaction,High,Headline explicitly reported positive Phase 3 results.,16.610001,-8.4889,-1.2041,19.0849,25.7074,-17.2788,COMPLETE,Yahoo Finance daily bars via yfinance
01,IMRX,2026-01-08,-43.22,13.34,2.57,Probable Overreaction,High,Headline explicitly reported exceptional 64% 12-month overall survival.,4.73,-1.5856,-12.5793,-1.9028,13.3192,-14.5877,COMPLETE,Yahoo Finance daily bars via yfinance
01,ACRV,2026-01-08,-34.58,18.65,2.57,Probable Overreaction,High,Headline explicitly reported positive Phase 2b clinical data and expansion.,1.93,-9.3264,-11.9171,-3.1088,6.2176,-18.6528,COMPLETE,Yahoo Finance daily bars via yfinance
01,CRDF,2026-01-27,-31.97,6.58,1.46,Probable Overreaction,High,Headline explicitly reported a positive clinical-trial update.,2.0,-19.0,-12.5,-16.0,-22.5,-26.0,COMPLETE,Yahoo Finance daily bars via yfinance
02,GRAL,2026-02-20,-50.55,10.70,1.66,Probable Overreaction,High,Headline reported substantial reduction in Stage IV diagnoses and materially higher cancer detection.,50.209999,-14.2999,3.1468,6.0147,0.0398,-17.3471,COMPLETE,Yahoo Finance daily bars via yfinance
02,ODD,2026-02-25,-49.21,15.70,0.00,Probable Overreaction,High,Headline explicitly reported record full-year results.,14.74,-6.6147,-16.4857,-11.8046,-14.8914,-26.73,COMPLETE,Yahoo Finance daily bars via yfinance
02,UPB,2026-02-11,-47.18,10.97,1.59,Probable Overreaction,High,Headline explicitly reported positive top-line Phase 2 results.,14.69,-12.8659,-43.2948,-41.8652,-46.2219,-47.5834,COMPLETE,Yahoo Finance daily bars via yfinance
05,TRDA,2026-05-07,-57.27,15.51,0.11,Probable Overreaction,High,Headline explicitly reported positive topline Phase 1/2 results.,6.85,-0.146,3.9416,-0.292,-7.8832,-17.8102,COMPLETE,Yahoo Finance daily bars via yfinance
05,ENHA,2026-05-26,-43.47,23.05,2.36,Probable Overreaction,High,Headline reported sponsorship deal value surpassing $32 million.,3.03,-8.5809,-0.6601,-6.6007,29.3729,-22.4422,COMPLETE,Yahoo Finance daily bars via yfinance
05,TLSI,2026-05-13,-41.45,37.56,-0.93,Probable Overreaction,High,Headline explicitly described commercial and clinical progress supporting long-term growth.,2.67,-5.618,13.4831,21.3483,22.4719,-11.985,COMPLETE,Yahoo Finance daily bars via yfinance
05,IDN,2026-05-13,-38.37,7.52,-0.93,Probable Overreaction,High,Headline explicitly reported record first-quarter results.,4.45,2.6966,-3.8202,-2.9213,-3.3708,-9.6629,COMPLETE,Yahoo Finance daily bars via yfinance
05,FSLY,2026-05-07,-38.23,5.13,0.11,Probable Overreaction,High,Headline explicitly reported record first-quarter financial results.,19.5,5.1795,-2.4103,-9.3333,-15.8974,-17.0256,COMPLETE,Yahoo Finance daily bars via yfinance
05,RGNX,2026-05-14,-37.80,7.82,0.05,Probable Overreaction,High,Headline explicitly reported positive topline pivotal Phase III results.,6.245,-8.4067,-9.3675,8.0865,12.2498,-12.6501,COMPLETE,Yahoo Finance daily bars via yfinance
05,BDTX,2026-05-22,-35.77,9.28,2.51,Probable Overreaction,High,Headline explicitly reported positive Phase 2 results.,2.28,2.193,-1.3158,-0.8772,-18.8596,-19.0789,COMPLETE,Yahoo Finance daily bars via yfinance
05,ZS,2026-05-27,-31.52,9.13,2.89,Probable Overreaction,High,Headline explicitly reported strong third-quarter fiscal results.,126.410004,2.8716,23.1785,6.297,-1.329,-4.3976,COMPLETE,Yahoo Finance daily bars via yfinance
05,CRBP,2026-05-26,-30.31,6.46,2.36,Probable Overreaction,High,Headline explicitly reported updated clinical data demonstrating robust activity.,7.91,-1.1378,0.0,-4.6776,-2.6549,-9.9874,COMPLETE,Yahoo Finance daily bars via yfinance
06,CNTX,2026-06-15,-51.14,12.83,2.55,Probable Overreaction,High,Headline explicitly reported positive interim efficacy and safety results.,0.679,-4.271,-6.9219,-3.9764,-18.4094,-19.7349,COMPLETE,Yahoo Finance daily bars via yfinance
07,MPLT,2026-07-27,-72.91,16.79,1.31,Probable Overreaction,High,Headline explicitly reported positive topline Phase 2 results.,9.905,24.2807,41.6456,26.7037,22.9682,-8.1272,COMPLETE,Yahoo Finance daily bars via yfinance
07,ZONE,2026-07-29,-54.01,14.57,1.46,Probable Overreaction,High,Headline announced a new AI colocation services agreement.,0.322,8.0745,13.0435,-4.9689,-54.9689,-61.4907,COMPLETE,Yahoo Finance daily bars via yfinance
07,FAC,2026-07-13,-35.62,23.12,-0.38,Probable Overreaction,High,Headline announced a strategic partnership after a successful flight test.,6.0,1.3333,-7.0,-13.0,-20.8333,-23.6667,COMPLETE,Yahoo Finance daily bars via yfinance
