month,rank,ticker,crash_date,crash_pct,crash_rv,d1_ret,d2_ret,d3_ret,d5_ret,d1_low_ret,d2_low_ret,d3_low_ret,d1_high_ret,d2_high_ret,d3_high_ret,higher_low_d2,higher_low_d3,two_higher_lows,d1_reclaim_mid,d2_reclaim_mid,d3_reclaim_mid,any_reclaim_mid,d1_vol_vs_crash,d2_vol_vs_crash,d3_vol_vs_crash,d1_range_vs_crash,d2_range_vs_crash,d3_range_vs_crash,d1_close_pos,d2_close_pos,d3_close_pos,max_high_3,min_low_3,target_d5_positive
01,1,QNCX,2026-01-29,-91.51,6.12,-36.89,-34.59,-45.89,-45.89,-40.33,-41.67,-46.56,-5.93,-32.63,-33.33,0,0,0,0,0,0,0,2.827,0.465,0.511,0.032,0.008,0.012,0.1,0.783,0.05,-5.93,-46.56,0
01,3,OTLK,2026-01-02,-58.23,6.7,-16.72,-20.34,-11.35,-11.74,-24.14,-22.75,-20.97,1.96,-11.9,-5.64,1,1,1,0,0,0,0,1.007,0.206,0.687,1.58,0.657,0.928,0.284,0.223,0.628,1.96,-24.14,0
01,4,ATRA,2026-01-12,-56.99,40,-25.74,-23.36,-21.67,-25.32,-27.27,-25.83,-23.87,0.25,-19.29,-13.34,1,1,1,0,0,0,0,0.526,0.211,0.381,1.761,0.418,0.674,0.056,0.377,0.21,0.25,-27.27,0
01,6,ZBIO,2026-01-05,-51.86,21.24,-9.53,-1.14,-1.61,18.17,-17.81,-12.28,-5.44,-6.28,2.09,1.61,1,1,1,0,1,1,1,0.474,0.223,0.057,0.49,0.61,0.299,0.718,0.775,0.542,2.09,-17.81,1
01,7,TIL,2026-01-06,-45.81,38.41,8.04,9.39,7.44,7.29,3.08,4.06,5.33,9.99,9.54,7.74,1,1,1,1,1,1,1,0.627,0.29,0.189,0.377,0.299,0.131,0.717,0.973,0.875,9.99,3.08,1
01,8,IMRX,2026-01-08,-43.22,13.34,-1.27,-10.6,-12.2,-1.48,-10.5,-11.77,-14.32,4.35,-2.65,-9.23,0,0,0,0,0,0,0,0.211,0.326,0.145,0.475,0.292,0.163,0.621,0.128,0.417,4.35,-14.32,0
01,9,VENU,2026-01-28,-40.16,14.43,8.77,5.07,0.78,13.84,3.9,-1.17,0,28.56,10.43,6.63,0,1,0,0,0,0,0,0.857,0.616,0.243,0.687,0.323,0.185,0.198,0.538,0.118,28.56,-1.17,1
01,10,AVX,2026-01-27,-39.88,51.6,-2.86,-26.81,-23.81,-31.44,-3.81,-29.52,-28.57,7.62,-2.86,-20.96,0,1,0,0,0,0,0,0.209,0.291,1.056,0.387,0.903,0.258,0.083,0.102,0.626,7.62,-29.52,0
01,11,PSTV,2026-01-14,-38.23,39.62,-4.56,-1.37,-1.95,-2.74,-8.54,-9.74,-3.15,1.3,2.23,4.08,0,1,0,1,1,1,1,0.175,0.251,0.197,0.587,0.714,0.431,0.404,0.699,0.166,4.08,-9.74,0
01,12,SEV,2026-01-23,-37.76,71.16,1.36,-1.02,-4.42,1.7,-7.82,-5.78,-6.12,2.38,5.1,0.68,1,0,0,1,1,0,1,0.253,0.059,0.133,0.638,0.681,0.426,0.9,0.438,0.25,5.1,-7.82,1
01,14,BBNX,2026-01-09,-37.04,16.36,-12.36,-13.93,-15.3,-7.58,-12.79,-20.14,-19.99,-0.25,-12.21,-14.26,0,1,0,0,0,0,0,0.326,0.172,0.163,0.671,0.424,0.307,0.034,0.783,0.817,-0.25,-20.14,0
01,15,AQST,2026-01-09,-37.04,13.51,-10.49,-12.53,-10.23,-15.73,-10.74,-17.77,-13.81,-1.02,-10.74,-8.06,0,1,0,0,0,0,0,0.438,0.346,0.164,0.691,0.5,0.409,0.026,0.745,0.622,-1.02,-17.77,0
01,16,ACRV,2026-01-08,-34.58,18.65,-9.02,-14.95,-12.37,-4.12,-9.28,-16.75,-18.56,3.09,-11.34,-10.57,0,0,0,0,0,0,0,0.243,0.205,0.082,0.271,0.119,0.175,0.021,0.333,0.774,3.09,-18.56,0
01,17,PFSI,2026-01-30,-33.25,12.99,-6.82,-6.77,-3.89,-4.52,-9.04,-11.22,-7.95,-1.84,-6.29,-3.59,0,1,0,0,0,0,0,0.799,0.99,0.284,0.442,0.303,0.268,0.308,0.903,0.931,-1.84,-11.22,0
01,18,CRMD,2026-01-08,-32.77,6.43,1.67,-4.8,-5.73,-6.66,1.4,-6.6,-6,8.46,0,-2.86,0,1,0,0,0,0,0,0.43,0.195,0.122,0.245,0.229,0.109,0.038,0.273,0.085,8.46,-6.6,0
01,19,CRDF,2026-01-27,-31.97,6.58,-18.8,-19.3,-12.78,-15.54,-18.8,-19.3,-20.55,1.25,-8.52,-12.28,0,0,0,0,0,0,0,0.796,0.387,0.373,1.633,0.878,0.673,0,0,0.939,1.25,-20.55,0
01,20,CVLT,2026-01-27,-31.1,13.11,1.01,-1.62,-3.56,-7.99,0.69,-3.82,-4.58,5.43,0.42,-1.73,0,0,0,0,0,0,0,0.517,0.363,0.177,0.207,0.184,0.124,0.067,0.52,0.356,5.43,-4.58,0
01,21,SLE,2026-01-21,-31.04,9.15,1.89,1089.54,1163.27,1179.98,0.29,904.72,1106.25,4.23,1669.56,1163.27,1,1,1,0,1,1,1,0.267,0.966,0.06,0.158,30.702,2.289,0.405,0.242,1,1669.56,0.29,1
02,1,GOSS,2026-02-23,-80.13,12.74,-1.26,-9.13,-4.42,2.04,-15.31,-20.97,-13.17,5.23,-4.78,-0.76,0,1,0,0,0,0,0,0.277,0.14,0.097,0.366,0.288,0.221,0.684,0.731,0.705,5.23,-20.97,1
02,2,MAMO,2026-02-03,-59.49,223.24,-6.84,-15.21,-17.11,-23.19,-20.15,-17.11,-22.43,-6.84,-12.93,-17.11,1,0,0,0,0,0,0,0.121,0.041,0.047,0.875,0.275,0.35,1,0.455,1,-6.84,-22.43,0
02,3,AZI,2026-02-10,-56.9,73.53,-29.61,-39.84,-39.36,-49.16,-31.33,-40.75,-42.49,-10.84,-30.52,-37.07,0,0,0,0,0,0,0,0.116,0.044,0.025,0.331,0.165,0.088,0.084,0.089,0.577,-10.84,-42.49,0
02,4,KD,2026-02-09,-54.92,36.14,5.05,14.45,7.08,28.52,0.47,6.99,3.87,12.89,15.77,16.53,1,0,0,1,1,1,1,0.396,0.121,0.116,1.004,0.71,1.023,0.369,0.849,0.254,16.53,0.47,1
02,5,UHG,2026-02-23,-51.68,25.13,0,-0.43,0.43,3.03,-0.43,-0.43,0,0,1.3,0.87,0,1,0,0,0,0,0,0.084,0.151,0.046,0.038,0.154,0.077,1,0,0.5,1.3,-0.43,1
02,6,GRAL,2026-02-20,-50.55,10.7,-14.53,0.31,2.83,5.72,-17.45,-14.53,-4.48,-3.85,2.98,5.83,1,1,1,0,0,0,0,0.519,0.506,0.215,0.813,1.047,0.616,0.215,0.847,0.709,5.83,-17.45,1
02,7,ODD,2026-02-25,-49.21,15.7,-6.35,-20.24,-16.23,-11.71,-11.71,-21.09,-26.59,-2.31,-4.65,-13.65,0,0,0,0,0,0,0,0.714,0.53,0.371,0.466,0.815,0.641,0.57,0.052,0.801,-2.31,-26.59,0
02,8,UPB,2026-02-11,-47.18,10.97,-12.82,-40.48,-43.11,-41.81,-12.99,-41.85,-45.63,-2.11,-16.58,-38.95,0,0,0,0,0,0,0,0.635,1.111,0.527,0.218,0.505,0.134,0.016,0.054,0.378,-2.11,-45.63,0
02,9,XPOF,2026-02-27,-47.08,16.65,8.94,15.06,29.76,37.18,-8.47,0.59,5.41,9.06,16.94,37.65,1,1,1,0,0,1,1,0.375,0.366,0.273,0.32,0.299,0.589,0.993,0.885,0.755,37.65,-8.47,1
02,11,EAF,2026-02-06,-46.21,7.45,5.32,-13.83,-10.34,-20.69,-20.45,-13.83,-16.02,5.79,-0.95,-7.21,1,0,0,0,0,0,0,0.464,0.468,0.31,0.558,0.274,0.187,0.982,0,0.644,5.79,-20.45,0
02,12,JFB,2026-02-17,-43.09,10.22,26.13,23.34,11.35,11.55,12.43,20.05,10.88,39.33,33.3,24.07,1,0,0,0,0,0,0,1.837,0.142,0.338,0.255,0.126,0.125,0.509,0.248,0.036,39.33,10.88,1
02,13,MCRB,2026-02-12,-41.66,18.77,4.11,-2.24,-0.06,6.35,4.11,-2.24,-1.09,19.54,1.27,11.07,0,1,0,0,0,0,0,0.236,0.035,0.129,0.477,0.108,0.376,0,0,0.085,19.54,-2.24,1
02,14,CTEV,2026-02-24,-41.58,7.41,8.12,3.1,-1.78,23.96,-11.94,-1.64,-5.13,10.78,6.12,4.59,1,0,0,0,0,0,0,0.599,0.316,0.237,0.355,0.121,0.152,0.883,0.61,0.345,10.78,-11.94,1
02,16,ICLR,2026-02-12,-39.85,33.21,15.87,10.58,20.54,24.5,1.72,10.38,10.76,20.41,17.12,21.49,1,1,1,1,1,1,1,0.329,0.137,0.076,0.735,0.265,0.422,0.757,0.03,0.912,21.49,1.72,1
02,19,LASE,2026-02-06,-38.41,44.24,23.7,26.04,30.22,27.16,-3.94,15.62,19.13,25,35.25,36.9,1,1,1,0,0,0,0,0.087,0.059,0.066,0.178,0.121,0.109,0.955,0.531,0.624,36.9,-3.94,1
02,21,FLGT,2026-02-27,-38.09,9.93,-7.31,-9.95,-8.71,-4.34,-8.19,-11.91,-10.54,-2.51,-8.06,-6.04,0,1,0,0,0,0,0,0.822,0.294,0.221,0.285,0.193,0.226,0.155,0.508,0.406,-2.51,-11.91,0
02,22,PLYX,2026-02-03,-37.29,7.33,3.87,3.87,-64.07,-78.45,3.87,3.87,-64.07,3.87,3.87,-58.03,0,0,0,0,0,0,0,0.292,0,2.016,0,0,0.398,,,0,3.87,-64.07,0
02,23,ERII,2026-02-26,-35.3,11.62,0.19,-1.15,-1.68,3.17,-3.56,-5.29,-6.87,3.61,-0.77,-1.68,0,0,0,0,0,0,0,0.279,0.243,0.259,0.637,0.402,0.462,0.523,0.915,1,3.61,-6.87,1
02,24,RUN,2026-02-27,-35.11,9.01,-5.94,-13.37,-8.64,-14.88,-9.2,-13.67,-12.77,-1.5,-9.62,-5.9,0,1,0,0,0,0,0,0.301,0.35,0.255,0.166,0.088,0.148,0.424,0.074,0.601,-1.5,-13.67,0
02,26,SMWB,2026-02-18,-34.62,36.76,1.39,9.92,0.99,7.94,-7.54,2.38,0.4,8.73,15.87,8.73,1,0,0,0,1,0,1,0.347,0.081,0.063,0.547,0.453,0.28,0.549,0.559,0.071,15.87,-7.54,1
02,27,ARRY,2026-02-26,-33.82,7.34,4.19,3.99,3.02,-1.86,-5.98,-1.03,-0.34,5.15,5.84,5.22,1,1,1,1,1,0,1,0.369,0.239,0.195,0.559,0.345,0.279,0.914,0.73,0.605,5.84,-5.98,0
02,30,RAL,2026-02-05,-31.79,7.64,2.98,7.32,12.25,11.02,-0.42,4.46,6.64,5.15,9.61,12.53,1,1,1,1,1,1,1,0.55,0.384,0.62,0.518,0.481,0.549,0.611,0.556,0.951,12.53,-0.42,1
02,32,SHLS,2026-02-24,-30.96,6.88,0.07,-7.3,-13.51,-13.44,-1.1,-11.03,-16.58,8.4,-4.24,-7.96,0,0,0,0,0,0,0,0.436,0.386,0.38,0.411,0.294,0.373,0.123,0.548,0.356,8.4,-16.58,0
02,34,CRGO,2026-02-23,-30.18,5.8,-0.96,-14.38,-15.02,-15.02,-2.24,-14.38,-17.57,3.83,1.6,-13.74,0,0,0,0,0,0,0,0.172,0.448,0.075,0.213,0.562,0.135,0.211,0,0.667,3.83,-17.57,0
05,1,ENGN,2026-05-07,-80.56,28.09,-14.24,-13.95,-15.99,4.94,-15.7,-15.99,-18.02,1.74,-8.14,-13.37,0,0,0,0,0,0,0,1.129,0.347,0.163,0.577,0.26,0.154,0.083,0.259,0.438,1.74,-18.02,1
05,2,VRRM,2026-05-27,-70.57,18.77,6.88,16.88,26.49,6.75,-3.38,4.16,16.75,9.22,22.47,30.52,1,1,1,0,1,1,1,0.494,0.275,0.228,0.229,0.333,0.251,0.814,0.695,0.708,30.52,-3.38,1
05,3,EMBC,2026-05-05,-57.84,14.46,-8.85,-7.44,-6.79,-12.95,-8.97,-11.41,-11.03,3.59,-2.95,-4.1,0,1,0,0,0,0,0,0.446,0.587,0.536,0.421,0.283,0.232,0.01,0.47,0.611,3.59,-11.41,0
05,4,TRDA,2026-05-07,-57.27,15.51,-1.52,1.67,3.04,-1.09,-12.03,-1.01,0.8,-0.58,6.52,8.99,1,1,1,1,1,1,1,0.462,0.277,0.461,0.381,0.251,0.272,0.918,0.356,0.274,8.99,-12.03,0
05,5,PRIM,2026-05-06,-50.11,17.73,6.57,3.55,13.2,11.52,0.26,2.66,5.13,9,8.35,14.55,1,1,1,0,0,1,1,0.581,0.33,0.239,0.281,0.183,0.303,0.721,0.158,0.857,14.55,0.26,1
05,6,MDXH,2026-05-14,-49.5,13.36,-8.66,-14.29,-14.36,-14.65,-23.47,-14.29,-17.3,-1.02,-3.06,-13.63,1,0,0,0,0,0,0,0.451,0.571,0.084,1.574,0.787,0.257,0.66,0,0.802,-1.02,-23.47,0
05,7,WGS,2026-05-05,-49.2,15.17,-0.3,16.74,17.46,13.63,-6.94,0.69,8.59,3.35,17.84,19.65,1,1,1,0,1,1,1,0.573,0.399,0.328,0.795,1.325,0.854,0.645,0.936,0.802,19.65,-6.94,1
05,8,ATYR,2026-05-12,-44.2,6.33,-25.92,4.59,-6.01,-8.55,-26.09,-20.38,-7.86,-0.99,8.07,6.8,1,1,1,0,0,0,0,0.989,1.798,0.745,0.492,0.557,0.287,0.007,0.878,0.126,8.07,-26.09,0
05,9,NGEN,2026-05-22,-43.48,149.51,2.9,0,0,-7.25,-4.11,-0.97,-0.97,6.52,3.38,1.93,1,0,0,1,0,0,1,0.32,0.085,0.101,1.048,0.429,0.286,0.659,0.222,0.333,6.52,-4.11,0
05,10,ENHA,2026-05-26,-43.47,23.05,-6.6,-2.03,2.2,-4.57,-19.8,-10.83,-9.48,-1.18,1.35,3.89,1,1,1,0,0,0,0,0.485,0.358,0.41,0.447,0.293,0.321,0.709,0.722,0.873,3.89,-19.8,0
05,11,GOSS,2026-05-18,-43.32,9.64,3.27,11.62,4.25,12.81,1.61,1.45,-1.4,13.54,13.49,17.58,0,0,0,0,0,0,0,0.624,0.314,0.223,0.202,0.204,0.322,0.139,0.845,0.298,17.58,-1.4,1
05,13,FWRD,2026-05-08,-43.05,11.14,6.39,-6.79,-11.66,-11.2,-3.35,-6.89,-12.16,7.35,3.6,-4.71,0,0,0,0,0,0,0,0.434,0.233,0.293,0.485,0.476,0.338,0.91,0.01,0.068,7.35,-12.16,0
05,15,TLSI,2026-05-13,-41.45,37.56,-6.36,2.06,12.9,20.93,-9.35,-11.78,3.18,4.49,2.06,14.21,0,1,0,0,0,1,1,0.274,0.36,0.136,0.267,0.267,0.213,0.216,1,0.881,14.21,-11.78,1
05,16,PSIX,2026-05-12,-39.15,8.01,19.02,8.67,2.2,-4.36,6.31,7,0.72,19.34,25.68,6.15,1,0,0,1,1,0,1,0.566,0.955,0.37,0.798,1.144,0.332,0.976,0.089,0.272,25.68,0.72,0
05,17,BRBR,2026-05-05,-38.77,8.57,4.28,-1.6,-3.1,-10.87,-8.75,-2.35,-4.52,5.27,7.53,1.03,1,0,0,1,0,0,1,0.406,0.217,0.297,0.571,0.402,0.226,0.93,0.076,0.254,7.53,-8.75,0
05,18,ARAY,2026-05-07,-38.55,6.23,28.47,16.46,6.41,-3.33,1.7,16.12,5.73,28.67,27.93,14.59,1,0,0,1,1,0,1,0.507,0.191,0.113,0.756,0.331,0.248,0.992,0.029,0.077,28.67,1.7,0
05,19,IDN,2026-05-13,-38.37,7.52,2.92,-6.85,-3.6,-2.92,-0.9,-7.64,-8.54,6.97,0,-2.02,0,0,0,0,0,0,0,0.399,0.387,0.173,0.207,0.201,0.172,0.486,0.103,0.759,6.97,-8.54,0
05,21,FSLY,2026-05-07,-38.23,5.13,5.23,0.44,-2.36,-9.18,0.62,-2.26,-4.98,8.06,10.47,1.59,0,0,0,0,0,0,0,0.383,0.254,0.211,0.336,0.574,0.296,0.621,0.212,0.398,10.47,-4.98,0
05,22,RGNX,2026-05-14,-37.8,7.82,-8.49,-9.85,-9.53,8.25,-8.57,-12.49,-11.45,3.76,-6.97,-8.33,0,1,0,0,0,0,0,0.449,0.387,0.217,0.365,0.164,0.092,0.006,0.478,0.615,3.76,-12.49,1
05,23,PLAB,2026-05-28,-36.42,11.84,-5,-6.26,-2.5,-7.25,-6.48,-7.41,-4.44,-0.29,-1.85,-0.68,0,1,0,0,0,0,0,0.635,0.334,0.169,0.494,0.443,0.3,0.24,0.206,0.516,-0.29,-7.41,0
05,25,BDTX,2026-05-22,-35.77,9.28,1.52,0.65,-2.17,-1.09,0.65,-0.43,-4.13,7.83,6.74,0.43,0,0,0,0,0,0,0,0.293,0.291,0.102,0.219,0.219,0.139,0.121,0.152,0.429,7.83,-4.13,0
05,26,ANGI,2026-05-06,-35.22,7.62,9.2,21.63,7.21,2.19,-4.28,4.08,5.54,10.97,22.88,23.51,1,1,1,0,1,0,1,0.4,0.531,0.263,0.49,0.604,0.577,0.884,0.933,0.093,23.51,-4.28,1
05,28,FTCI,2026-05-05,-33.2,13.41,14.95,23.95,26.71,22.5,-6.97,17.71,26.56,17.27,25.54,42.82,1,1,1,1,1,1,1,0.405,0.18,0.232,1.427,0.462,0.957,0.904,0.796,0.009,42.82,-6.97,1
05,30,LMB,2026-05-06,-32.55,9.08,-3.44,-6.58,-1.03,-6.11,-4,-6.58,-6.45,0.46,-2.23,0.83,0,1,0,0,0,0,0,0.718,0.426,2.536,0.206,0.201,0.336,0.127,0,0.744,0.83,-6.58,0
05,33,ATEC,2026-05-06,-31.67,7.57,11.19,7.75,0.22,8.39,2.44,7.6,-2.15,13.7,14.49,6.89,1,0,0,1,1,0,1,0.634,0.252,0.229,0.641,0.392,0.514,0.777,0.021,0.262,14.49,-2.15,1
05,34,ZS,2026-05-27,-31.52,9.13,2.9,10.52,23.21,6.27,-3.23,3.18,14.29,5.36,10.68,24.75,1,1,1,0,1,1,1,0.363,0.234,0.273,0.788,0.687,0.959,0.714,0.978,0.852,24.75,-3.23,1
05,35,PLNT,2026-05-07,-31.19,10.42,4.28,9.95,12.41,16.98,-5.57,2.7,12.3,5.61,10.25,17.14,1,1,1,1,1,1,1,0.63,0.505,0.719,0.662,0.447,0.287,0.881,0.961,0.023,17.14,-5.57,1
05,36,CRBP,2026-05-26,-30.31,6.46,-1.33,-3.16,-0.25,-4.43,-5.06,-5,-3.1,1.45,-2.15,2.09,1,1,1,0,0,0,0,0.828,0.315,0.223,0.34,0.149,0.271,0.573,0.644,0.549,2.09,-5.06,0
05,37,BRCB,2026-05-13,-30.26,9.52,-6.67,-8.5,-9.74,-16.74,-7.26,-8.96,-10.07,4.12,-5.3,-3.66,0,0,0,0,0,0,0,0.751,0.292,0.29,0.355,0.114,0.2,0.052,0.125,0.051,4.12,-10.07,0
06,1,ELTX,2026-06-15,-72.53,53,-34.06,14.36,-6.57,0.24,-34.79,-29.68,-10.71,-5.6,58.15,7.66,1,1,1,0,1,0,1,0.392,0.847,0.236,1.081,3.252,0.68,0.025,0.501,0.225,58.15,-34.79,1
06,3,ADCT,2026-06-04,-57.14,9.73,-22.35,-25.44,-16.29,-18.56,-23.11,-40.92,-24.71,3.41,-19.32,-12.5,0,1,0,0,0,0,0,0.541,0.69,0.313,1.346,1.097,0.62,0.029,0.717,0.69,3.41,-40.92,0
06,4,SOC,2026-06-30,-55.81,24.77,43.16,38.27,28.34,33.88,26.06,25.73,19.22,44.63,43.97,48.7,0,0,0,1,1,1,1,0.629,0.216,0.165,0.406,0.399,0.644,0.921,0.688,0.309,48.7,19.22,1
06,5,CNTX,2026-06-15,-51.14,12.83,-3.07,-10.91,-7.58,-5.36,-6.02,-13.47,-10.79,4.63,-2.29,-6.37,0,1,0,0,0,0,0,0.3,0.395,0.275,0.112,0.118,0.047,0.277,0.229,0.725,4.63,-13.47,0
06,6,FULC,2026-06-02,-51.09,53.28,2.24,7.68,17.76,12.48,-0.8,2.72,5.6,4.16,8.32,18.4,1,1,1,1,1,1,1,0.233,0.191,0.085,0.456,0.515,1.176,0.613,0.886,0.95,18.4,-0.8,1
06,7,NYXH,2026-06-05,-49.65,76.02,-3.55,-3.55,-8.51,-2.13,-3.55,-8.51,-9.93,18.44,4.96,2.84,0,0,0,0,0,0,0,1.852,0.281,0.373,0.816,0.5,0.474,0,0.368,0.111,18.44,-9.93,0
06,8,NMRA,2026-06-15,-48.62,15.55,68.9,66.72,64,73.26,0.7,44.38,56.37,72.71,67.27,76.53,1,1,1,1,1,1,1,0.725,0.256,0.166,2.324,0.738,0.65,0.947,0.976,0.378,76.53,0.7,1
06,9,HRTX,2026-06-02,-45.6,8.78,-0.91,6.2,-6.69,-10.13,-4.8,-2.18,-6.69,12.22,12,6.73,1,0,0,0,0,0,0,0.473,0.244,0.269,0.325,0.271,0.256,0.228,0.591,0,12.22,-6.69,0
06,10,ABVX,2026-06-02,-44.1,13.56,24.37,44.92,40.14,41.59,11.87,28.7,35.6,26.22,45.75,49.25,1,1,1,1,1,1,1,0.449,0.458,0.281,0.777,0.923,0.739,0.871,0.951,0.332,49.25,11.87,1
06,11,NNOX,2026-06-25,-43.99,8.14,26.65,38.68,35.24,50.14,-8.88,29.51,27.79,42.12,60.46,43.27,1,0,0,1,1,1,1,0.566,0.504,0.293,1.06,0.643,0.321,0.697,0.296,0.481,60.46,-8.88,1
06,12,CMTL,2026-06-15,-42.96,6.44,7.62,-7.26,-13.25,-12.7,-2.36,-8.71,-17.79,10.71,7.08,-9.44,0,0,0,0,0,0,0,0.591,0.55,0.329,0.206,0.249,0.132,0.764,0.092,0.543,10.71,-17.79,0
06,13,SNWV,2026-06-16,-41.99,11.01,7.03,7.44,5.8,0.23,-2.17,5.33,3.92,14.99,10.83,12.65,1,0,0,1,1,0,1,0.514,0.308,0.282,0.939,0.301,0.478,0.536,0.383,0.215,14.99,-2.17,1
06,14,HTZ,2026-06-24,-40.71,14.48,-10.7,-11.87,-23.08,-26.59,-15.89,-13.88,-24.25,-2.01,-8.86,-9.7,1,0,0,0,0,0,0,0.612,0.528,0.451,0.407,0.147,0.426,0.373,0.4,0.08,-2.01,-24.25,0
06,15,EVMN,2026-06-29,-40.23,18.33,-11.38,-14.64,-13.84,-11.38,-12.11,-15.3,-16.3,-0.93,-8.35,-7.98,0,0,0,0,0,0,0,0.14,0.215,0.241,0.511,0.318,0.38,0.065,0.096,0.296,-0.93,-16.3,0
06,16,UNCY,2026-06-30,-39.09,6.58,12.37,22.39,14.82,15.99,-4.58,9.59,12.15,12.69,23.35,26.01,1,1,1,1,1,1,1,0.608,0.367,0.272,0.9,0.717,0.722,0.981,0.93,0.192,26.01,-4.58,1
06,17,CGTX,2026-06-24,-38.18,6.21,10.84,10.84,7.39,11.33,-6.4,7.88,3.94,17.73,16.26,9.85,1,0,0,0,0,0,0,0.542,0.503,0.226,0.419,0.145,0.103,0.714,0.353,0.583,17.73,-6.4,1
06,18,SRXH,2026-06-18,-37.59,8.73,-10.46,-25.42,-25.42,-25.42,-12.95,-31.05,-25.42,4.34,-8.29,-25.42,0,1,0,0,0,0,0,0.623,0.236,0,0.318,0.419,0,0.144,0.247,,4.34,-31.05,0
06,19,DOMO,2026-06-16,-37.12,8.69,-2.44,17.85,11.98,34.47,-10.02,-1.22,6.6,4.4,23.47,16.38,1,1,1,0,1,1,1,0.433,0.359,0.253,0.602,1.031,0.408,0.525,0.772,0.55,23.47,-10.02,1
06,21,OCS,2026-06-01,-36.09,19.32,-15.59,-9.6,-18.99,-26.56,-15.97,-19.57,-22.07,-4.49,-8.02,-11.24,0,0,0,0,0,0,0,0.444,0.29,0.138,0.785,0.789,0.74,0.033,0.864,0.285,-4.49,-22.07,0
06,22,NVCT,2026-06-30,-35.54,39.19,6.23,7,7.55,2.65,2.19,5.74,7.38,10.77,11.02,12.68,1,1,1,0,1,1,1,0.299,0.352,0.278,0.497,0.305,0.307,0.471,0.238,0.031,12.68,2.19,1
06,23,INVE,2026-06-25,-32.25,7.92,4.4,3.6,1.6,4.8,-0.8,3.4,0.4,6.4,7,5.2,1,0,0,0,0,0,0,0.995,0.323,0.372,0.424,0.212,0.282,0.722,0.056,0.25,7,-0.8,1
06,25,LAB,2026-06-08,-30.16,7.05,10.01,9.93,12.54,5.53,-1.29,7.6,6.48,12.3,14.12,16.1,1,0,0,0,0,0,0,0.59,0.17,0.235,0.324,0.155,0.229,0.831,0.358,0.63,16.1,-1.29,1
07,1,CPHI,2026-07-22,-78.89,1003.77,3.61,-11.39,-29.17,-35.28,-5.56,-16.11,-33.33,27.5,-2.5,-26.67,0,0,0,0,0,0,0,0.752,0.077,0.037,0.598,0.246,0.121,0.277,0.347,0.625,27.5,-33.33,0
07,2,MPLT,2026-07-27,-72.91,16.79,23.02,50.15,40.84,25.78,-7.91,29.03,35.79,23.07,60.76,54.6,1,1,1,1,1,1,1,0.566,0.542,0.254,0.694,0.711,0.422,0.998,0.666,0.269,60.76,-7.91,1
07,3,KPTI,2026-07-31,-72.61,34.18,3.66,1.83,-0.26,10.18,-6.01,1.31,-1.57,6.53,9.92,7.05,1,0,0,0,0,0,0,0.154,0.163,0.07,0.381,0.262,0.262,0.771,0.061,0.152,9.92,-6.01,1
07,4,CAPR,2026-07-27,-64.49,12.4,-6.22,-6.22,-40.1,-39.96,-18.51,-6.22,-57.61,1.79,-6.22,-39.81,1,0,0,0,0,0,0,0.585,0,0.767,0.726,0,0.637,0.606,,0.984,1.79,-57.61,0
07,6,ZONE,2026-07-29,-54.01,14.57,9.28,12.86,13.43,-1.14,0.13,-1.43,10.9,38.31,23.19,20.47,0,1,0,0,0,0,0,0.58,0.18,0.132,0.392,0.253,0.098,0.24,0.58,0.265,38.31,-1.43,0
07,8,MYGN,2026-07-31,-46.74,7.83,4.89,10.65,10.12,13.61,-4.36,4.89,6.81,8.73,12.57,13.61,1,1,1,0,1,1,1,0.789,0.196,0.266,0.833,0.489,0.433,0.707,0.75,0.487,13.61,-4.36,1
07,9,CYCU,2026-07-31,-44.84,135.23,3.86,-5.87,-12.52,-30.59,0.9,-9.16,-17.09,33.98,7.87,-8.53,0,0,0,0,0,0,0,0.587,0.157,0.075,0.423,0.218,0.109,0.09,0.193,0.533,33.98,-17.09,0
07,10,CCB,2026-07-30,-43.52,17.73,2.68,7.12,10.31,10.15,-5.07,2.18,7.63,8.34,7.8,12.09,1,1,1,0,0,0,0,0.862,0.258,0.285,0.275,0.115,0.092,0.578,0.879,0.601,12.09,-5.07,1
07,11,SPWR,2026-07-28,-40,11.19,4.67,7.71,4.74,6.84,-5.82,-3.91,4.74,13.92,8.55,11.44,1,1,1,0,0,0,0,0.376,0.091,0.133,0.387,0.244,0.131,0.532,0.933,0,13.92,-5.82,1
07,12,ELTX,2026-07-02,-37.35,5.03,1.69,-13.87,6.93,7.55,0.46,-13.87,-3.85,9.24,1.69,13.1,0,1,0,0,0,0,0,0.673,0.667,1.093,0.487,0.863,0.94,0.14,0,0.636,13.1,-13.87,1
07,13,INO,2026-07-30,-36.92,20.34,2.6,5.9,0.85,1.12,-5.78,4.16,-1.79,3.22,9.14,7.23,1,0,0,1,1,1,1,0.311,0.401,0.069,0.375,0.208,0.376,0.931,0.351,0.293,9.14,-5.78,1
07,14,CAPR,2026-07-30,-36.23,9.51,-8.11,0.24,-0.36,-0.12,-9.31,-12.65,-2.15,11.22,0.24,5.37,0,1,0,1,1,1,1,0.206,0.339,0.184,0.691,0.434,0.253,0.058,1,0.238,11.22,-12.65,0
07,15,FAC,2026-07-13,-35.62,23.12,1,2.01,-6.19,-12.37,-6.86,-2.84,-10.54,7.36,2.76,-1.67,1,0,0,0,0,0,0,0.063,0.146,0.055,0.175,0.069,0.109,0.553,0.866,0.491,7.36,-10.54,0
07,16,PSN,2026-07-29,-35,10.3,8.02,10.14,18.52,18.99,1.64,5.49,13.2,8.24,13.13,19,1,1,1,1,1,1,1,0.449,0.265,0.336,0.232,0.268,0.204,0.966,0.608,0.916,19,1.64,1
07,17,BYRN,2026-07-09,-33.67,10.92,-1.9,-2.79,-10.66,-13.2,-3.3,-5.84,-10.79,5.33,0.25,-3.68,0,0,0,0,0,0,0,0.393,0.182,0.208,0.286,0.202,0.235,0.162,0.5,0.018,5.33,-10.79,0
07,21,ZBAO,2026-07-08,-32.96,60.85,19.27,71.92,18.04,12.49,-6.69,56.49,6.12,91.51,135.8,31.22,1,0,0,0,1,0,1,4.583,23.245,1.43,1.251,1.01,0.32,0.264,0.195,0.475,135.8,-6.69,1
07,22,CYCU,2026-07-17,-32.68,8.25,-13.18,-10.12,-3.12,3.47,-14.5,-16.46,-16.02,0.57,-2.81,38.46,0,1,0,0,0,0,0,0.156,0.121,1.822,0.452,0.409,1.633,0.088,0.464,0.237,38.46,-16.46,1
07,24,YSXT,2026-07-13,-30.39,75.22,5.25,33.44,33.44,33.44,5.25,14.87,33.44,49.23,33.44,33.44,1,1,1,1,1,1,1,2.071,0.138,0,4.173,1.762,0,0,1,,49.23,5.25,1
