month,rank,ticker,crash_date,crash_pct,relative_volume_iex,rsp_prior5_pct,day1_gap_pct,entry_day1_close,day1_to_day3_pct,day1_to_day5_pct,day1_to_day10_pct,max_adverse_excursion_day2_to10_pct,max_favorable_excursion_day2_to10_pct
01,3,CRGX,2025-01-30,-74.3,65.99,0.21,0,3.375,9.63,9.63,9.33,-2.81,16.3
01,8,XTIA,2025-01-08,-55.74,9.48,0.34,14501.59,7.24,-16.71,-11.6,-33.01,-40.61,1.38
01,9,SABS,2025-01-28,-52.52,88.16,-0.4,5.24,2.27,-7.05,-1.76,-27.53,-28.19,-0.44
01,15,EVTL,2025-01-23,-42.35,18.08,2.54,6.81,5.6,-11.79,-12.32,-10.71,-16.25,-2.86
01,20,SLRN,2025-01-07,-36.96,8.16,0.42,-2.49,2.15,0,-6.51,-8.6,-10.7,0.7
02,3,SEPN,2025-02-18,-46.99,21.27,0.93,1.97,5.58,5.02,-1.25,10.39,-5.38,18.1
02,6,TH,2025-02-24,-46.05,25.13,-0.6,-1.18,5.46,3.66,1.47,-0.55,-4.21,15.38
02,13,ATOM,2025-02-12,-38.5,5.91,-0.9,0.38,6.64,-11.45,-3.61,-21.23,-22.29,4.82
02,21,BILL,2025-02-07,-35.52,11.05,-0.6,1.9,64.965,-6.01,-7.94,-18.06,-21.61,1.04
02,26,OTLY,2025-02-12,-34.15,16.71,-0.9,13.85,0.5333,1549.17,1518.23,1705.74,-7.24,1812.62
02,29,FMC,2025-02-05,-33.53,11.32,0.27,0.89,35.65,-1.54,2.89,7.12,-5.13,7.42
02,41,THRD,2025-02-11,-30.11,68.95,0.18,4,3.54,1.69,1.13,-1.41,-5.08,3.95
03,32,GYRE,2025-03-18,-30.21,6.46,1.27,3.7,10.28,-5.4,-8.66,-37.99,-39.93,3.02
05,8,SLE,2025-05-09,-53.9,104.02,0.37,6.89,0.1602,4.06,13.48,10.8,-6.37,39.64
05,11,IOVA,2025-05-09,-44.79,11.04,0.37,6.3,1.925,-11.43,-13.77,-7.79,-14.81,1.82
05,12,URGN,2025-05-21,-44.69,10.31,-0.57,-2.04,4.055,-2.84,-1.85,26.39,-10.97,32.31
05,27,VSTS,2025-05-07,-37.54,7.15,1.25,1.66,6.26,4.63,-2.4,-10.7,-10.94,12.94
05,29,SYTA,2025-05-21,-36.39,32.99,-0.57,-1.45,6.47,-26.12,-47.6,-43.12,-53.48,11.51
05,30,DPRO,2025-05-02,-32.52,116.86,2.67,0,1.91,-5.24,-6.81,-3.14,-10.47,3.66
05,33,SLE,2025-05-29,-31.41,24.83,0.52,4.18,0.1895,-23.11,-31.08,-37.57,-39.53,1.32
05,38,ONTO,2025-05-09,-30.21,5.6,0.37,5.99,93.5,11.33,6.29,-1.57,-2.48,11.51
06,1,SBET,2025-06-13,-71.69,26.07,-0.75,17.89,13.35,-25.06,-32.62,-25.77,-34.23,0.97
06,6,ALT,2025-06-26,-53.18,10.24,1.63,0.97,3.495,20.89,35.91,18.45,-5.58,43.63
06,9,SRPT,2025-06-16,-42.12,10.52,0.2,0.79,21.52,-6.6,-11.8,-17.75,-21.49,2.56
06,10,UNCY,2025-06-10,-40.88,55.92,0.91,16.46,0.63,6.9,7.54,876.98,-4.63,1200.79
06,17,CBUS,2025-06-05,-34.32,7.22,0.36,6.49,1.645,-0.91,-2.74,-8.21,-14.59,3.34
06,19,DPRO,2025-06-11,-33.15,174.41,0.82,0.61,2.415,1.45,-4.35,19.67,-7.04,31.47
07,1,REPL,2025-07-22,-77.24,35.2,2.15,-0.36,3.335,-5.55,12.74,89.36,-9,141.68
07,15,RXST,2025-07-09,-37.84,13.94,0.49,-2.27,8.47,-8.62,-14.17,-6.97,-15.17,-2.01
07,25,EVTL,2025-07-09,-30.22,14.03,0.49,3.2,5.035,-1.09,12.61,32.08,-6.55,42.8
08,8,VKTX,2025-08-19,-42.12,5.72,0.95,1.09,25.69,1.44,1.44,4.3,-3.97,9.91
08,10,TZUP,2025-08-11,-38.87,8.11,-0.67,1.22,10.11,-6.03,-15.83,-45.2,-64.59,8.11
08,15,OMI,2025-08-11,-34.7,7.39,-0.67,0.43,5.47,-1.1,-0.18,-6.22,-10.42,6.58
08,16,JHX,2025-08-20,-34.44,13.53,-0.53,-0.7,19.78,0.2,2.96,-1.21,-3.03,5.66
08,18,FNKO,2025-08-08,-32.79,7.73,0.85,4.47,2.78,5.22,0.54,12.23,-7.01,14.75
08,23,IBTA,2025-08-14,-30.28,10.56,1.93,0.64,24.12,13.31,12.35,5.64,1.37,15.96
09,1,MLTX,2025-09-29,-89.93,43.63,0.38,2.48,7.17,4.04,20.92,48.54,-8.23,52.72
09,5,ZONE,2025-09-02,-52.92,541.23,-0.47,-3.95,3.48,-7.76,30.75,-22.13,-23.85,53.3
09,14,BYND,2025-09-29,-36.14,13.81,0.38,0.56,1.915,21.93,22.19,-45.95,-55.74,38.12
09,15,SNPS,2025-09-10,-35.84,18.48,0.35,7.13,439.08,-4.53,-3.09,6.66,-5.07,17.42
10,4,ARCT,2025-10-22,-50.17,12.74,0.51,-1.47,11.99,-11.93,-21.27,-28.11,-28.11,-1.08
10,15,COCH,2025-10-08,-41.5,96.5,0.43,1.42,0.9496,-2.64,-5.4,-15.5,-17.62,6.89
11,5,ELDN,2025-11-07,-49.76,5.15,-0.18,-1.46,2.245,-14.48,-21.38,-35.86,-38.98,-3.34
11,8,VOR,2025-11-11,-47.66,33.68,1.9,2.03,10.09,-0.99,-9.71,-21.41,-35.48,3.22
11,21,AVXL,2025-11-14,-35.94,8.96,-0.12,-4.12,3.575,0.42,-9.23,7.13,-16.08,13.15
12,1,MREO,2025-12-29,-87.65,20.16,0.35,5.04,0.3686,37.63,2.85,81.47,-9.63,86.22
12,2,RZLT,2025-12-11,-87.2,55.7,1.64,4.29,1.805,11.36,2.77,48.48,-15.51,55.96
12,7,CORT,2025-12-31,-50.42,15.69,-0.81,2.47,38.12,-6.22,-4.09,-7.32,-9.59,-0.68
12,10,MNTS,2025-12-15,-44.88,7.61,1.44,8.32,0.5263,1380.14,1602.45,884.23,-4.81,1868.46
12,12,RARE,2025-12-29,-42.32,13.7,0.35,0.63,22.78,3.69,-1.05,6.01,-3.64,9.75
12,16,PLCE,2025-12-17,-36.87,5.13,-0.7,2.27,4.795,-15.64,-16.37,-13.76,-18.87,-0.31
