order,symbol
1,MPLX
2,AI
3,AIFU
4,AIIA
5,AIIO
6,AIIR
7,AIM
8,AIOS
9,AIOT
10,AIP
11,CHPT
12,DXYZ
13,FRBT
14,GNTA
15,IBIO
16,ITG
17,RYDE
18,SNSC
19,AAC
20,FBLG
21,AACG
22,AACI
23,AACO
24,AACP
25,AAME
26,ABLV
27,ABTS
28,ABVC
29,ACAA
30,ACB
31,ACCS
32,ACCV
33,ACGC
34,ACH
35,BOWN
36,MB
37,ACON
38,JOB
39,ACTU
40,ADAG
41,ADBT
42,ADGM
43,ADIL
44,ADSE
45,NIXX
46,ADUR
47,AEHL
48,AEI
49,AEMD
50,AENT
51,AERO
52,AERT
53,AESP
54,ANNA
55,AFJK
56,AGCC
57,AGI
58,AGIG
59,AGM.A
60,AGPU
61,AGRZ
62,AHG
63,AHMA
64,AIAI
65,AIB
66,AIBZ
67,AIFF
68,AII
69,AIRI
70,AISP
71,AKBA
72,AKO.B
73,AKTX
74,ALAR
75,ALDF
76,ALF
77,ALGS
78,ALIS
79,ALOV
80,ALOY
81,ALP
82,ALPS
83,ALPX
84,ALUB
85,ALVO
86,AMAC
87,AMAN
88,AMBO
89,AMBR
90,ALX
91,AMCI
92,AMIX
93,AMOD
94,AMPG
95,AMSS
96,AMTD
97,AMWL
98,ANGH
99,ANL
100,ANPA
101,ANTA
102,APLM
103,APMC
104,APMD
105,APRE
106,APUR
107,APUS
108,AQB
109,AQMS
110,ARAI
111,ARAY
112,ARBB
113,ARBE
114,ARBK
115,ARCC
116,ARCL
117,AREC
118,ARQQ
119,ARTC
120,ARTW
121,ASBP
122,ASPC
123,ASTC
124,ASTI
125,ATCH
126,ATCX
127,ATER
128,ASTL
129,ATII
130,ATLQ
131,ATLX
132,ATPC
133,ATRA
134,ATTO
135,ATTT
136,ATYR
137,AUBN
138,AUC
139,AUID
140,AURE
141,AUST
142,AVAT
143,AVD
144,AVAL
145,AXG
146,AYTU
147,AZ
148,AZI
149,AZIO
150,AZTR
151,AZUL
152,BACC
153,BAER
154,BAFN
155,BAOS
156,BBDO
157,BBGI
158,BBLG
159,BCCQ
160,BCDA
161,BCG
162,BCSS
163,BDCI
164,BDL
165,BDMD
166,BDRX
167,BDSX
168,BEBE
169,BEEM
170,BETR
171,BFRG
172,BFRI
173,BGDE
174,BGIN
175,BGLC
176,BGM
177,BGMS
178,BGS
179,BH.A
180,BHAV
181,BHST
182,BIAF
183,BID
184,BIO.B
185,BIOT
186,BIOX
187,BIRD
188,BIVI
189,BIXI
190,BIYA
191,BJDX
192,BKHA
193,BKYI
194,BLIV
195,BLNE
196,BLNK
197,BLRX
198,BLSM
199,BLUW
200,BLZR
201,BMGL
202,BMHL
203,BMM
204,BNAI
205,BNGO
206,BOLT
207,BON
208,BOSC
209,BOT
210,BOXL
211,BPAC
212,BRAI
213,BRBI
214,BREZ
215,BRFH
216,BRIA
217,BRID
218,BRK.A
219,BRKH
220,BRLS
221,BRLT
222,BRN
223,BRNX
224,BRTM
225,BRTX
226,BRVE
227,BSAA
228,BSBR
229,BSP
230,BTBD
231,BTCT
232,BTOC
233,BTTC
234,BURU
235,BUUU
236,BWIV
237,BYAH
238,BYND
239,BYSI
240,BZAI
241,CABR
242,CAII
243,CALC
244,CAMP
245,CAN
246,CANF
247,CANG
248,CAPN
249,CAPR
250,CAPS
251,CAQ
252,CAST
253,CATL
254,CBLL
255,CBUS
256,CCAQ
257,CCCT
258,CCG
259,CCHH
260,CCII
261,CCM
262,CCTG
263,CCU
264,CD
265,CDIO
266,CDRO
267,CDT
268,CDTG
269,CDZIP
270,CELU
271,CELZ
272,CEPF
273,CEPO
274,CEPS
275,CEPV
276,CETY
277,CGBD
278,CGC
279,CGCF
280,CGTL
281,CGTX
282,CHAR
283,CHEC
284,CHGA
285,CHGG
286,CHNR
287,CHOW
288,CHPG
289,ELAB
290,CHR
291,CHRN
292,CHWM
293,CIGL
294,CIIT
295,CIRC
296,CISO
297,CISS
298,CITR
299,CJMB
300,CLBR
301,CLDI
302,CINT
303,CLGN
304,CLIK
305,CLPS
306,CLRB
307,CLRO
308,CLST
309,CMCM
310,CMMB
311,CMPX
312,CMTV
313,CNCK
314,CNEY
315,CNF
316,CNL
317,CNSY
318,CNTB
319,CNTN
320,CNTX
321,CNTY
322,CNXU
323,COCP
324,CODX
325,COOK
326,COOT
327,COPL
328,COPR
329,COSM
330,CPB
331,CPHC
332,CPHI
333,CPOP
334,CRAC
335,CRAN
336,CRAQ
337,CRD.B
338,CRDF
339,CRE
340,CRGO
341,CRIS
342,CRML
343,CRMT
344,CRVO
345,CSAI
346,CSHR
347,CSQ
348,CSWC
349,CTAA
350,CTM
351,CTOR
352,CTXR
353,CUE
354,CURR
355,CURX
356,CUVL
357,CV
358,CVKD
359,CVM
360,CXAI
361,CXII
362,CYAB
363,CYCU
364,CYN
365,DAAQ
366,DAIC
367,DAIO
368,DARE
369,DBCA
370,DBGI
371,DBVT
372,DCBO
373,DCGO
374,DCOY
375,DCX
376,DEFT
377,DFDV
378,DFLI
379,DFNS
380,DFSC
381,DGAC
382,DGICB
383,DGNX
384,DH
385,DIT
386,DKI
387,DLNG
388,DLPN
389,DLXY
390,DMAA
391,DOGZ
392,DOYU
393,DPRO
394,DRCT
395,DRDB
396,DRK
397,DRMA
398,DRTS
399,DSAC
400,DSC
401,DSS
402,DSWL
403,DSY
404,DTSQ
405,DTSS
406,DTST
407,DUO
408,DVLT
409,DWSN
410,DWTX
411,DXF
412,DXLG
413,DXR
414,DXST
415,DYAI
416,DYNC
417,DYOR
418,DY
419,EARN
420,EBON
421,ECC
422,ECX
423,EDBL
424,EDHL
425,ECL
426,EDN
427,EDRY
428,EDSA
429,EDTK
430,EDVA
431,EEIQ
432,EFOI
433,EFTY
434,EGHA
435,EHGO
436,EHLD
437,EGY
438,EHTH
439,ELBM
440,ELE
441,ELLO
442,ELMT
443,ELOG
444,ELOX
445,ELPW
446,ELTX
447,ELUT
448,ELVA
449,ELVR
450,ELWT
451,EMAT
452,EMIS
453,EMPD
454,ENGS
455,ENHA
456,ENRD
457,ENSC
458,ENTX
459,ENVB
460,EOCN
461,EONR
462,EPOW
463,EPSM
464,EQ
465,EQS
466,ERNA
467,EROK
468,ESCA
469,ESLA
470,ESYN
471,ETRA
472,ETS
473,ETSS
474,EU
475,EUDA
476,EURK
477,EVAC
478,EVGN
479,EVO
480,EVOX
481,EVTL
482,EWAV
483,EXFY
484,EXOZ
485,EXYN
486,EZGO
487,EZRA
488,FABC
489,FAC
490,FACT
491,FAMI
492,FATN
493,FBDT
494,FBGL
495,FBIO
496,FBYD
497,FCBM
498,FCHL
499,FCNCP
500,FCRS
501,FCUV
502,FDMM
503,FEAM
504,FEDU
505,FE
506,FENG
507,FERA
508,FFAI
509,FFR
510,FGBI
511,FGC
512,FGI
513,FGII
514,FGL
515,FIEE
516,FIGX
517,FISN
518,FJDI
519,FIVN
520,FLD
521,FLNA
522,FLUX
523,FLX
524,FLYE
525,FMFC
526,FMST
527,AKO.A
528,FNGR
529,FNUC
530,FNWB
531,FOFO
532,FOIL
533,FORTY
534,FOXX
535,FRBA
536,FRGT
537,FRMM
538,FSHP
539,FSP
540,FTFT
541,FTHM
542,FTRA
543,FTW
544,FUFU
545,FURY
546,FWAC
547,FXAC
548,FXHO
549,FXNC
550,GALT
551,GAM
552,GAM.PRB
553,GAME
554,GASS
555,GATX
556,GAUZ
557,GBDC
558,GCDT
559,GCGR
560,GCL
561,GCTK
562,GDEV
563,GDTC
564,GEG
565,GELS
566,GENK
567,GFAI
568,GFUZ
569,GGR
570,GHG
571,GHXI
572,GIBO
573,GIFT
574,GITS
575,GIW
576,GIX
577,GJH
578,GJO
579,GJP
580,GLDI
581,GLE
582,GLED
583,GLND
584,GLOO
585,GLSI
586,GLXG
587,GMEX
588,GMHS
589,GMM
590,GMTL
591,GNLN
592,GOAI
593,GNRC
594,GORO
595,GOSS
596,GOVX
597,GOW
598,GP
599,GPAC
600,GPAT
601,GPUS
602,GRAN
603,GRCE
604,GRDX
605,GRI
606,GRML
607,GRNQ
608,GROV
609,GRRR
610,GSBD
611,GROY
612,GSHR
613,GSIW
614,GSL.PRB
615,GSRV
616,GSUN
617,GTBP
618,GTERA
619,GTIM
620,GTN.A
621,GUAC
622,GURE
623,GVH
624,GWAV
625,GWH
626,GXAI
627,GYGY
628,GYRO
629,HACQ
630,HAO
631,HAVA
632,HBIO
633,HBNB
634,HCAC
635,HCAI
636,HCHL
637,HCM
638,STNG
639,HCA
640,HCMA
641,HCTI
642,HDL
643,HDRN
644,HERE
645,HFBL
646,HGBL
647,HHS
648,HIHO
649,HIVE
650,HKD
651,HKPD
652,HLSQ
653,HLXC
654,HMR
655,HODO
656,HOST
657,HOVNP
658,HOVR
659,HPAI
660,HQ
661,HRTX
662,HRZN
663,HSCS
664,HTCO
665,HTCR
666,HTLM
667,HTOO
668,HTZ
669,HUBC
670,HUHU
671,HUIZ
672,HUMA
673,HURA
674,HVMC
675,HVT.A
676,HXHX
677,HYPR
678,IACO
679,IACQ
680,IBAC
681,IBG
682,IBO
683,ICCM
684,ICG
685,ICL
686,ICMB
687,ICU
688,IDAC
689,IDAI
690,IEAG
691,IFBD
692,VNTG
693,IFRX
694,IFS
695,IGAC
696,ILLR
697,ILLU
698,IMC
699,IMCC
700,IMDX
701,IMMP
702,IMNN
703,IMPP
704,IMRX
705,IMTE
706,INAC
707,INBS
708,INCR
709,INDO
710,INDP
711,INEO
712,INHD
713,INKT
714,INLF
715,INLX
716,INM
717,INTG
718,INVZ
719,IONR
720,IOR
721,IOSP
722,IOTR
723,IPDN
724,IPFX
725,IPHA
726,IPM
727,IPST
728,IPVV
729,IPW
730,IPXG
731,IQ
732,IQMX
733,IQST
734,IPWR
735,IRIX
736,ISNR
737,ITHA
738,ITOC
739,ITP
740,IVF
741,IVT
742,IVVD
743,IX
744,IXHL
745,JACS
746,JAGU
747,JAGX
748,JATT
749,JBK
750,JDZG
751,JFU
752,JG
753,JL
754,JLHL
755,JONE
756,JRSH
757,JSPR
758,JTAI
759,KALA
760,KAZR
761,KBON
762,KCHV
763,KDK
764,KELYB
765,KEQU
766,KFII
767,KIDZ
768,KITT
769,KLXE
770,KMDA
771,KMRK
772,KOYN
773,KPET
774,KPLT
775,KRKR
776,KRSA
777,KRSP
778,KTN
779,KTTA
780,KTWO
781,KULR
782,KUST
783,KXIN
784,KZIA
785,LAB
786,LABT
787,LAFA
788,LANV
789,LASE
790,LATA
791,LCFY
792,LCID
793,LCTX
794,LDI
795,LCLN
796,LEDS
797,LEGO
798,LFVN
799,LFWD
800,LGCL
801,LGO
802,LGPS
803,LGVN
804,LHSW
805,LIEN
806,LIME
807,LIMN
808,LIQT
809,LITB
810,LITS
811,LIVE
812,LND
813,LNKS
814,LNZA
815,LOAN
816,LOCL
817,LONA
818,LOOP
819,LOT
820,LPAA
821,LPBB
822,LPCV
823,LRE
824,LRHC
825,LSTA
826,LTGR
827,LUCD
828,LUCK
829,LUCY
830,LUD
831,LVLU
832,LVWR
833,LWAC
834,LX
835,LXEH
836,LZMH
837,MAAS
838,MACI
839,MAGH
840,MAIA
841,MAMK
842,MASK
843,MATH
844,MAYS
845,MBAI
846,MBBC
847,MBIO
848,MBRX
849,MBVI
850,MCAH
851,MCGA
852,MCRP
853,MDBH
854,MDCX
855,MDXH
856,MEDS
857,MENS
858,MERC
859,MESH
860,MESO
861,MET.PRA
862,MEVO
863,MFI
864,MGIH
865,MGN
866,MGRT
867,MGRX
868,MHH
869,MHLA
870,MHNC
871,MIAC
872,ELTK
873,MIMI
874,MIRA
875,MIST
876,MITQ
877,MKLY
878,MLAA
879,MLEC
880,MLSS
881,MMA
882,MMED
883,MMTX
884,MNDO
885,MNSBP
886,MNTS
887,MNTN
888,MNY
889,MOBX
890,MOG.B
891,MOGU
892,MOVE
893,MREO
894,MRLN
895,MRNO
896,MS.PRE
897,MSAI
898,MSC
899,MSGM
900,MSGY
901,MSS
902,MTAL
903,MTEN
904,MTEX
905,MTN
906,MTNB
907,MTNE
908,MVIS
909,MWC
910,MWG
911,MWYN
912,MXC
913,MXCT
914,MYND
915,MYSE
916,MYSZ
917,MYX
918,MZYX
919,NA
920,NAAS
921,NAII
922,NAMI
923,NAMM
924,NBP
925,NBRG
926,NBTX
927,NCEL
928,NCEW
929,NCI
930,NCNA
931,NCO
932,NCPL
933,NCRA
934,NBTB
935,NCT
936,NCTY
937,NDLS
938,NDRA
939,NEN
940,NEON
941,NEOV
942,NEUP
943,NEWP
944,NHIV
945,NICM
946,NIPG
947,NIVF
948,NKLR
949,NIU
950,NMAD
951,NMFC
952,NMG
953,NMI
954,NMP
955,NMRA
956,NNNN
957,NNOX
958,NOEM
959,NOMA
960,AXIL
961,NOK
962,NPAC
963,NPT
964,NRP
965,NRSN
966,NSAI
967,NSPR
968,NSRX
969,NSYS
970,NTRP
971,NTWO
972,NUCL
973,NUR
974,NUWE
975,NVNI
976,NVNO
977,NWAX
978,NWCL
979,NWGL
980,NXAT
981,NXL
982,NXP
983,NXPL
984,NXTC
985,NXTS
986,NXXT
987,NYAX
988,NYC
989,NYXH
990,OACC
991,OBA
992,OBT
993,OBX
994,OCAC
995,OCCI
996,OCG
997,OCLT
998,ODYS
999,OESX
1000,OFAL
1001,OGI
1002,OIG
1003,OIM
1004,OIO
1005,OKYO
1006,OLB
1007,OLOX
1008,OMSE
1009,ONCH
1010,ONCO
1011,ONCY
1012,ONDS
1013,ONEG
1014,ONEN
1015,ONFO
1016,ONMD
1017,ONT
1018,OPAD
1019,OPNW
1020,OPFI
1021,OPTH
1022,OPTT
1023,OPTU
1024,OPTX
1025,ORIQ
1026,ORCL
1027,ORKT
1028,OSPR
1029,OSTX
1030,OTGA
1031,OTLK
1032,OWLS
1033,OXBR
1034,OXLC
1035,OYSE
1036,PAAC
1037,PACH
1038,PAII
1039,PALO
1040,PAPL
1041,PARA
1042,PARK
1043,PASW
1044,PAVM
1045,PAVS
1046,PBM
1047,PC
1048,PCAP
1049,PCLA
1050,PCT
1051,PDC
1052,PDCC
1053,PDSB
1054,PDYN
1055,PECE
1056,PERF
1057,PETZ
1058,PFAI
1059,PFSA
1060,PFX
1061,PGAC
1062,CTRM
1063,PGY
1064,PHAR
1065,PHIO
1066,PHOE
1067,PHOS
1068,PIII
1069,PLAG
1070,PLCI
1071,PLRZ
1072,PLSM
1073,PLUN
1074,PLUT
1075,PMA
1076,PMAX
1077,PMCB
1078,PMEC
1079,PMI
1080,PMN
1081,PMTR
1082,PN
1083,PNBK
1084,EVCM
1085,POAS
1086,PODC
1087,POLA
1088,POLE
1089,POM
1090,PONO
1091,PPBT
1092,PPCB
1093,PPHC
1094,PPSI
1095,PRHI
1096,PROK
1097,PROP
1098,PRSO
1099,PRZO
1100,PSEC
1101,PSHG
1102,PSIG
1103,PSNY
1104,PSNYW
1105,PSQL
1106,PTAC
1107,PTLE
1108,PTN
1109,PTOR
1110,PULM
1111,PWCM
1112,PYPD
1113,PYT
1114,PXED
1115,QADR
1116,QCLS
1117,QH
1118,QLEP
1119,QMLS
1120,QNBC
1121,QNC
1122,QNME
1123,QNRX
1124,QSEA
1125,QTEX
1126,QUBT
1127,QUCY
1128,QUMS
1129,QVCG
1130,QXL
1131,RAC
1132,RACC
1133,R
1134,RACD
1135,RADX
1136,RAIN
1137,RAND
1138,RANG
1139,RANI
1140,RAYA
1141,RBNE
1142,RCAT
1143,RCEL
1144,RCON
1145,RCT
1146,RDAC
1147,RDAG
1148,RDHL
1149,RDIB
1150,REA
1151,REBN
1152,RECT
1153,REED
1154,REFR
1155,REKR
1156,RENX
1157,RETO
1158,REVB
1159,REI
1160,RFAM
1161,RGNT
1162,AIRE
1163,AUUD
1164,BGL
1165,BLIN
1166,FRMEP
1167,FTH
1168,GJS
1169,GJT
1170,IMRN
1171,INTZ
1172,INV
1173,JEM
1174,JENA
1175,JTTT
1176,JUNS
1177,JVA
1178,JWEL
1179,JXG
1180,KARD
1181,HNNA
1182,KPRX
1183,KPTI
1184,LAWR
1185,LBGJ
1186,LBTYB
1187,LCCC
1188,LEE
1189,LEN.B
1190,LESL
1191,LEXX
1192,LFAC
1193,LICN
1194,LKSP
1195,LNAI
1196,RFAI
1197,LOBO
1198,MGLD
1199,MKC.V
1200,MKDW
1201,MNDR
1202,MOLN
1203,MS.PRF
1204,ALZN
1205,ARCI
1206,RGR
1207,RGS
1208,RIBB
1209,NMR
1210,SRXH
1211,UPXI
1212,VBIO
1213,RIME
1214,WLCO
1215,MTVA
1216,ABTC
1217,ACXP
1218,ADAC
1219,AEAQ
1220,AEC
1221,AGMB
1222,RKDA
1223,DMC
1224,RKTO
1225,RLYB
1226,RMCF
1227,RMCO
1228,XPL
1229,RML
1230,RMSG
1231,RNAQ
1232,RNAZ
1233,RNGT
1234,RNTX
1235,ROC
1236,ROMA
1237,RPID
1238,RREV
1239,ARTL
1240,RSSS
1241,BSEM
1242,KYNB
1243,AFRI
1244,BCTX
1245,BIII
1246,GNPX
1247,RUBI
1248,RUM
1249,BENF
1250,AIXI
1251,CWD
1252,BEAT
1253,RVP
1254,RVSN
1255,AMS
1256,NXB
1257,CVR
1258,ADRX
1259,AMST
1260,ADVB
1261,CETX
1262,AGMH
1263,GSRF
1264,HIND
1265,LHAI
1266,MF
1267,NIKI
1268,NTCL
1269,TPET
1270,APAC
1271,FRHC
1272,DG
1273,AWX
1274,BATL
1275,OTAI
1276,RYET
1277,OHAC
1278,RYOJ
1279,BXBL
1280,RZLV
1281,SAAQ
1282,SABS
1283,SAC
1284,SACH
1285,SAFX
1286,RZLT
1287,SAGT
1288,SAGU
1289,SAIQ
1290,SAMO
1291,SAIL
1292,SAR
1293,SB.PRC
1294,SB.PRD
1295,SBC
1296,SBFG
1297,SBFM
1298,SBLK
1299,SBMT
1300,SBXE
1301,SCAG
1302,SCKT
1303,SCNI
1304,SCPQ
1305,SCYX
1306,SDA
1307,SDEV
1308,SDHI
1309,SDOT
1310,SDST
1311,SEAT
1312,SECZ
1313,SEED
1314,SEGG
1315,SENEB
1316,SER
1317,SERV
1318,SES
1319,SEV
1320,SFBC
1321,SFHG
1322,SFWL
1323,SGA
1324,SGLD
1325,SGLY
1326,SGRX
1327,SHFS
1328,SHMD
1329,SIDU
1330,SILO
1331,SIM
1332,SIMA
1333,SIND
1334,SINT
1335,SJ
1336,SKIL
1337,SKIN
1338,SKK
1339,SKYE
1340,SKYQ
1341,SLBT
1342,SLGL
1343,SLMT
1344,SLND
1345,SLNG
1346,SLNH
1347,SLQT
1348,SLS
1349,SLSN
1350,SLSR
1351,SLVO
1352,SLXN
1353,SMC
1354,SMJF
1355,SMSI
1356,SMTK
1357,SMX
1358,SMXT
1359,SNES
1360,SNGX
1361,SNN
1362,SNT
1363,SNTG
1364,SNTI
1365,SOAR
1366,SOCA
1367,SOGP
1368,SOPH
1369,SORA
1370,SORN
1371,SOS
1372,SOWG
1373,SPEG
1374,SPG.PRJ
1375,SPHL
1376,SPPL
1377,SPRB
1378,SPRC
1379,SPRO
1380,SPTX
1381,SPWR
1382,SQNS
1383,SRFM
1384,SRL
1385,SSAC
1386,SSEA
1387,SSII
1388,SSM
1389,SSMR
1390,SST
1391,SSTI
1392,STAK
1393,STDN
1394,STEX
1395,STFS
1396,STI
1397,STKE
1398,STKH
1399,STRR
1400,SUGP
1401,SUJA
1402,SUMA
1403,SUNE
1404,SUPV
1405,SUPX
1406,SURG
1407,SVA
1408,SVCC
1409,SVIV
1410,SVRE
1411,SVRN
1412,SWAG
1413,SWMR
1414,SWRD
1415,SWVL
1416,SXTC
1417,SXTP
1418,SYPR
1419,SZZL
1420,TACH
1421,TACT
1422,TANH
1423,TAOP
1424,TAOX
1425,TAP.A
1426,TAVI
1427,TC
1428,TCBS
1429,TCGX
1430,TCRT
1431,TCRX
1432,TDAC
1433,TDIC
1434,TDTH
1435,TDWD
1436,TEAD
1437,TGE
1438,TGHL
1439,THCH
1440,THEO
1441,THH
1442,TII
1443,TJGC
1444,TLAC
1445,TLF
1446,TLIH
1447,TLNC
1448,TLRY
1449,TLX
1450,TLYS
1451,TMCR
1452,TMDE
1453,TMTS
1454,TNMG
1455,TNON
1456,TOMZ
1457,TONT
1458,TOON
1459,TOPS
1460,TOVX
1461,TOYO
1462,TP
1463,TPST
1464,TPVG
1465,TRAD
1466,TRAW
1467,TRBG
1468,TRIB
1469,TRNR
1470,TROO
1471,TRSG
1472,TRUG
1473,TSLX
1474,TULP
1475,TURB
1476,TVA
1477,TVAI
1478,TVGN
1479,TVRD
1480,TWAV
1481,TWG
1482,TWLV
1483,TYG
1484,TYGO
1485,UAVS
1486,UCFI
1487,UCL
1488,UFG
1489,UK
1490,UONE
1491,UP
1492,UPB
1493,UPC
1494,USB.PRH
1495,USBC
1496,USDE
1497,UTMD
1498,UTSI
1499,UZX
1500,VAI
1501,V
1502,VCIG
1503,VCRE
1504,VECA
1505,VEEA
1506,VEEE
1507,VELO
1508,VFS
1509,VGAS
1510,VHUB
1511,VII
1512,VIOT
1513,VIVO
1514,VIVS
1515,VLOS
1516,VNCE
1517,VNME
1518,VNRX
1519,VOGX
1520,VRAX
1521,VRM
1522,VRXA
1523,VS
1524,VTGN
1525,VTIX
1526,VTVT
1527,VVOS
1528,VWAV
1529,WAFDP
1530,WAFU
1531,WALD
1532,WATR
1533,WATT
1534,WBTN
1535,WBUY
1536,WBX
1537,WCCB
1538,WCT
1539,WENC
1540,WENN
1541,WETH
1542,WETO
1543,WFF
1544,WHK
1545,WIT
1546,WKEY
1547,WKHS
1548,WKSP
1549,WLDS
1550,WLII
1551,WLKP
1552,WLYB
1553,WNW
1554,WOK
1555,WPAC
1556,WPRT
1557,WRAP
1558,WSBK
1559,WSHP
1560,WSO.B
1561,WSTN
1562,WTF
1563,WTG
1564,WWR
1565,WXM
1566,WYFI
1567,WYHG
1568,XAIR
1569,XBIO
1570,XBP
1571,XCBE
1572,XCH
1573,XCUR
1574,XE
1575,XELB
1576,XHG
1577,XHLD
1578,XIII
1579,XLAB
1580,XLO
1581,XMAX
1582,XNDU
1583,XOS
1584,XPON
1585,XRPN
1586,XRTX
1587,XSLL
1588,XTER
1589,XTLB
1590,XTND
1591,XTNT
1592,XWEL
1593,XXI
1594,XXII
1595,XYF
1596,YAAS
1597,YB
1598,YCBD
1599,YCY
1600,YDDL
1601,YDES
1602,YDKG
1603,YFOR
1604,YHC
1605,YHGJ
1606,YHNA
1607,YI
1608,YIBO
1609,YICC
1610,YJ
1611,YMAT
1612,YMT
1613,YOUL
1614,YQ
1615,YRD
1616,YSS
1617,YSXT
1618,YTRA
1619,YXT
1620,YYAI
1621,ZBAO
1622,ZCMD
1623,ZDAI
1624,ZDGE
1625,ZENA
1626,ZEO
1627,ZEPP
1628,ZJK
1629,ZKIN
1630,ZKP
1631,ZNB
1632,ZONE
1633,ZOOZ
1634,ZSQR
1635,ZSTK
1636,ZTG
1637,ZYBT
1638,PSBD
1639,QETA
1640,SCII
1641,KBSX
1642,OGEN
1643,RZAI
1644,TOPP
1645,ROLR
1646,API
1647,ADT
1648,LKFN
1649,BHK
1650,AGRO
1651,AX
1652,FLS
1653,FTDR
1654,MOG.A
1655,ACHR
1656,ACVA
1657,ADCT
1658,AEG
1659,AIZ
1660,AXON
1661,AXTA
1662,AXTI
1663,EMN
1664,LFTO
1665,LFUS
1666,LIF
1667,LIN
1668,QXO
1669,AVTX
1670,BSX
1671,BALL
1672,COP
1673,COTY
1674,CXM
1675,DCO
1676,CRMD
1677,CRNC
1678,CRNT
1679,CRON
1680,CRS
1681,CRSR
1682,CRTO
1683,CRUS
1684,CRVL
1685,CSBR
1686,CSCO
1687,CSGP
1688,CSV
1689,CSW
1690,CTAS
1691,CTEV
1692,CURI
1693,CUZ
1694,CVLG
1695,FIP
1696,ACFN
1697,AGBK
1698,AMTB
1699,HRI
1700,HTB
1701,OKUR
1702,PAMT
1703,SMA
1704,SMID
1705,CRESY
1706,DINO
1707,DIOD
1708,NWTG
1709,OUST
1710,PCG
1711,DCI
1712,ENB
1713,FIRY
1714,FNWD
1715,CIX
1716,LAD
1717,BESS
1718,EIG
1719,APYX
1720,AEXA
1721,BXC
1722,BYFC
1723,CFR
1724,A
1725,ABEV
1726,AXS
1727,FBK
1728,HUBB
1729,INSM
1730,MXL
1731,MYGN
1732,NC
1733,NNN
1734,CLS
1735,AAP
1736,BILL
1737,ASAN
1738,EROC
1739,BTGO
1740,CAVA
1741,CET
1742,ACAD
1743,ACDC
1744,ACET
1745,ADSK
1746,ADTN
1747,ADUS
1748,AGYS
1749,AHCO
1750,AHR
1751,ALM
1752,ALMS
1753,ALMU
1754,ARCT
1755,ARDX
1756,ARE
1757,ASM
1758,ASMB
1759,ASML
1760,ATOS
1761,ATRC
1762,BBAI
1763,BBDC
1764,BBIO
1765,BCRX
1766,BCSF
1767,BHC
1768,BHF
1769,BHP
1770,BIO
1771,BOBS
1772,BOC
1773,BODI
1774,BWIN
1775,BWLP
1776,BWMN
1777,CBAT
1778,CBC
1779,CBRL
1780,CGNT
1781,CHRS
1782,CHRW
1783,CHT
1784,CIA
1785,CLF
1786,CLFD
1787,CLMB
1788,CLNE
1789,CPF
1790,CPIX
1791,CPRI
1792,CRCT
1793,CRDO
1794,CRGY
1795,CRH
1796,DASH
1797,DGICA
1798,DGII
1799,DMRA
1800,DMRC
1801,DNA
1802,DRUG
1803,EFSC
1804,ENIC
1805,ENPH
1806,ERII
1807,ES
1808,ESAB
1809,EYPT
1810,EZPW
1811,FOX
1812,FOXA
1813,FSBC
1814,GBFH
1815,GD
1816,GFI
1817,GFL
1818,GPK
1819,GPRO
1820,GSM
1821,GT
1822,GTE
1823,HD
1824,HONA
1825,HOOD
1826,HOPE
1827,HOUR
1828,HST
1829,HSTM
1830,IART
1831,ICE
1832,III
1833,IIIV
1834,IMO
1835,IONS
1836,IR
1837,ITRI
1838,ITUB
1839,JILL
1840,KOS
1841,KOSS
1842,KRMD
1843,KRNT
1844,KRNY
1845,LEN
1846,LEO
1847,MATX
1848,MAX
1849,MAZE
1850,META
1851,METC
1852,MNOV
1853,MP
1854,MRVI
1855,MRVL
1856,MUX
1857,NCDL
1858,NCLH
1859,NCMI
1860,NE
1861,NGVC
1862,NHI
1863,NHP
1864,NICE
1865,KAPA
1866,NWBI
1867,NWE
1868,NWFL
1869,OKTA
1870,OLED
1871,OLLI
1872,OM
1873,ONTO
1874,OOMA
1875,OPAL
1876,OPBK
1877,OPCH
1878,ORC
1879,OSPN
1880,PAX
1881,PAY
1882,PAYO
1883,PAYS
1884,PINS
1885,PKOH
1886,PLAB
1887,PLGO
1888,PSKY
1889,PSMT
1890,PSN
1891,PSNL
1892,RBRK
1893,RJET
1894,RKLB
1895,RLAY
1896,RSKD
1897,RVSB
1898,SA
1899,SABR
1900,SAFT
1901,SAIA
1902,SHOP
1903,SION
1904,SIRI
1905,SITC
1906,SLN
1907,SLP
1908,SLRC
1909,STRL
1910,SHBI
1911,SU
1912,SUIG
1913,SVIA
1914,SWBI
1915,SWK
1916,SWKS
1917,TCBI
1918,TDAY
1919,TMO
1920,TMUS
1921,TRGP
1922,TRI
1923,TRIP
1924,TRLV
1925,TRVI
1926,TRX
1927,TSBK
1928,TWST
1929,TX
1930,TXG
1931,UGP
1932,UHAL
1933,UHS
1934,UTI
1935,VZ
1936,WKC
1937,DDC
1938,EGG
1939,XZO
1940,YARW
1941,BHE
1942,BKU
1943,KNOP
1944,CAT
1945,EXK
1946,IDT
1947,LPG
1948,LRN
1949,CMI
1950,AAPL
1951,AEON
1952,BALY
1953,AXP
1954,BLND
1955,LTRN
1956,IGC
1957,MTEK
1958,MTAK
1959,SOUL
1960,TRON
1961,BX
1962,ADBE
1963,ACN
1964,ACHC
1965,AEE
1966,COAG
1967,NXGL
1968,AIMD
1969,ATGL
1970,INUV
1971,KNRX
1972,MFAN
1973,NEGG
1974,BQ
1975,DVA
1976,CNS
1977,MSLE
1978,NTIP
1979,SLVM
1980,TOUR
1981,KAI
1982,QNTM
1983,PUSA
1984,NSTR
1985,DNOW
1986,HELP
1987,RUSHB
1988,AMT
1989,DKS
1990,EPM
1991,HBCP
1992,PATH
1993,ROK
1994,PAAI
1995,PCSA
1996,WTTR
1997,RLI
1998,FJET
1999,GGG
2000,MSN
2001,VERI
2002,XFLH
2003,ZKH
2004,AIG
2005,AIN
2006,AME
2007,BSM
2008,EFOR
2009,EPC
2010,GE
2011,GEO
2012,GIB
2013,HTH
2014,JBL
2015,LDOS
2016,MET
2017,MSCI
2018,MUR
2019,NEE
2020,PHIN
2021,PLBC
2022,RMD
2023,SII
2024,SUN
2025,TNC
2026,TV
2027,TYL
2028,VHI
2029,VTEX
2030,XPO
2031,YEXT
2032,AARD
2033,AB
2034,ABT
2035,ABUS
2036,ABX
2037,ACA
2038,ACEL
2039,ACGL
2040,ACHV
2041,ACI
2042,ACIC
2043,ACIU
2044,ACIW
2045,ACLS
2046,ACMR
2047,ACNT
2048,ACRS
2049,ACRV
2050,ACT
2051,ADNT
2052,ADP
2053,ADV
2054,AEIS
2055,AEM
2056,NUTX
2057,AEO
2058,AEP
2059,AES
2060,AESI
2061,AEVA
2062,AEYE
2063,AFCG
2064,AFG
2065,AFL
2066,AFRM
2067,AFYA
2068,AG
2069,AGEN
2070,AGIO
2071,AGL
2072,AGM
2073,AGNT
2074,AGO
2075,AGX
2076,AIRJ
2077,AIRT
2078,AKTS
2079,ALAB
2080,ALB
2081,ALCO
2082,ALEC
2083,ALH
2084,ALLT
2085,ALMR
2086,ALRM
2087,ALRS
2088,ALSN
2089,ALT
2090,ALTG
2091,ALTI
2092,ALTO
2093,ALXO
2094,AM
2095,AMGN
2096,AMH
2097,ANDG
2098,ANF
2099,ANGI
2100,ANGO
2101,ANGX
2102,ANIP
2103,ANNX
2104,ANVS
2105,AP
2106,APD
2107,APH
2108,APXT
2109,ARCB
2110,ARI
2111,ARIS
2112,ARLO
2113,ARMP
2114,AROW
2115,ARXS
2116,ASC
2117,ASG
2118,ASIC
2119,ASND
2120,ASO
2121,ASPI
2122,ASPS
2123,ASST
2124,ASTE
2125,ASTH
2126,ASTS
2127,ASUR
2128,ASX
2129,ASYS
2130,ATAT
2131,ATEC
2132,ATNM
2133,ATO
2134,ATOM
2135,ATR
2136,AUDC
2137,AUR
2138,AUTL
2139,AVAH
2140,AVBP
2141,AVGO
2142,AVNT
2143,AVR
2144,AVT
2145,AVTR
2146,AVY
2147,AWR
2148,AWRE
2149,AYA
2150,AZO
2151,AZTA
2152,AZZ
2153,B
2154,BABA
2155,BAC
2156,BANR
2157,BANX
2158,BBNX
2159,BBOT
2160,BBSI
2161,BBT
2162,BBUC
2163,BBVA
2164,BBW
2165,BBY
2166,BCAL
2167,BCHT
2168,BCPC
2169,BDTX
2170,BDX
2171,BE
2172,BEAG
2173,BEAM
2174,BEKE
2175,BELFA
2176,BELFB
2177,BEN
2178,BEP
2179,BEPC
2180,BF.A
2181,BF.B
2182,BFC
2183,BFH
2184,BGSI
2185,BHB
2186,BHR
2187,BHRB
2188,BHVN
2189,BIDU
2190,BILI
2191,BIOA
2192,BIPC
2193,BIRK
2194,BKR
2195,BKTI
2196,BL
2197,BLCO
2198,BLDP
2199,BLTE
2200,BLX
2201,BMBL
2202,BMI
2203,BMRA
2204,BMRN
2205,BMY
2206,BNC
2207,BNED
2208,BNTC
2209,BNTX
2210,BNY
2211,BOF
2212,BOH
2213,BOKF
2214,BOOT
2215,BORR
2216,BOW
2217,BP
2218,BPOP
2219,BPRN
2220,BR
2221,BRAG
2222,BRBS
2223,BRC
2224,BRCC
2225,BRSL
2226,BRZE
2227,BSAC
2228,BSY
2229,BTCS
2230,BTI
2231,BW
2232,BWAY
2233,BWB
2234,BWEN
2235,BWFG
2236,BWMX
2237,BXP
2238,BY
2239,BYD
2240,BYRN
2241,BZ
2242,BZFD
2243,BZH
2244,BZUN
2245,CAAP
2246,CABA
2247,CAC
2248,CACC
2249,CACI
2250,CAG
2251,CAL
2252,CALX
2253,CAR
2254,CARL
2255,CASH
2256,CATO
2257,CATX
2258,CATY
2259,CBAN
2260,CBIO
2261,CBL
2262,CBRE
2263,CBRS
2264,CBSH
2265,CCAP
2266,CCB
2267,CCC
2268,CCCC
2269,CCEC
2270,CCEP
2271,CCJ
2272,CCK
2273,CCL
2274,CCLD
2275,CCNE
2276,CCO
2277,CCXI
2278,CDE
2279,CDLX
2280,CDP
2281,CDXS
2282,CDZI
2283,CFFI
2284,CFFN
2285,CGEM
2286,CGNX
2287,CGON
2288,CHD
2289,CHDN
2290,CHEF
2291,CHKP
2292,CHMG
2293,CHMI
2294,CHRD
2295,CHTR
2296,CHWY
2297,CHYM
2298,CIG
2299,CIM
2300,CINF
2301,CION
2302,CLB
2303,CLIR
2304,CLLS
2305,CLNN
2306,CLOV
2307,CLPR
2308,CLPT
2309,CLX
2310,CLYM
2311,CM
2312,CMC
2313,CMDB
2314,CMG
2315,CMT
2316,CNNE
2317,CNO
2318,CNOB
2319,CNQ
2320,CODI
2321,COFS
2322,COHU
2323,CPSH
2324,CRAI
2325,CRBG
2326,CRBP
2327,CRBU
2328,CRCL
2329,CRD.A
2330,CREX
2331,CRK
2332,CRL
2333,CRSP
2334,CRVS
2335,CRWD
2336,CRWS
2337,CRWV
2338,CTGO
2339,CTKB
2340,CTNM
2341,CTRN
2342,CUBE
2343,CVEO
2344,CVNA
2345,CVX
2346,CW
2347,CWEN
2348,CWH
2349,CWST
2350,CWT
2351,CX
2352,CXDO
2353,CXT
2354,CYD
2355,CYRX
2356,DAC
2357,DAKT
2358,DAO
2359,DBX
2360,DCOM
2361,DCTH
2362,DDI
2363,DDOG
2364,DEC
2365,DETX
2366,DGX
2367,DGXX
2368,DHR
2369,DHT
2370,DHX
2371,DIBS
2372,DJT
2373,DK
2374,DKL
2375,DLX
2376,DNLI
2377,DNTH
2378,DOC
2379,DOCN
2380,DOCU
2381,DOMH
2382,DOO
2383,DOUG
2384,DOV
2385,DOW
2386,DOX
2387,DPZ
2388,DQ
2389,DRD
2390,DRIO
2391,DSP
2392,DSX
2393,DV
2394,DVN
2395,DYN
2396,E
2397,EAF
2398,EAT
2399,EBMT
2400,EBS
2401,ECO
2402,EDUC
2403,EFC
2404,EFSI
2405,EGAN
2406,EGHT
2407,EGP
2408,EH
2409,EHC
2410,EIC
2411,EIX
2412,EL
2413,ELME
2414,EMBC
2415,ENVA
2416,ENVX
2417,EOLS
2418,EP
2419,EPAC
2420,EPD
2421,EPR
2422,EQX
2423,ESLT
2424,ESNT
2425,ESOA
2426,ESP
2427,ESQ
2428,ESTA
2429,ETON
2430,ETOR
2431,ETSY
2432,EVER
2433,EVEX
2434,EVGO
2435,EVH
2436,EVLV
2437,EVR
2438,EVRG
2439,EWTX
2440,EXE
2441,EXLS
2442,FA
2443,FAF
2444,FBIN
2445,FBLA
2446,FBNC
2447,FCAP
2448,FCBC
2449,FCCO
2450,FCEL
2451,FCF
2452,FCFS
2453,FCNCA
2454,FDBC
2455,FDSB
2456,FDUS
2457,FDXF
2458,FEIM
2459,FELE
2460,FERG
2461,FET
2462,FF
2463,FFIV
2464,FG
2465,FHB
2466,FHI
2467,FHN
2468,FHTX
2469,FIBK
2470,FICO
2471,FIGR
2472,FINW
2473,FITB
2474,FLG
2475,FLGT
2476,FLL
2477,FLNC
2478,FLNG
2479,FLNT
2480,FLUT
2481,FLXS
2482,FLY
2483,FLYW
2484,FMAO
2485,FMBH
2486,FMNB
2487,FMX
2488,FN
2489,FNB
2490,FNLC
2491,FNRN
2492,FNV
2493,FORM
2494,FORR
2495,FOSL
2496,FOXF
2497,FPH
2498,FPI
2499,FPS
2500,FRD
2501,FRME
2502,FRMI
2503,FRNM
2504,FRO
2505,FROG
2506,FRPH
2507,FRPT
2508,FRSH
2509,FRVO
2510,FSLY
2511,FSM
2512,FSUN
2513,FSV
2514,FTAI
2515,FTCI
2516,FTI
2517,FTLF
2518,FTS
2519,FTV
2520,FUL
2521,FULC
2522,FULT
2523,FUN
2524,GABC
2525,GAIA
2526,GAIN
2527,GANX
2528,GBLI
2529,GBX
2530,GCMG
2531,GCT
2532,GDDY
2533,GDOT
2534,GDRX
2535,GDS
2536,GDYN
2537,GECC
2538,GEHC
2539,GEMI
2540,GEN
2541,GENB
2542,GENC
2543,GENI
2544,GFS
2545,GH
2546,GHM
2547,GHRS
2548,GIC
2549,GLAD
2550,GLBE
2551,GLBS
2552,GLUE
2553,GLW
2554,GLXY
2555,GM
2556,GMAB
2557,GME
2558,GMED
2559,GMRS
2560,GPCR
2561,GPGI
2562,GPI
2563,GPOR
2564,GPRE
2565,GPRK
2566,GRAB
2567,GRAL
2568,GRDN
2569,GRFS
2570,GRNT
2571,GROW
2572,GRPN
2573,GRSD
2574,GRVY
2575,GS.PRA
2576,GSHD
2577,GSIT
2578,GSK
2579,GTES
2580,GTLB
2581,GTM
2582,GTX
2583,GTY
2584,GWRE
2585,GWRS
2586,GWW
2587,GXO
2588,HAYW
2589,HBNC
2590,HCAT
2591,HCC
2592,HCI
2593,HCKT
2594,HELE
2595,HIPO
2596,HLF
2597,HLT
2598,HNGE
2599,HNI
2600,HNVR
2601,HOV
2602,HP
2603,HPE
2604,HPK
2605,HPP
2606,HPQ
2607,HQI
2608,HQL
2609,HQY
2610,HRB
2611,HRL
2612,HRMY
2613,HROW
2614,HRTG
2615,HSBC
2616,HSDT
2617,HSHP
2618,HSY
2619,HTHT
2620,HTO
2621,HTT
2622,HUBG
2623,HUBS
2624,HUCK
2625,HUM
2626,HUN
2627,HURN
2628,HUT
2629,HUYA
2630,HVT
2631,HWC
2632,HWKN
2633,HXL
2634,HY
2635,HYLN
2636,IAG
2637,IBEX
2638,IBKR
2639,IBM
2640,IBP
2641,IBRX
2642,ICHR
2643,ICLR
2644,IDCC
2645,IDN
2646,IDR
2647,IEX
2648,IFF
2649,IGIC
2650,IHRT
2651,IIPR
2652,IKT
2653,IMCR
2654,IMKTA
2655,IMMR
2656,IMMX
2657,IMNM
2658,IMOS
2659,IMSR
2660,IMUX
2661,IMXI
2662,INBK
2663,INBX
2664,INDB
2665,INDI
2666,INDV
2667,INFQ
2668,INFU
2669,INFY
2670,ING
2671,INGM
2672,INIO
2673,INMB
2674,INMD
2675,INN
2676,INNV
2677,INOD
2678,INR
2679,INSE
2680,INTJ
2681,INTT
2682,INVA
2683,INVE
2684,INVH
2685,INVX
2686,IOND
2687,IPGP
2688,IPI
2689,IPSC
2690,IPX
2691,IREN
2692,IRS
2693,IRTC
2694,IRWD
2695,ISPR
2696,ISRG
2697,ISTR
2698,ITGR
2699,ITT
2700,ITW
2701,IVA
2702,J
2703,JACK
2704,JAKK
2705,JBSS
2706,JCAP
2707,JEF
2708,JFIN
2709,JJSF
2710,JMIA
2711,JMKE
2712,JMSB
2713,JOBY
2714,JPM
2715,JRVR
2716,KB
2717,KD
2718,KDP
2719,KEY
2720,KG
2721,KIDS
2722,KLC
2723,KLRA
2724,KLRS
2725,KMTS
2726,KNF
2727,KNSA
2728,KNSL
2729,KNTK
2730,KOD
2731,KRAQ
2732,KRC
2733,KRO
2734,KRT
2735,KRUS
2736,KRYS
2737,KSPI
2738,KSS
2739,KTB
2740,KVHI
2741,KVUE
2742,KYMR
2743,KYTX
2744,L
2745,LAC
2746,LARK
2747,LBRT
2748,LBRX
2749,LBTYA
2750,LBTYK
2751,LCNB
2752,LEU
2753,LFMD
2754,LGIH
2755,LGN
2756,LGND
2757,LI
2758,LIDR
2759,LIFE
2760,LILA
2761,LILAK
2762,LINC
2763,LIND
2764,LINE
2765,LINK
2766,LITE
2767,LKFT
2768,LKQ
2769,LLY
2770,LLYVA
2771,LLYVK
2772,LMAT
2773,LMB
2774,LMND
2775,LMRI
2776,LNG
2777,LNN
2778,LOAR
2779,LODE
2780,LOW
2781,LQDT
2782,LRCX
2783,LSAK
2784,LSPD
2785,LSTR
2786,LTBR
2787,LTH
2788,LU
2789,LULU
2790,LUMN
2791,LUNG
2792,LUNR
2793,LUXE
2794,LW
2795,LWAY
2796,LWLG
2797,LXRX
2798,LXU
2799,LYB
2800,LYEL
2801,LYFT
2802,MAIR
2803,MAKO
2804,MAMA
2805,MATV
2806,MATW
2807,MBI
2808,MBIN
2809,MBLY
2810,MBOT
2811,MBUU
2812,MBX
2813,MC
2814,MCD
2815,MCFT
2816,MCHB
2817,MCHP
2818,MCI
2819,MCK
2820,MCRB
2821,MCY
2822,MD
2823,MDA
2824,MDLN
2825,MDRR
2826,MDT
2827,MDU
2828,MDWD
2829,MDXG
2830,MED
2831,MFA
2832,MFC
2833,MG
2834,MGA
2835,MGEE
2836,MGM
2837,MGNI
2838,MGNX
2839,MGTX
2840,MGX
2841,MGYR
2842,MHO
2843,MIDD
2844,MIND
2845,MIR
2846,MKL
2847,MKTW
2848,MKTX
2849,MLI
2850,MLKN
2851,MLM
2852,MLP
2853,MLR
2854,MLYS
2855,MMM
2856,MMSI
2857,MMYT
2858,MNDY
2859,MNRO
2860,MNST
2861,MNTK
2862,MO
2863,MOD
2864,MODD
2865,MOH
2866,MOMO
2867,MORN
2868,MPC
2869,MPLT
2870,MPU
2871,MQ
2872,MRAM
2873,MRCY
2874,MRDN
2875,MRKR
2876,MRNA
2877,MRP
2878,MSA
2879,MSBI
2880,MSEX
2881,MSFT
2882,MSGE
2883,MSGS
2884,MSI
2885,MSM
2886,MSTR
2887,MT
2888,MTA
2889,MTCH
2890,MTRN
2891,MTUS
2892,MTW
2893,MTZ
2894,MU
2895,MUFG
2896,MWH
2897,MX
2898,MYE
2899,MYFW
2900,MYO
2901,MYPS
2902,MYRG
2903,NABL
2904,NAKA
2905,NAMS
2906,NATH
2907,NAVI
2908,NBIS
2909,NBN
2910,NBR
2911,NCNO
2912,NDSN
2913,NECB
2914,NEPH
2915,NEU
2916,NFG
2917,NFGC
2918,NG
2919,NGG
2920,NGL
2921,NGNE
2922,NGS
2923,NHC
2924,NI
2925,NIO
2926,NJR
2927,NKE
2928,NKSH
2929,NKTR
2930,NKTX
2931,NLOP
2932,NLY
2933,NMAX
2934,NMM
2935,NMRK
2936,NMTC
2937,NNI
2938,NNVC
2939,NOC
2940,NODK
2941,NOG
2942,NOMD
2943,NOV
2944,NPB
2945,NPO
2946,NRC
2947,NRIX
2948,NSC
2949,NSP
2950,NTB
2951,NTCT
2952,NTES
2953,NTGR
2954,NTHI
2955,NTLA
2956,NTNX
2957,NTR
2958,NTRA
2959,NTRB
2960,NTST
2961,NUE
2962,NUVB
2963,NVCR
2964,NVEC
2965,NVMI
2966,NVO
2967,NVR
2968,NVRI
2969,NVS
2970,NVX
2971,NWG
2972,NWL
2973,NWN
2974,NWPX
2975,NWS
2976,NWSA
2977,NX
2978,NXDR
2979,NXH
2980,NXPI
2981,NXST
2982,NXT
2983,NYT
2984,OABI
2985,OBDC
2986,OC
2987,OCTV
2988,ODTX
2989,OFG
2990,OIS
2991,OKE
2992,OKLO
2993,OLMA
2994,OLP
2995,OMAB
2996,OMC
2997,OMCL
2998,OMDA
2999,OMER
3000,OMF
3001,ON
3002,ONB
3003,ONC
3004,ONEW
3005,ONL
3006,OPEN
3007,OPHC
3008,OPK
3009,OPRA
3010,OPRT
3011,OPRX
3012,OPXS
3013,OPY
3014,OR
3015,ORA
3016,ORBS
3017,ORIC
3018,ORKA
3019,ORLY
3020,ORMP
3021,OSBC
3022,OSIS
3023,OSUR
3024,OSW
3025,OTEX
3026,OTLY
3027,OTTR
3028,OVID
3029,PACK
3030,PAGS
3031,PALI
3032,PAM
3033,PAYC
3034,PB
3035,PBA
3036,PBF
3037,PBH
3038,PBI
3039,PBLS
3040,PBR
3041,PBR.A
3042,PBYI
3043,PCAR
3044,PCRX
3045,PD
3046,PDD
3047,PDFS
3048,PDLB
3049,PED
3050,PEGA
3051,PEN
3052,PEP
3053,PEPG
3054,PERI
3055,PFE
3056,PFG
3057,PFGC
3058,PFIS
3059,PG
3060,PGC
3061,PGR
3062,PH
3063,PHAT
3064,PHG
3065,PHR
3066,PHUN
3067,PHVS
3068,PII
3069,PIPR
3070,PJT
3071,PK
3072,PKE
3073,PKG
3074,PKX
3075,PL
3076,PLBY
3077,PLD
3078,PLMR
3079,PLNT
3080,PLPC
3081,PLRX
3082,PLTK
3083,PLTR
3084,PLUG
3085,PLUR
3086,PLUS
3087,PNC
3088,PNNT
3089,PNW
3090,POCI
3091,POOL
3092,POST
3093,POWL
3094,POWW
3095,PPC
3096,PPG
3097,PPIH
3098,PPL
3099,PRAA
3100,PRDO
3101,PRE
3102,PRG
3103,PRGO
3104,PRGS
3105,PRI
3106,PRIM
3107,PRK
3108,PRLB
3109,PRLD
3110,PRME
3111,PRSU
3112,PRTH
3113,PRTS
3114,PRU
3115,PSUS
3116,PTCT
3117,PTEN
3118,PTGX
3119,PTHS
3120,PTLO
3121,PTRN
3122,PVLA
3123,PWP
3124,PWR
3125,PXLW
3126,PXS
3127,PYPL
3128,PYXS
3129,PZG
3130,QFIN
3131,QNST
3132,QRHC
3133,QRVO
3134,QS
3135,QSI
3136,QSR
3137,QTI
3138,QTWO
3139,QUAD
3140,QUIK
3141,RAIL
3142,RAMP
3143,RAPP
3144,RARE
3145,RBKB
3146,RC
3147,RCKT
3148,RCKY
3149,RCMT
3150,RCUS
3151,RDCM
3152,RDDT
3153,RDNW
3154,RDVT
3155,RDZN
3156,RELX
3157,RERE
3158,REX
3159,REXR
3160,REYN
3161,RF
3162,RGEN
3163,RGLD
3164,RGNX
3165,RGP
3166,RGTI
3167,RHLD
3168,RHP
3169,RICK
3170,RIG
3171,RITM
3172,RL
3173,RLGT
3174,RLMD
3175,RM
3176,RMBS
3177,RMIX
3178,RMNI
3179,RMR
3180,RMTI
3181,RNA
3182,RNAC
3183,RNGR
3184,RNST
3185,ROIV
3186,ROL
3187,ROOT
3188,ROST
3189,RPRX
3190,RRBI
3191,RRX
3192,RS
3193,RSG
3194,RSI
3195,RTAC
3196,RTO
3197,RTX
3198,RUN
3199,RVLV
3200,RVMD
3201,RVTY
3202,RWAY
3203,RYAM
3204,RYAN
3205,RYM
3206,RYZ
3207,S
3208,SAFE
3209,SAIC
3210,SAM
3211,SAMG
3212,SANA
3213,SANM
3214,SARO
3215,SATL
3216,SBAC
3217,SBCF
3218,SBET
3219,SBGI
3220,SBH
3221,SBRA
3222,SCCO
3223,SCHW
3224,SCI
3225,SCL
3226,SCLX
3227,SCM
3228,SCSC
3229,SCWO
3230,SCZM
3231,SD
3232,SDGR
3233,SDHC
3234,ABBV
3235,SDRL
3236,SE
3237,SEB
3238,RHI
3239,SEIC
3240,SEZL
3241,SF
3242,SIF
3243,SFBS
3244,SFL
3245,SFM
3246,SFNC
3247,SFST
3248,SGC
3249,SGHC
3250,SGHT
3251,SGML
3252,SGMT
3253,SHAK
3254,SHAZ
3255,SHC
3256,SHEL
3257,SHEN
3258,SHG
3259,SHIP
3260,SIBN
3261,SIEB
3262,SIFY
3263,SIGA
3264,SIGI
3265,SILC
3266,SIMO
3267,STE
3268,SJM
3269,SKE
3270,SKHY
3271,SKM
3272,SKWD
3273,SKY
3274,SKYH
3275,SLF
3276,SLGN
3277,SLI
3278,SLM
3279,SM
3280,SMCI
3281,SMG
3282,SMHI
3283,SMP
3284,SMTI
3285,SN
3286,SNA
3287,SNAP
3288,SNPS
3289,SNWV
3290,SNX
3291,SNY
3292,SOBO
3293,SOHU
3294,SOLS
3295,SOLV
3296,SONY
3297,SPAI
3298,SPB
3299,SPCX
3300,SPG
3301,SPNT
3302,SPOK
3303,SPOT
3304,SPRU
3305,SPWH
3306,SPXC
3307,SQQQ
3308,SR
3309,SRE
3310,SRG
3311,SRI
3312,SRTS
3313,SRZN
3314,SSBI
3315,SSNC
3316,STAG
3317,STGW
3318,STIM
3319,STN
3320,STRA
3321,STRW
3322,STRZ
3323,STT
3324,STTK
3325,STUB
3326,STVN
3327,STXS
3328,STZ
3329,SUI
3330,SUNB
3331,SUNC
3332,SUPN
3333,SUZ
3334,SVM
3335,SVRA
3336,SVV
3337,SW
3338,SWX
3339,SXC
3340,SXI
3341,SXT
3342,SY
3343,SYBT
3344,SYF
3345,SYK
3346,SYM
3347,SYNA
3348,SYRE
3349,SYY
3350,T
3351,TASK
3352,TBBB
3353,TBBK
3354,TBCH
3355,TBLA
3356,TCBK
3357,TCBX
3358,TCMD
3359,TCOM
3360,TCPC
3361,TCX
3362,TDC
3363,TDG
3364,TDUP
3365,TDW
3366,TDY
3367,TE
3368,TEAM
3369,TECK
3370,TEL
3371,TENX
3372,TEO
3373,TEX
3374,TFII
3375,TFPM
3376,TFX
3377,TG
3378,TGEN
3379,TGT
3380,TGTX
3381,TH
3382,THC
3383,THFF
3384,THG
3385,THM
3386,THO
3387,THRM
3388,THRY
3389,TIGR
3390,TISI
3391,TKR
3392,TLK
3393,TLS
3394,TM
3395,TME
3396,TMP
3397,TMQ
3398,TNET
3399,TNK
3400,TNL
3401,TNXP
3402,TOL
3403,TONX
3404,TORO
3405,TOST
3406,TOWN
3407,TPB
3408,TQQQ
3409,TR
3410,TRAX
3411,TRDA
3412,TREE
3413,TREO
3414,TREX
3415,TRIN
3416,TRMD
3417,TRMK
3418,TRN
3419,TRNO
3420,TRNS
3421,TROW
3422,TROX
3423,TRP
3424,TRS
3425,TRST
3426,TRT
3427,TRU
3428,TRUP
3429,TRV
3430,TRVG
3431,TS
3432,TSAT
3433,TSCO
3434,TSEM
3435,TSHA
3436,TSLA
3437,TSM
3438,TSN
3439,TSQ
3440,TSSI
3441,TT
3442,TTAM
3443,TTE
3444,TTRX
3445,TU
3446,TVIV
3447,TWI
3448,TXMD
3449,TY
3450,TYRA
3451,TZOO
3452,UA
3453,UAA
3454,UBS
3455,UCTT
3456,UDR
3457,UE
3458,UEC
3459,UEIC
3460,UFPI
3461,UFPT
3462,UGI
3463,UI
3464,UIS
3465,ULBI
3466,ULCC
3467,ULH
3468,ULS
3469,ULTA
3470,UMAC
3471,UMBF
3472,UNB
3473,UNCY
3474,UNM
3475,UPWK
3476,URG
3477,USB
3478,USCB
3479,USFD
3480,USGO
3481,USIO
3482,USPH
3483,UTZ
3484,UUU
3485,UUUU
3486,UVE
3487,UVSP
3488,UVV
3489,UWMC
3490,VABK
3491,VAL
3492,VALE
3493,VALN
3494,VALU
3495,VANI
3496,VC
3497,VCTR
3498,VCYT
3499,VEEV
3500,VET
3501,VFC
3502,VG
3503,VGNT
3504,VICI
3505,VIK
3506,VINP
3507,VIRC
3508,VISN
3509,VIST
3510,VITL
3511,VLO
3512,VLTO
3513,VMI
3514,VMRK
3515,VNT
3516,VOD
3517,VOXR
3518,VOYG
3519,VPG
3520,VRA
3521,VRT
3522,VRTX
3523,VSAT
3524,VSEC
3525,VSH
3526,VSNT
3527,VST
3528,VSTS
3529,VSXY
3530,VTMX
3531,VTOL
3532,VTRS
3533,VTS
3534,VTSI
3535,VVV
3536,VVX
3537,VYGR
3538,VYX
3539,W
3540,WABC
3541,WAL
3542,WAT
3543,WAVE
3544,WAY
3545,WB
3546,WBD
3547,WBI
3548,WCC
3549,WDAY
3550,WDC
3551,WDFC
3552,WDS
3553,WEAV
3554,WEC
3555,WEN
3556,WERN
3557,WES
3558,WEST
3559,WEX
3560,WEYS
3561,WF
3562,WFC
3563,WFG
3564,WFRD
3565,WGO
3566,WGS
3567,WH
3568,WHD
3569,WHF
3570,WHR
3571,WHWK
3572,WINA
3573,WING
3574,WK
3575,WLDN
3576,WLFC
3577,WLK
3578,WLTH
3579,WLY
3580,WM
3581,WMB
3582,WMG
3583,WMS
3584,WMT
3585,WNEB
3586,WOLF
3587,WOOF
3588,WOR
3589,WPC
3590,WPM
3591,WRBY
3592,WRD
3593,WRLD
3594,WRN
3595,WS
3596,WSBC
3597,WSBF
3598,WSC
3599,WSE
3600,WSFS
3601,WSM
3602,WSO
3603,WST
3604,WT
3605,WTBA
3606,WTFC
3607,WTI
3608,WTM
3609,WTRG
3610,WTS
3611,WTW
3612,WWW
3613,XEL
3614,XENE
3615,XERS
3616,XFOR
3617,XGN
3618,XNCR
3619,XOM
3620,XP
3621,XPER
3622,XPEV
3623,XPOF
3624,XPRO
3625,XRX
3626,XYZ
3627,YALA
3628,YETI
3629,YMM
3630,YORW
3631,YOU
3632,YPF
3633,YSG
3634,YSWY
3635,YUM
3636,YUMC
3637,Z
3638,ZBRA
3639,ZD
3640,ZETA
3641,ZG
3642,ZGN
3643,ZH
3644,ZIM
3645,ZION
3646,ZIP
3647,ZLAB
3648,ZM
3649,ZNTL
3650,ZS
3651,ZTO
3652,ZTS
3653,ZUMZ
3654,ZURA
3655,ZVRA
3656,ZWS
3657,ZYME
3658,HLIO
3659,ORN
3660,RNG
3661,SWIM
3662,TTC
3663,TXO
3664,AGNC
3665,DSGR
3666,EQBK
3667,GCBC
3668,KRMN
3669,CSQR
3670,FMC
3671,PHM
3672,ALLO
3673,CNMD
3674,GGB
3675,GTN
3676,HQH
3677,JOYY
3678,ORI
3679,RCI
3680,LOGI
3681,LOMA
3682,JOE
3683,PLOW
3684,RCL
3685,RES
3686,BANC
3687,CC
3688,CCS
3689,CRI
3690,CXW
3691,FSS
3692,INCY
3693,OEC
3694,F
3695,CROX
3696,CSIQ
3697,CSL
3698,CTRE
3699,CTRI
3700,CTSH
3701,CTSO
3702,CUBI
3703,CVBF
3704,CVLT
3705,CVRX
3706,CVS
3707,CWCO
3708,FINV
3709,FIS
3710,BH
3711,CCBG
3712,CVCO
3713,CZWI
3714,DBD
3715,DJCO
3716,MLAB
3717,SEPN
3718,SID
3719,HWBK
3720,LSE
3721,CHE
3722,CWK
3723,ELA
3724,ENR
3725,CLW
3726,FIVE
3727,FIX
3728,FIZZ
3729,ARL
3730,AVLN
3731,BFST
3732,CWBC
3733,DORM
3734,EML
3735,FAST
3736,FBIZ
3737,HWM
3738,IBOC
3739,LIVN
3740,ONIT
3741,ORRF
3742,OSG
3743,SNFCA
3744,TAYD
3745,BVFL
3746,ESE
3747,FFIN
3748,BRO
3749,CB
3750,RBCAA
3751,DNUT
3752,NRIM
3753,AGCO
3754,AROC
3755,CVI
3756,EOG
3757,FATE
3758,NPK
3759,NPWR
3760,NREF
3761,NRGV
3762,NSIT
3763,NSLR
3764,NSSC
3765,NVA
3766,NVAX
3767,BANF
3768,CPK
3769,SAP
3770,ALIT
3771,ASPN
3772,IZEA
3773,MTC
3774,PBHC
3775,TELA
3776,TELO
3777,TIMB
3778,CING
3779,AQN
3780,BOTJ
3781,FFBC
3782,FLOC
3783,FVR
3784,GRBK
3785,QTRX
3786,RGCO
3787,SAH
3788,SI
3789,EVI
3790,ITRG
3791,MS
3792,CVE
3793,DB
3794,AMTM
3795,C
3796,CBNA
3797,OSS
3798,SHIM
3799,SKYA
3800,RKT
3801,VGZ
3802,IMVT
3803,JLL
3804,BRBR
3805,DC
3806,EXEL
3807,FER
3808,CNH
3809,DNN
3810,GHC
3811,IT
3812,HTLD
3813,OSCR
3814,SG
3815,BCS
3816,COMP
3817,ERO
3818,FDS
3819,G
3820,AMBQ
3821,AN
3822,BETA
3823,BMO
3824,AIRS
3825,AIT
3826,AIV
3827,ALGM
3828,ALGN
3829,ALNT
3830,ALNY
3831,AMAL
3832,AMAT
3833,AMZN
3834,ANAB
3835,ANDE
3836,ANET
3837,ARGX
3838,ARHS
3839,ABSI
3840,ATEX
3841,ATHM
3842,ATRO
3843,AU
3844,AUB
3845,AURA
3846,AVIR
3847,AVNW
3848,AVO
3849,AVPT
3850,AVXL
3851,AWI
3852,BCAX
3853,BCBP
3854,BCC
3855,BFLY
3856,BGC
3857,BKE
3858,BKH
3859,BKKT
3860,BKNG
3861,BLDR
3862,BLK
3863,BLKB
3864,BLLN
3865,BLMN
3866,BLSH
3867,BRCB
3868,BRK.B
3869,BRT
3870,BTLN
3871,BTMD
3872,BULL
3873,BUSE
3874,BV
3875,BVN
3876,BVS
3877,CADL
3878,CAKE
3879,CARE
3880,CARR
3881,CEPL
3882,CERS
3883,CERT
3884,CHA
3885,AZN
3886,COGT
3887,COIN
3888,PEBO
3889,COST
3890,COUR
3891,CPRT
3892,CPS
3893,DAVA
3894,DAVE
3895,DRVN
3896,DSGN
3897,DSGX
3898,DUOL
3899,DUOT
3900,EBAY
3901,EBC
3902,ECHO
3903,ECOR
3904,ECPG
3905,ECVT
3906,EEFT
3907,EFX
3908,EFXT
3909,EG
3910,EGO
3911,ELAN
3912,ELF
3913,EMBJ
3914,ENSG
3915,ENTA
3916,ENTG
3917,EVAX
3918,FND
3919,FSBW
3920,FSCO
3921,FSI
3922,FSK
3923,FTK
3924,FTRE
3925,FWONK
3926,FWRD
3927,FWRG
3928,GGAL
3929,GIII
3930,GIL
3931,GILD
3932,GIS
3933,GLIBA
3934,GLIBK
3935,GOOS
3936,GRC
3937,GRWG
3938,GS
3939,GSAT
3940,GSBC
3941,HASI
3942,HAWK
3943,HCSG
3944,HMY
3945,HNRG
3946,HTFL
3947,HTGC
3948,ARM
3949,HYPD
3950,IA
3951,ICFI
3952,ICUI
3953,MAN
3954,INSG
3955,INSP
3956,INSW
3957,INTA
3958,INTC
3959,INTR
3960,IOT
3961,IOVA
3962,IP
3963,IPAR
3964,IRD
3965,IRDM
3966,IRON
3967,JKHY
3968,KC
3969,KLTR
3970,KMB
3971,KMI
3972,KMT
3973,KTCC
3974,LAND
3975,LAR
3976,LASR
3977,LAUR
3978,LEVI
3979,LFCR
3980,LFST
3981,LVO
3982,LVS
3983,LXEO
3984,LYG
3985,LYTS
3986,LYV
3987,LZ
3988,MANE
3989,MANH
3990,MAR
3991,MARA
3992,MAS
3993,MBGL
3994,MCO
3995,MDAI
3996,MFIC
3997,MFIN
3998,MFP
3999,MGPI
4000,MGY
4001,MH
4002,MHK
4003,MIAX
4004,MIRM
4005,MITK
4006,MLCO
4007,MLTX
4008,MNKD
4009,MNPR
4010,MPB
4011,MPTI
4012,MPWR
4013,MTD
4014,MTH
4015,MWA
4016,MZTI
4017,NAGE
4018,NATL
4019,NATR
4020,NAUT
4021,NET
4022,NEXN
4023,NEXT
4024,NHTC
4025,OFLX
4026,PACB
4027,PACS
4028,PANL
4029,PANW
4030,PCTY
4031,PCVX
4032,PCYO
4033,PDS
4034,PECO
4035,PEG
4036,PFLT
4037,PFS
4038,PFSI
4039,PGNY
4040,PLAY
4041,PLX
4042,PLXS
4043,POET
4044,PONY
4045,POR
4046,POWI
4047,PPTA
4048,PUBM
4049,PUK
4050,PUMP
4051,PURR
4052,QDEL
4053,REGN
4054,RELY
4055,RENT
4056,REZI
4057,RPC
4058,RR
4059,SHW
4060,SITE
4061,SITM
4062,SKYW
4063,SMBC
4064,SMR
4065,SMTC
4066,SND
4067,SONO
4068,SOTK
4069,SOUN
4070,SSRM
4071,SSYS
4072,STRO
4073,STRT
4074,TALO
4075,TAP
4076,TLSI
4077,TNDM
4078,TNGX
4079,TPC
4080,TPCS
4081,TPG
4082,TPL
4083,TPR
4084,TRMB
4085,TXN
4086,TXRH
4087,UBER
4088,USAC
4089,USAR
4090,USAS
4091,VHC
4092,VIAV
4093,VMD
4094,VNDA
4095,VNET
4096,XHR
4097,XIFR
4098,XRAY
4099,XRN
4100,XYL
4101,AADX
4102,AAMI
4103,ATKR
4104,FCN
4105,JBS
4106,TIC
4107,ALC
4108,LYNX
4109,BARK
4110,BG
4111,BROS
4112,CAH
4113,CBU
4114,CPNG
4115,ENOV
4116,LION
4117,BFS
4118,GVA
4119,WHG
4120,ATEN
4121,BURL
4122,RBLX
4123,UMH
4124,ALL.PRI
4125,JAN
4126,FIGS
4127,WELL
4128,NEXA
4129,NU
4130,AMPY
4131,AVAV
4132,BAX
4133,GRND
4134,RJF
4135,CNA
4136,COLM
4137,SGI
4138,DDD
4139,DT
4140,ESTC
4141,EVTC
4142,EXC
4143,TER
4144,GBCI
4145,TIGO
4146,GEV
4147,GFR
4148,GLOB
4149,USNA
4150,VENU
4151,VOYA
4152,JBIO
4153,LCII
4154,LENZ
4155,XMTR
4156,AXR
4157,MTDR
4158,NDAQ
4159,PCOR
4160,PPLI
4161,RXST
4162,SOFI
4163,SPHR
4164,TDOC
4165,VIA
4166,VIPS
4167,VRSN
4168,OTIS
4169,VTR
4170,LGCY
4171,VEL
4172,ORGO
4173,CELC
4174,DOCS
4175,EGBN
4176,EMR
4177,FLR
4178,IMTX
4179,NRDS
4180,BWA
4181,EBF
4182,KWR
4183,LHX
4184,OGN
4185,OLN
4186,TAC
4187,AXSM
4188,BA
4189,BCE
4190,JBHT
4191,ANIX
4192,HGTY
4193,MOS
4194,NEWT
4195,NPKI
4196,OGS
4197,VSTM
4198,XBIT
4199,ABEO
4200,ALDX
4201,ARDT
4202,BTG
4203,FIG
4204,FTNT
4205,AD
4206,AIRO
4207,AXGN
4208,BIIB
4209,ETR
4210,NPCE
4211,PRQR
4212,PTON
4213,VAC
4214,WCN
4215,WD
4216,SPRY
4217,WAFD
4218,BNL
4219,CAE
4220,CBNK
4221,CLH
4222,CORT
4223,CRC
4224,CYTK
4225,SBSI
4226,WNC
4227,XPEL
4228,BMA
4229,EVC
4230,IIIN
4231,RYN
4232,SO
4233,TAL
4234,VZLA
4235,LMNR
4236,LMT
4237,LNSR
4238,LNT
4239,LNTH
4240,LOB
4241,LOCO
4242,LOVE
4243,LPA
4244,LTM
4245,LPCN
4246,LPL
4247,LPLA
4248,LPTH
4249,LPX
4250,LQDA
4251,LTRX
4252,AMRZ
4253,ATS
4254,BC
4255,CURV
4256,CVSA
4257,EQT
4258,LRMR
4259,LSCC
4260,MRSH
4261,TRC
4262,AMRC
4263,KBH
4264,JELD
4265,LH
4266,P
4267,PGEN
4268,TD
4269,FANG
4270,CSTE
4271,CSTL
4272,DCH
4273,FCX
4274,BSBK
4275,CTMX
4276,CTO
4277,CTOS
4278,FDMT
4279,FENC
4280,CTVA
4281,CURB
4282,ASR
4283,ATNI
4284,AVBH
4285,TCI
4286,CENT
4287,EIKN
4288,FRAF
4289,FRST
4290,HMH
4291,IRMD
4292,ITIC
4293,KROS
4294,MCBS
4295,MGRC
4296,SGP
4297,MNSB
4298,MPAA
4299,MRBK
4300,MVBF
4301,OVBC
4302,OVLY
4303,PAC
4304,PBAM
4305,PEBK
4306,PKBK
4307,PNRG
4308,RCBC
4309,RMBI
4310,SCHL
4311,SCOR
4312,TWIN
4313,WMK
4314,AMN
4315,AVBC
4316,BAP
4317,BLBD
4318,BNS
4319,BSRR
4320,DDS
4321,FISI
4322,FISV
4323,GFF
4324,GLNG
4325,BLZE
4326,CBK
4327,CFBK
4328,CHCO
4329,CPSS
4330,LOPE
4331,MBWM
4332,MCB
4333,MCS
4334,NBHC
4335,NL
4336,OFIX
4337,GCO
4338,IBCP
4339,ODC
4340,COHR
4341,MFG
4342,NIC
4343,NOAH
4344,AEBI
4345,AEHR
4346,ASLE
4347,BDC
4348,CARG
4349,EME
4350,CIFR
4351,CIGI
4352,CLSK
4353,CMRE
4354,WIX
4355,WPP
4356,WRB
4357,GEL
4358,LZB
4359,NVGS
4360,SSTK
4361,IBN
4362,JOUT
4363,KE
4364,MMI
4365,NGVT
4366,OWLT
4367,NOVT
4368,NOW
4369,NP
4370,NTAP
4371,NTSK
4372,NTWK
4373,NUAI
4374,CVU
4375,IRM
4376,NVCT
4377,NVDA
4378,SVCO
4379,CEVA
4380,ROG
4381,DXC
4382,EPAM
4383,OWL
4384,PTC
4385,Q
4386,OCGN
4387,SPFI
4388,MMS
4389,MTB
4390,CQP
4391,MEOH
4392,SAIH
4393,VYLR
4394,AIR
4395,BBWI
4396,CABO
4397,IRAB
4398,AIRG
4399,ALL.PRH
4400,APWC
4401,AXIN
4402,FOCL
4403,AVEX
4404,MAIN
4405,MKZR
4406,NEXM
4407,VMET
4408,VUZI
4409,SVAQ
4410,TACO
4411,SMFG
4412,EOSE
4413,ESEA
4414,TATT
4415,BCYC
4416,BEEP
4417,FTEK
4418,GLRE
4419,BKV
4420,MINE
4421,SLB
4422,SON
4423,TIPT
4424,ALHC
4425,ARMK
4426,AYI
4427,DBI
4428,GAP
4429,GPN
4430,HOS
4431,HZO
4432,OGE
4433,ASRV
4434,IE
4435,UNF
4436,LUV
4437,MA
4438,MCRI
4439,MLCI
4440,NUS
4441,O
4442,OSK
4443,PSX
4444,SB
4445,SFD
4446,SNDK
4447,ANIK
4448,CNM
4449,FOR
4450,CLVT
4451,PODD
4452,RACE
4453,SSB
4454,PLG
4455,RAVE
4456,RBA
4457,RBB
4458,RBBN
4459,RELL
4460,RGA
4461,RUSHA
4462,SOC
4463,SSD
4464,STEP
4465,TJX
4466,UL
4467,UNP
4468,AAON
4469,ABCL
4470,BAH
4471,BSVN
4472,CIEN
4473,JKS
4474,LSBK
4475,CHCI
4476,GPC
4477,MRK
4478,NAK
4479,NIQ
4480,OVV
4481,PSO
4482,QGEN
4483,SIG
4484,SMRT
4485,DX
4486,EE
4487,ELV
4488,FLO
4489,IAUX
4490,IDA
4491,IQV
4492,JNJ
4493,M
4494,MBC
4495,NRG
4496,RDNT
4497,SMBK
4498,SOR
4499,TDS
4500,IBTA
4501,PAYX
4502,PNR
4503,NXE
4504,AAL
4505,ABCB
4506,ABG
4507,ABM
4508,ABNB
4509,ABOS
4510,ACNB
4511,ACOG
4512,ACR
4513,ACRE
4514,ACTG
4515,ADEA
4516,ADI
4517,ADIG
4518,ADM
4519,ADMA
4520,ADPT
4521,AJG
4522,AKAM
4523,ALGT
4524,ALK
4525,ALKS
4526,ALKT
4527,ALLE
4528,AMBA
4529,AMC
4530,AMCR
4531,AMCX
4532,AMD
4533,AMKR
4534,AMLX
4535,AMP
4536,AMPH
4537,AMPL
4538,AMPX
4539,AMR
4540,AMRN
4541,AMRX
4542,AMSC
4543,AMSF
4544,AMTX
4545,ANRO
4546,ANTX
4547,AOMR
4548,AON
4549,AORT
4550,AOS
4551,AOSL
4552,AOUT
4553,APA
4554,APAM
4555,APC
4556,APEI
4557,APG
4558,APLD
4559,APLE
4560,APO
4561,APOG
4562,APP
4563,APPF
4564,APPN
4565,APPS
4566,APT
4567,APTV
4568,AQST
4569,AR
4570,ARCO
4571,ARQ
4572,ARQT
4573,ARR
4574,ARRY
4575,ARTV
4576,ARVN
4577,ARW
4578,ARWR
4579,ARX
4580,AS
4581,ASB
4582,ASBH
4583,ASH
4584,SPGI
4585,ATLC
4586,ATLO
4587,ATMU
4588,AVX
4589,AWK
4590,BAM
4591,BAND
4592,BATRA
4593,BATRK
4594,BCH
4595,BCML
4596,BCO
4597,BJ
4598,BJRI
4599,BKD
4600,BMNR
4601,BMR
4602,BMRC
4603,BN
4604,BRKR
4605,BRSP
4606,BRUN
4607,BRX
4608,BSET
4609,BSIN
4610,BTBT
4611,BTDR
4612,BTSG
4613,BTU
4614,BUD
4615,CALM
4616,CALY
4617,CARS
4618,CART
4619,CASS
4620,CASY
4621,CCOI
4622,CCSI
4623,CDNA
4624,CDNL
4625,CDNS
4626,CDRE
4627,CDW
4628,CEG
4629,CELH
4630,CENN
4631,CENTA
4632,CENX
4633,CF
4634,CFG
4635,CG
4636,CGAU
4637,CIVB
4638,CL
4639,CLBK
4640,CLBT
4641,CLDX
4642,CMCL
4643,CMCO
4644,CMCSA
4645,CME
4646,CMP
4647,CMPR
4648,CMPS
4649,CMRC
4650,TBI
4651,CMS
4652,CMTL
4653,CNC
4654,CNDT
4655,CNI
4656,CNR
4657,CNVS
4658,CNX
4659,CNXC
4660,CNXN
4661,COCO
4662,COF
4663,COKE
4664,COLB
4665,COLL
4666,CON
4667,COO
4668,COR
4669,CORZ
4670,COYA
4671,CP
4672,CPA
4673,CPAY
4674,CPBI
4675,CYH
4676,CYPH
4677,CZFS
4678,CZNC
4679,CZR
4680,D
4681,DAN
4682,DAR
4683,DD
4684,DDL
4685,DEA
4686,DFH
4687,DFIN
4688,DFTX
4689,DIN
4690,DIS
4691,DKNG
4692,DLB
4693,DLO
4694,DLTH
4695,DLTR
4696,DMAC
4697,DRH
4698,DRI
4699,DRS
4700,DTCX
4701,DTE
4702,DTI
4703,DTIL
4704,DTM
4705,DUK
4706,DXCM
4707,DXPE
4708,ECBK
4709,ECG
4710,ED
4711,EDIT
4712,EDU
4713,ELDN
4714,ELPC
4715,ELS
4716,ELVN
4717,EPRX
4718,EPSN
4719,EQH
4720,EQIX
4721,EQNR
4722,AAOI
4723,EQPT
4724,ERAS
4725,ERIC
4726,ERIE
4727,EW
4728,EWBC
4729,EXPD
4730,EXPE
4731,EXPO
4732,EXR
4733,EXTR
4734,EYE
4735,FNF
4736,FOA
4737,FUTU
4738,FVCB
4739,FVRR
4740,FWDI
4741,FWONA
4742,GEOS
4743,GERN
4744,GEVO
4745,GKOS
4746,GL
4747,GLAS
4748,GLPI
4749,GNK
4750,GNL
4751,GNLX
4752,GNSS
4753,GNTX
4754,GO
4755,GOGO
4756,GOLD
4757,GOLF
4758,GOOGL
4759,GOTU
4760,TWLO
4761,GYRE
4762,H
4763,HAE
4764,HAFC
4765,HAL
4766,HALO
4767,HAPN
4768,HAS
4769,HBAN
4770,HBB
4771,HBM
4772,HDB
4773,HDSN
4774,HE
4775,HEI
4776,HEI.A
4777,HEPS
4778,HESM
4779,HFFG
4780,HFWA
4781,HG
4782,HGV
4783,HHH
4784,HIFS
4785,HIG
4786,HII
4787,HIMS
4788,HIMX
4789,HITI
4790,HIW
4791,HL
4792,HLIT
4793,HLLY
4794,HLMN
4795,HLN
4796,HLNE
4797,HMC
4798,HNST
4799,HOFT
4800,HOG
4801,HOMB
4802,HON
4803,HSAI
4804,HSIC
4805,HSLV
4806,HYFT
4807,HYMC
4808,IDXX
4809,IDYA
4810,IESC
4811,INTU
4812,TRAK
4813,JANX
4814,JAZZ
4815,JBGS
4816,JBI
4817,JBLU
4818,JBTM
4819,JCI
4820,JCTC
4821,JD
4822,JXN
4823,JYNT
4824,KALU
4825,KARO
4826,KBDC
4827,KEEL
4828,KELYA
4829,KEN
4830,KEP
4831,KEX
4832,KEYS
4833,KFY
4834,KGC
4835,KGEI
4836,KGS
4837,KHC
4838,KIM
4839,KINS
4840,KKR
4841,KLAC
4842,KLAR
4843,KLIC
4844,KMX
4845,KN
4846,KNX
4847,KO
4848,KODK
4849,KOF
4850,KOP
4851,KOPN
4852,KTOS
4853,KURA
4854,KWY
4855,KYIV
4856,LADR
4857,LAMR
4858,LAW
4859,LAZ
4860,LB
4861,LCUT
4862,LE
4863,LEA
4864,LECO
4865,LEGH
4866,LEGN
4867,LXFR
4868,LZM
4869,MAA
4870,MAGN
4871,MASS
4872,MAT
4873,MDB
4874,MDGL
4875,MDLZ
4876,MEC
4877,MEDP
4878,MEI
4879,MELI
4880,MICC
4881,MKC
4882,MKSI
4883,MNSO
4884,MRTN
4885,MTLS
4886,MTRX
4887,MTSI
4888,MTX
4889,NAVN
4890,NB
4891,NBBK
4892,NBIX
4893,NEM
4894,NEO
4895,NEOG
4896,NERV
4897,NESR
4898,NGEN
4899,NN
4900,NNBR
4901,NNDM
4902,NNE
4903,NOA
4904,NVST
4905,NVT
4906,NVTS
4907,OBE
4908,OBIO
4909,OBK
4910,OCC
4911,OCFC
4912,OCUL
4913,ODD
4914,ODFL
4915,OFRM
4916,OGC
4917,OGG
4918,OHI
4919,OI
4920,OII
4921,OUT
4922,OXM
4923,OXY
4924,OZK
4925,PAAS
4926,PAG
4927,PAHC
4928,PAL
4929,PAR
4930,PARR
4931,PASG
4932,PATK
4933,PENG
4934,PENN
4935,PESI
4936,PETS
4937,PEW
4938,PI
4939,PM
4940,PMTS
4941,PNFP
4942,PNTG
4943,PR
4944,PRAX
4945,PRCH
4946,PRCT
4947,PRM
4948,PRMB
4949,PROF
4950,PRPL
4951,PRPO
4952,PRTA
4953,PRVA
4954,PSA
4955,PSFE
4956,PSIX
4957,PZZA
4958,QBTS
4959,QCOM
4960,QLYS
4961,QMCO
4962,QNT
4963,QTTB
4964,QURE
4965,RDW
4966,RDY
4967,REAL
4968,REAX
4969,REF
4970,REFI
4971,REG
4972,REPL
4973,REPX
4974,RFIL
4975,RFL
4976,RIGL
4977,RILY
4978,RIOT
4979,RIVN
4980,RNR
4981,RNW
4982,RNXT
4983,ROAD
4984,ROKU
4985,ROP
4986,RPAY
4987,RPD
4988,RPM
4989,RRC
4990,RRGB
4991,RRR
4992,RXRX
4993,RXT
4994,RY
4995,RYAAY
4996,RYTM
4997,SBS
4998,SBSW
4999,SBUX
5000,SEDG
5001,SEER
5002,SEG
5003,SEI
5004,SELF
5005,SENEA
5006,SENS
5007,SERA
5008,SFIX
5009,SGRY
5010,SHLS
5011,SHO
5012,SHOE
5013,SHOO
5014,SKYX
5015,SLAB
5016,SLDB
5017,SLDE
5018,SLDP
5019,SMMT
5020,SMPL
5021,SNDA
5022,SNDX
5023,SNEX
5024,SPCE
5025,SPH
5026,SPIR
5027,SPKL
5028,SPSC
5029,SPT
5030,SQM
5031,SRAD
5032,SRBK
5033,SRCE
5034,SRPT
5035,SRRK
5036,SRTA
5037,SSP
5038,ST
5039,STAA
5040,STBA
5041,STC
5042,STEM
5043,STKS
5044,STLA
5045,STLD
5046,STLN
5047,STM
5048,STNE
5049,STOK
5050,TARA
5051,TARS
5052,TECH
5053,TECX
5054,TEM
5055,TEN
5056,TENB
5057,TEVA
5058,TFC
5059,TFIN
5060,TFSL
5061,TGB
5062,TGLS
5063,TGS
5064,TIL
5065,TILE
5066,TITN
5067,TK
5068,TKC
5069,TKNO
5070,TKO
5071,TLN
5072,TLPH
5073,TLSA
5074,TMC
5075,TMCI
5076,TMDX
5077,TTAN
5078,TTD
5079,TTEC
5080,TTEK
5081,TTGT
5082,TTI
5083,TTMI
5084,TTWO
5085,TUSK
5086,TUYA
5087,TVTX
5088,TW
5089,TWFG
5090,UPBD
5091,UPLD
5092,UPST
5093,URBN
5094,URGN
5095,UROY
5096,USAU
5097,USOI
5098,VATE
5099,VBNK
5100,VCEL
5101,VECO
5102,VERA
5103,VERU
5104,VERX
5105,VFF
5106,VICR
5107,VIP
5108,VIR
5109,VIRT
5110,VIV
5111,VKTX
5112,VLGEA
5113,VLN
5114,VLRS
5115,VLY
5116,VMC
5117,VNOM
5118,VOR
5119,VRCA
5120,VRDN
5121,VREX
5122,VRNS
5123,VRRM
5124,VRSK
5125,WU
5126,WULF
5127,WVE
5128,WWD
5129,WYNN
5130,WYY
5131,XNET
5132,PAYP
5133,STHO
5134,STX
5135,ALLY
5136,VRTS
5137,WFC.PRL
5138,NRXS
5139,OPLN
5140,DHI
5141,AMG
5142,CBZ
5143,GOOG
5144,BTE
5145,FLEX
5146,HAFN
5147,YELP
5148,AER
5149,ABVX
5150,ALL
5151,ARES
5152,WVVI
5153,ARKO
5154,AUGO
5155,AUPH
5156,BWXT
5157,CAI
5158,CNK
5159,SLE
5160,SLGB
5161,FNKO
5162,FSLR
5163,HLI
5164,IEP
5165,KR
5166,METCB
5167,MUSA
5168,KNDI
5169,NFLX
5170,NMIH
5171,PLMK
5172,PLSE
5173,PWRL
5174,GEF.B
5175,PCB
5176,SNDL
5177,SNDR
5178,ZBH
5179,ZBIO
5180,SLG
5181,CSX
5182,FC
5183,FDX
5184,GLDG
5185,DLHC
5186,ACM
5187,WAB
5188,CGEN
5189,GEF
5190,AA
5191,ADC
5192,AVA
5193,CNP
5194,CRM
5195,ETD
5196,HMN
5197,KVYO
5198,RBC
5199,FBP
5200,SKT
5201,KFRC
5202,LTC
5203,LNC
5204,CBFV
5205,CCI
5206,CE
5207,CECO
5208,DECK
5209,DEI
5210,DELL
5211,DEO
5212,DERM
5213,EVMN
5214,FOUR
5215,ADXN
5216,ALLR
5217,EXOD
5218,FEMY
5219,FRSX
5220,FRTT
5221,FTHA
5222,FVAV
5223,FVN
5224,GS.PRC
5225,ISOU
5226,IVAI
5227,IVDA
5228,JF
5229,JYD
5230,JZXN
5231,MRCO
5232,NEXR
5233,NFE
5234,NRXP
5235,OMEX
5236,OXSQ
5237,PLBL
5238,PLCE
5239,RPGL
5240,RTB
5241,SNAL
5242,SONM
5243,SPMC
5244,TKLF
5245,UYSC
5246,VSA
5247,VSME
5248,PBK
5249,PS
5250,QRED
5251,STG
5252,BNKK
5253,VIDA
5254,CCEL
5255,QCRH
5256,BTQ
5257,ISPC
5258,PHI
5259,CNET
5260,AAPG
5261,AIFA
5262,AIFC
5263,BNR
5264,FUBO
5265,GIXI
5266,GNS
5267,GTEC
5268,GTEN
5269,PW
5270,SHOT
5271,SYNX
5272,TNYA
5273,ATHR
5274,PSQH
5275,CIG.C
5276,CLWT
5277,DUKR
5278,FEBO
5279,FLYX
5280,FMAC
5281,FUSB
5282,FUSE
5283,GIGM
5284,GILT
5285,GLP
5286,HIT
5287,IH
5288,IRHO
5289,KSCP
5290,LFS
5291,MRT
5292,MUZE
5293,PRFX
5294,VHCP
5295,GSL
5296,BB
5297,SSL
5298,SPCB
5299,WFCF
5300,CSPI
5301,IMAX
5302,CHH
5303,SANG
5304,CTW
5305,ALV
5306,CKX
5307,IQI
5308,PNAQ
5309,PROV
5310,ABAT
5311,RXO
5312,ACCO
5313,ALG
5314,AMBP
5315,ARTNA
5316,ASA
5317,ASIX
5318,ATI
5319,AUXX
5320,BBCP
5321,BCIC
5322,BGSF
5323,BFAM
5324,BLFS
5325,BMEA
5326,BNT
5327,BOOM
5328,BOX
5329,BUR
5330,CAAS
5331,CAES
5332,CAMT
5333,CBT
5334,CDLR
5335,CLAR
5336,CI
5337,CMBT
5338,CLMT
5339,CODA
5340,COSO
5341,CPAC
5342,CRDL
5343,CSTM
5344,CULP
5345,CVGI
5346,DAL
5347,DE
5348,DNMX
5349,DOLE
5350,DPC
5351,ELMD
5352,EMA
5353,ENGN
5354,ENLT
5355,ESI
5356,EXP
5357,FLWS
5358,FSTR
5359,GAU
5360,GCTS
5361,GNE
5362,GNW
5363,GRO
5364,HBT
5365,ICCC
5366,IHG
5367,IMA
5368,INO
5369,IONQ
5370,ISBA
5371,ITRN
5372,IVR
5373,IVZ
5374,KEYY
5375,KRRO
5376,LAKE
5377,KT
5378,LGL
5379,LII
5380,LSF
5381,LTGO
5382,MAC
5383,MDIA
5384,MMLP
5385,MOB
5386,MOBI
5387,MPV
5388,MRX
5389,MTG
5390,NAT
5391,NINE
5392,NTIC
5393,OCS
5394,OCSL
5395,ONON
5396,ORIO
5397,OTF
5398,PBFS
5399,PDEX
5400,PICS
5401,PMVP
5402,RAL
5403,RDI
5404,RDWR
5405,RDN
5406,RIO
5407,RSVR
5408,SAN
5409,SMWB
5410,SNOA
5411,UAN
5412,UFI
5413,UHAL.B
5414,UXIN
5415,VEON
5416,CSR
5417,FKWL
5418,ATHE
5419,COE
5420,TXNM
5421,AAUC
5422,ENS
5423,INGN
5424,KFFB
5425,INGR
5426,CEPU
5427,RH
5428,HYNE
5429,HURC
5430,AUNA
5431,CNSP
5432,INTS
5433,BOLD
5434,DMII
5435,FMS
5436,GIPR
5437,COCH
5438,HCWB
5439,ACCL
5440,LGHL
5441,NRDY
5442,SCTX
5443,XTIA
5444,AIDX
5445,BUDA
5446,CUB
5447,CUPR
5448,HCIC
5449,LAES
5450,MCHX
5451,TMS
5452,TRGS
5453,UONEK
5454,ZVIA
5455,ENLV
5456,GDHG
5457,HAIN
5458,MRM
5459,MVST
5460,OFS
5461,VMAR
5462,BBAR
5463,CVV
5464,QNCX
5465,TAK
5466,TBN
5467,APVO
5468,GBR
5469,ICON
5470,HOWL
5471,RDGT
5472,MI
5473,WFC.PRY
5474,MOV
5475,ARKR
5476,IHS
5477,KBR
5478,COHN
5479,WY
5480,BKSY
5481,CR
5482,EC
5483,ILMN
5484,JHX
5485,KMPR
5486,ROCK
5487,TXT
5488,WW
5489,SNOW
5490,GRMN
5491,PVH
5492,INAB
5493,HYFM
5494,CHAI
5495,AKA
5496,PLYX
5497,HLP
5498,BLRK
5499,DPU
5500,BVC
5501,TGL
5502,CTS
